CQUAD4,       1,       1,       1,       2,      83,      82,0
CQUAD4,       2,       2,       2,       3,      84,      83,0
CQUAD4,       3,       3,       3,       4,      85,      84,0
CQUAD4,       4,       4,       4,       5,      86,      85,0
CQUAD4,       5,       5,       5,       6,      87,      86,0
CQUAD4,       6,       6,       6,       7,      88,      87,0
CQUAD4,       7,       7,       7,       8,      89,      88,0
CQUAD4,       8,       8,       8,       9,      90,      89,0
CQUAD4,       9,       9,       9,      10,      91,      90,0
CQUAD4,      10,      10,      10,      11,      92,      91,0
CQUAD4,      11,      11,      11,      12,      93,      92,0
CQUAD4,      12,      12,      12,      13,      94,      93,0
CQUAD4,      13,      13,      13,      14,      95,      94,0
CQUAD4,      14,      14,      14,      15,      96,      95,0
CQUAD4,      15,      15,      15,      16,      97,      96,0
CQUAD4,      16,      16,      16,      17,      98,      97,0
CQUAD4,      17,      17,      17,      18,      99,      98,0
CQUAD4,      18,      18,      18,      19,     100,      99,0
CQUAD4,      19,      19,      19,      20,     101,     100,0
CQUAD4,      20,      20,      20,      21,     102,     101,0
CQUAD4,      21,      21,      21,      22,     103,     102,0
CQUAD4,      22,      22,      22,      23,     104,     103,0
CQUAD4,      23,      23,      23,      24,     105,     104,0
CQUAD4,      24,      24,      24,      25,     106,     105,0
CQUAD4,      25,      25,      25,      26,     107,     106,0
CQUAD4,      26,      26,      26,      27,     108,     107,0
CQUAD4,      27,      27,      27,      28,     109,     108,0
CQUAD4,      28,      28,      28,      29,     110,     109,0
CQUAD4,      29,      29,      29,      30,     111,     110,0
CQUAD4,      30,      30,      30,      31,     112,     111,0
CQUAD4,      31,      31,      31,      32,     113,     112,0
CQUAD4,      32,      32,      32,      33,     114,     113,0
CQUAD4,      33,      33,      33,      34,     115,     114,0
CQUAD4,      34,      34,      34,      35,     116,     115,0
CQUAD4,      35,      35,      35,      36,     117,     116,0
CQUAD4,      36,      36,      36,      37,     118,     117,0
CQUAD4,      37,      37,      37,      38,     119,     118,0
CQUAD4,      38,      38,      38,      39,     120,     119,0
CQUAD4,      39,      39,      39,      40,     121,     120,0
CQUAD4,      40,      40,      40,      41,     122,     121,0
CQUAD4,      41,      41,      41,      42,     123,     122,0
CQUAD4,      42,      42,      42,      43,     124,     123,0
CQUAD4,      43,      43,      43,      44,     125,     124,0
CQUAD4,      44,      44,      44,      45,     126,     125,0
CQUAD4,      45,      45,      45,      46,     127,     126,0
CQUAD4,      46,      46,      46,      47,     128,     127,0
CQUAD4,      47,      47,      47,      48,     129,     128,0
CQUAD4,      48,      48,      48,      49,     130,     129,0
CQUAD4,      49,      49,      49,      50,     131,     130,0
CQUAD4,      50,      50,      50,      51,     132,     131,0
CQUAD4,      51,      51,      51,      52,     133,     132,0
CQUAD4,      52,      52,      52,      53,     134,     133,0
CQUAD4,      53,      53,      53,      54,     135,     134,0
CQUAD4,      54,      54,      54,      55,     136,     135,0
CQUAD4,      55,      55,      55,      56,     137,     136,0
CQUAD4,      56,      56,      56,      57,     138,     137,0
CQUAD4,      57,      57,      57,      58,     139,     138,0
CQUAD4,      58,      58,      58,      59,     140,     139,0
CQUAD4,      59,      59,      59,      60,     141,     140,0
CQUAD4,      60,      60,      60,      61,     142,     141,0
CQUAD4,      61,      61,      61,      62,     143,     142,0
CQUAD4,      62,      62,      62,      63,     144,     143,0
CQUAD4,      63,      63,      63,      64,     145,     144,0
CQUAD4,      64,      64,      64,      65,     146,     145,0
CQUAD4,      65,      65,      65,      66,     147,     146,0
CQUAD4,      66,      66,      66,      67,     148,     147,0
CQUAD4,      67,      67,      67,      68,     149,     148,0
CQUAD4,      68,      68,      68,      69,     150,     149,0
CQUAD4,      69,      69,      69,      70,     151,     150,0
CQUAD4,      70,      70,      70,      71,     152,     151,0
CQUAD4,      71,      71,      71,      72,     153,     152,0
CQUAD4,      72,      72,      72,      73,     154,     153,0
CQUAD4,      73,      73,      73,      74,     155,     154,0
CQUAD4,      74,      74,      74,      75,     156,     155,0
CQUAD4,      75,      75,      75,      76,     157,     156,0
CQUAD4,      76,      76,      76,      77,     158,     157,0
CQUAD4,      77,      77,      77,      78,     159,     158,0
CQUAD4,      78,      78,      78,      79,     160,     159,0
CQUAD4,      79,      79,      79,      80,     161,     160,0
CQUAD4,      80,      80,      80,      81,     162,     161,0
CQUAD4,      81,      81,      82,      83,     164,     163,0
CQUAD4,      82,      82,      83,      84,     165,     164,0
CQUAD4,      83,      83,      84,      85,     166,     165,0
CQUAD4,      84,      84,      85,      86,     167,     166,0
CQUAD4,      85,      85,      86,      87,     168,     167,0
CQUAD4,      86,      86,      87,      88,     169,     168,0
CQUAD4,      87,      87,      88,      89,     170,     169,0
CQUAD4,      88,      88,      89,      90,     171,     170,0
CQUAD4,      89,      89,      90,      91,     172,     171,0
CQUAD4,      90,      90,      91,      92,     173,     172,0
CQUAD4,      91,      91,      92,      93,     174,     173,0
CQUAD4,      92,      92,      93,      94,     175,     174,0
CQUAD4,      93,      93,      94,      95,     176,     175,0
CQUAD4,      94,      94,      95,      96,     177,     176,0
CQUAD4,      95,      95,      96,      97,     178,     177,0
CQUAD4,      96,      96,      97,      98,     179,     178,0
CQUAD4,      97,      97,      98,      99,     180,     179,0
CQUAD4,      98,      98,      99,     100,     181,     180,0
CQUAD4,      99,      99,     100,     101,     182,     181,0
CQUAD4,     100,     100,     101,     102,     183,     182,0
CQUAD4,     101,     101,     102,     103,     184,     183,0
CQUAD4,     102,     102,     103,     104,     185,     184,0
CQUAD4,     103,     103,     104,     105,     186,     185,0
CQUAD4,     104,     104,     105,     106,     187,     186,0
CQUAD4,     105,     105,     106,     107,     188,     187,0
CQUAD4,     106,     106,     107,     108,     189,     188,0
CQUAD4,     107,     107,     108,     109,     190,     189,0
CQUAD4,     108,     108,     109,     110,     191,     190,0
CQUAD4,     109,     109,     110,     111,     192,     191,0
CQUAD4,     110,     110,     111,     112,     193,     192,0
CQUAD4,     111,     111,     112,     113,     194,     193,0
CQUAD4,     112,     112,     113,     114,     195,     194,0
CQUAD4,     113,     113,     114,     115,     196,     195,0
CQUAD4,     114,     114,     115,     116,     197,     196,0
CQUAD4,     115,     115,     116,     117,     198,     197,0
CQUAD4,     116,     116,     117,     118,     199,     198,0
CQUAD4,     117,     117,     118,     119,     200,     199,0
CQUAD4,     118,     118,     119,     120,     201,     200,0
CQUAD4,     119,     119,     120,     121,     202,     201,0
CQUAD4,     120,     120,     121,     122,     203,     202,0
CQUAD4,     121,     121,     122,     123,     204,     203,0
CQUAD4,     122,     122,     123,     124,     205,     204,0
CQUAD4,     123,     123,     124,     125,     206,     205,0
CQUAD4,     124,     124,     125,     126,     207,     206,0
CQUAD4,     125,     125,     126,     127,     208,     207,0
CQUAD4,     126,     126,     127,     128,     209,     208,0
CQUAD4,     127,     127,     128,     129,     210,     209,0
CQUAD4,     128,     128,     129,     130,     211,     210,0
CQUAD4,     129,     129,     130,     131,     212,     211,0
CQUAD4,     130,     130,     131,     132,     213,     212,0
CQUAD4,     131,     131,     132,     133,     214,     213,0
CQUAD4,     132,     132,     133,     134,     215,     214,0
CQUAD4,     133,     133,     134,     135,     216,     215,0
CQUAD4,     134,     134,     135,     136,     217,     216,0
CQUAD4,     135,     135,     136,     137,     218,     217,0
CQUAD4,     136,     136,     137,     138,     219,     218,0
CQUAD4,     137,     137,     138,     139,     220,     219,0
CQUAD4,     138,     138,     139,     140,     221,     220,0
CQUAD4,     139,     139,     140,     141,     222,     221,0
CQUAD4,     140,     140,     141,     142,     223,     222,0
CQUAD4,     141,     141,     142,     143,     224,     223,0
CQUAD4,     142,     142,     143,     144,     225,     224,0
CQUAD4,     143,     143,     144,     145,     226,     225,0
CQUAD4,     144,     144,     145,     146,     227,     226,0
CQUAD4,     145,     145,     146,     147,     228,     227,0
CQUAD4,     146,     146,     147,     148,     229,     228,0
CQUAD4,     147,     147,     148,     149,     230,     229,0
CQUAD4,     148,     148,     149,     150,     231,     230,0
CQUAD4,     149,     149,     150,     151,     232,     231,0
CQUAD4,     150,     150,     151,     152,     233,     232,0
CQUAD4,     151,     151,     152,     153,     234,     233,0
CQUAD4,     152,     152,     153,     154,     235,     234,0
CQUAD4,     153,     153,     154,     155,     236,     235,0
CQUAD4,     154,     154,     155,     156,     237,     236,0
CQUAD4,     155,     155,     156,     157,     238,     237,0
CQUAD4,     156,     156,     157,     158,     239,     238,0
CQUAD4,     157,     157,     158,     159,     240,     239,0
CQUAD4,     158,     158,     159,     160,     241,     240,0
CQUAD4,     159,     159,     160,     161,     242,     241,0
CQUAD4,     160,     160,     161,     162,     243,     242,0
CQUAD4,     161,     161,     163,     164,     245,     244,0
CQUAD4,     162,     162,     164,     165,     246,     245,0
CQUAD4,     163,     163,     165,     166,     247,     246,0
CQUAD4,     164,     164,     166,     167,     248,     247,0
CQUAD4,     165,     165,     167,     168,     249,     248,0
CQUAD4,     166,     166,     168,     169,     250,     249,0
CQUAD4,     167,     167,     169,     170,     251,     250,0
CQUAD4,     168,     168,     170,     171,     252,     251,0
CQUAD4,     169,     169,     171,     172,     253,     252,0
CQUAD4,     170,     170,     172,     173,     254,     253,0
CQUAD4,     171,     171,     173,     174,     255,     254,0
CQUAD4,     172,     172,     174,     175,     256,     255,0
CQUAD4,     173,     173,     175,     176,     257,     256,0
CQUAD4,     174,     174,     176,     177,     258,     257,0
CQUAD4,     175,     175,     177,     178,     259,     258,0
CQUAD4,     176,     176,     178,     179,     260,     259,0
CQUAD4,     177,     177,     179,     180,     261,     260,0
CQUAD4,     178,     178,     180,     181,     262,     261,0
CQUAD4,     179,     179,     181,     182,     263,     262,0
CQUAD4,     180,     180,     182,     183,     264,     263,0
CQUAD4,     181,     181,     183,     184,     265,     264,0
CQUAD4,     182,     182,     184,     185,     266,     265,0
CQUAD4,     183,     183,     185,     186,     267,     266,0
CQUAD4,     184,     184,     186,     187,     268,     267,0
CQUAD4,     185,     185,     187,     188,     269,     268,0
CQUAD4,     186,     186,     188,     189,     270,     269,0
CQUAD4,     187,     187,     189,     190,     271,     270,0
CQUAD4,     188,     188,     190,     191,     272,     271,0
CQUAD4,     189,     189,     191,     192,     273,     272,0
CQUAD4,     190,     190,     192,     193,     274,     273,0
CQUAD4,     191,     191,     193,     194,     275,     274,0
CQUAD4,     192,     192,     194,     195,     276,     275,0
CQUAD4,     193,     193,     195,     196,     277,     276,0
CQUAD4,     194,     194,     196,     197,     278,     277,0
CQUAD4,     195,     195,     197,     198,     279,     278,0
CQUAD4,     196,     196,     198,     199,     280,     279,0
CQUAD4,     197,     197,     199,     200,     281,     280,0
CQUAD4,     198,     198,     200,     201,     282,     281,0
CQUAD4,     199,     199,     201,     202,     283,     282,0
CQUAD4,     200,     200,     202,     203,     284,     283,0
CQUAD4,     201,     201,     203,     204,     285,     284,0
CQUAD4,     202,     202,     204,     205,     286,     285,0
CQUAD4,     203,     203,     205,     206,     287,     286,0
CQUAD4,     204,     204,     206,     207,     288,     287,0
CQUAD4,     205,     205,     207,     208,     289,     288,0
CQUAD4,     206,     206,     208,     209,     290,     289,0
CQUAD4,     207,     207,     209,     210,     291,     290,0
CQUAD4,     208,     208,     210,     211,     292,     291,0
CQUAD4,     209,     209,     211,     212,     293,     292,0
CQUAD4,     210,     210,     212,     213,     294,     293,0
CQUAD4,     211,     211,     213,     214,     295,     294,0
CQUAD4,     212,     212,     214,     215,     296,     295,0
CQUAD4,     213,     213,     215,     216,     297,     296,0
CQUAD4,     214,     214,     216,     217,     298,     297,0
CQUAD4,     215,     215,     217,     218,     299,     298,0
CQUAD4,     216,     216,     218,     219,     300,     299,0
CQUAD4,     217,     217,     219,     220,     301,     300,0
CQUAD4,     218,     218,     220,     221,     302,     301,0
CQUAD4,     219,     219,     221,     222,     303,     302,0
CQUAD4,     220,     220,     222,     223,     304,     303,0
CQUAD4,     221,     221,     223,     224,     305,     304,0
CQUAD4,     222,     222,     224,     225,     306,     305,0
CQUAD4,     223,     223,     225,     226,     307,     306,0
CQUAD4,     224,     224,     226,     227,     308,     307,0
CQUAD4,     225,     225,     227,     228,     309,     308,0
CQUAD4,     226,     226,     228,     229,     310,     309,0
CQUAD4,     227,     227,     229,     230,     311,     310,0
CQUAD4,     228,     228,     230,     231,     312,     311,0
CQUAD4,     229,     229,     231,     232,     313,     312,0
CQUAD4,     230,     230,     232,     233,     314,     313,0
CQUAD4,     231,     231,     233,     234,     315,     314,0
CQUAD4,     232,     232,     234,     235,     316,     315,0
CQUAD4,     233,     233,     235,     236,     317,     316,0
CQUAD4,     234,     234,     236,     237,     318,     317,0
CQUAD4,     235,     235,     237,     238,     319,     318,0
CQUAD4,     236,     236,     238,     239,     320,     319,0
CQUAD4,     237,     237,     239,     240,     321,     320,0
CQUAD4,     238,     238,     240,     241,     322,     321,0
CQUAD4,     239,     239,     241,     242,     323,     322,0
CQUAD4,     240,     240,     242,     243,     324,     323,0
CQUAD4,     241,     241,     244,     245,     326,     325,0
CQUAD4,     242,     242,     245,     246,     327,     326,0
CQUAD4,     243,     243,     246,     247,     328,     327,0
CQUAD4,     244,     244,     247,     248,     329,     328,0
CQUAD4,     245,     245,     248,     249,     330,     329,0
CQUAD4,     246,     246,     249,     250,     331,     330,0
CQUAD4,     247,     247,     250,     251,     332,     331,0
CQUAD4,     248,     248,     251,     252,     333,     332,0
CQUAD4,     249,     249,     252,     253,     334,     333,0
CQUAD4,     250,     250,     253,     254,     335,     334,0
CQUAD4,     251,     251,     254,     255,     336,     335,0
CQUAD4,     252,     252,     255,     256,     337,     336,0
CQUAD4,     253,     253,     256,     257,     338,     337,0
CQUAD4,     254,     254,     257,     258,     339,     338,0
CQUAD4,     255,     255,     258,     259,     340,     339,0
CQUAD4,     256,     256,     259,     260,     341,     340,0
CQUAD4,     257,     257,     260,     261,     342,     341,0
CQUAD4,     258,     258,     261,     262,     343,     342,0
CQUAD4,     259,     259,     262,     263,     344,     343,0
CQUAD4,     260,     260,     263,     264,     345,     344,0
CQUAD4,     261,     261,     264,     265,     346,     345,0
CQUAD4,     262,     262,     265,     266,     347,     346,0
CQUAD4,     263,     263,     266,     267,     348,     347,0
CQUAD4,     264,     264,     267,     268,     349,     348,0
CQUAD4,     265,     265,     268,     269,     350,     349,0
CQUAD4,     266,     266,     269,     270,     351,     350,0
CQUAD4,     267,     267,     270,     271,     352,     351,0
CQUAD4,     268,     268,     271,     272,     353,     352,0
CQUAD4,     269,     269,     272,     273,     354,     353,0
CQUAD4,     270,     270,     273,     274,     355,     354,0
CQUAD4,     271,     271,     274,     275,     356,     355,0
CQUAD4,     272,     272,     275,     276,     357,     356,0
CQUAD4,     273,     273,     276,     277,     358,     357,0
CQUAD4,     274,     274,     277,     278,     359,     358,0
CQUAD4,     275,     275,     278,     279,     360,     359,0
CQUAD4,     276,     276,     279,     280,     361,     360,0
CQUAD4,     277,     277,     280,     281,     362,     361,0
CQUAD4,     278,     278,     281,     282,     363,     362,0
CQUAD4,     279,     279,     282,     283,     364,     363,0
CQUAD4,     280,     280,     283,     284,     365,     364,0
CQUAD4,     281,     281,     284,     285,     366,     365,0
CQUAD4,     282,     282,     285,     286,     367,     366,0
CQUAD4,     283,     283,     286,     287,     368,     367,0
CQUAD4,     284,     284,     287,     288,     369,     368,0
CQUAD4,     285,     285,     288,     289,     370,     369,0
CQUAD4,     286,     286,     289,     290,     371,     370,0
CQUAD4,     287,     287,     290,     291,     372,     371,0
CQUAD4,     288,     288,     291,     292,     373,     372,0
CQUAD4,     289,     289,     292,     293,     374,     373,0
CQUAD4,     290,     290,     293,     294,     375,     374,0
CQUAD4,     291,     291,     294,     295,     376,     375,0
CQUAD4,     292,     292,     295,     296,     377,     376,0
CQUAD4,     293,     293,     296,     297,     378,     377,0
CQUAD4,     294,     294,     297,     298,     379,     378,0
CQUAD4,     295,     295,     298,     299,     380,     379,0
CQUAD4,     296,     296,     299,     300,     381,     380,0
CQUAD4,     297,     297,     300,     301,     382,     381,0
CQUAD4,     298,     298,     301,     302,     383,     382,0
CQUAD4,     299,     299,     302,     303,     384,     383,0
CQUAD4,     300,     300,     303,     304,     385,     384,0
CQUAD4,     301,     301,     304,     305,     386,     385,0
CQUAD4,     302,     302,     305,     306,     387,     386,0
CQUAD4,     303,     303,     306,     307,     388,     387,0
CQUAD4,     304,     304,     307,     308,     389,     388,0
CQUAD4,     305,     305,     308,     309,     390,     389,0
CQUAD4,     306,     306,     309,     310,     391,     390,0
CQUAD4,     307,     307,     310,     311,     392,     391,0
CQUAD4,     308,     308,     311,     312,     393,     392,0
CQUAD4,     309,     309,     312,     313,     394,     393,0
CQUAD4,     310,     310,     313,     314,     395,     394,0
CQUAD4,     311,     311,     314,     315,     396,     395,0
CQUAD4,     312,     312,     315,     316,     397,     396,0
CQUAD4,     313,     313,     316,     317,     398,     397,0
CQUAD4,     314,     314,     317,     318,     399,     398,0
CQUAD4,     315,     315,     318,     319,     400,     399,0
CQUAD4,     316,     316,     319,     320,     401,     400,0
CQUAD4,     317,     317,     320,     321,     402,     401,0
CQUAD4,     318,     318,     321,     322,     403,     402,0
CQUAD4,     319,     319,     322,     323,     404,     403,0
CQUAD4,     320,     320,     323,     324,     405,     404,0
CQUAD4,     321,     321,     325,     326,     407,     406,0
CQUAD4,     322,     322,     326,     327,     408,     407,0
CQUAD4,     323,     323,     327,     328,     409,     408,0
CQUAD4,     324,     324,     328,     329,     410,     409,0
CQUAD4,     325,     325,     329,     330,     411,     410,0
CQUAD4,     326,     326,     330,     331,     412,     411,0
CQUAD4,     327,     327,     331,     332,     413,     412,0
CQUAD4,     328,     328,     332,     333,     414,     413,0
CQUAD4,     329,     329,     333,     334,     415,     414,0
CQUAD4,     330,     330,     334,     335,     416,     415,0
CQUAD4,     331,     331,     335,     336,     417,     416,0
CQUAD4,     332,     332,     336,     337,     418,     417,0
CQUAD4,     333,     333,     337,     338,     419,     418,0
CQUAD4,     334,     334,     338,     339,     420,     419,0
CQUAD4,     335,     335,     339,     340,     421,     420,0
CQUAD4,     336,     336,     340,     341,     422,     421,0
CQUAD4,     337,     337,     341,     342,     423,     422,0
CQUAD4,     338,     338,     342,     343,     424,     423,0
CQUAD4,     339,     339,     343,     344,     425,     424,0
CQUAD4,     340,     340,     344,     345,     426,     425,0
CQUAD4,     341,     341,     345,     346,     427,     426,0
CQUAD4,     342,     342,     346,     347,     428,     427,0
CQUAD4,     343,     343,     347,     348,     429,     428,0
CQUAD4,     344,     344,     348,     349,     430,     429,0
CQUAD4,     345,     345,     349,     350,     431,     430,0
CQUAD4,     346,     346,     350,     351,     432,     431,0
CQUAD4,     347,     347,     351,     352,     433,     432,0
CQUAD4,     348,     348,     352,     353,     434,     433,0
CQUAD4,     349,     349,     353,     354,     435,     434,0
CQUAD4,     350,     350,     354,     355,     436,     435,0
CQUAD4,     351,     351,     355,     356,     437,     436,0
CQUAD4,     352,     352,     356,     357,     438,     437,0
CQUAD4,     353,     353,     357,     358,     439,     438,0
CQUAD4,     354,     354,     358,     359,     440,     439,0
CQUAD4,     355,     355,     359,     360,     441,     440,0
CQUAD4,     356,     356,     360,     361,     442,     441,0
CQUAD4,     357,     357,     361,     362,     443,     442,0
CQUAD4,     358,     358,     362,     363,     444,     443,0
CQUAD4,     359,     359,     363,     364,     445,     444,0
CQUAD4,     360,     360,     364,     365,     446,     445,0
CQUAD4,     361,     361,     365,     366,     447,     446,0
CQUAD4,     362,     362,     366,     367,     448,     447,0
CQUAD4,     363,     363,     367,     368,     449,     448,0
CQUAD4,     364,     364,     368,     369,     450,     449,0
CQUAD4,     365,     365,     369,     370,     451,     450,0
CQUAD4,     366,     366,     370,     371,     452,     451,0
CQUAD4,     367,     367,     371,     372,     453,     452,0
CQUAD4,     368,     368,     372,     373,     454,     453,0
CQUAD4,     369,     369,     373,     374,     455,     454,0
CQUAD4,     370,     370,     374,     375,     456,     455,0
CQUAD4,     371,     371,     375,     376,     457,     456,0
CQUAD4,     372,     372,     376,     377,     458,     457,0
CQUAD4,     373,     373,     377,     378,     459,     458,0
CQUAD4,     374,     374,     378,     379,     460,     459,0
CQUAD4,     375,     375,     379,     380,     461,     460,0
CQUAD4,     376,     376,     380,     381,     462,     461,0
CQUAD4,     377,     377,     381,     382,     463,     462,0
CQUAD4,     378,     378,     382,     383,     464,     463,0
CQUAD4,     379,     379,     383,     384,     465,     464,0
CQUAD4,     380,     380,     384,     385,     466,     465,0
CQUAD4,     381,     381,     385,     386,     467,     466,0
CQUAD4,     382,     382,     386,     387,     468,     467,0
CQUAD4,     383,     383,     387,     388,     469,     468,0
CQUAD4,     384,     384,     388,     389,     470,     469,0
CQUAD4,     385,     385,     389,     390,     471,     470,0
CQUAD4,     386,     386,     390,     391,     472,     471,0
CQUAD4,     387,     387,     391,     392,     473,     472,0
CQUAD4,     388,     388,     392,     393,     474,     473,0
CQUAD4,     389,     389,     393,     394,     475,     474,0
CQUAD4,     390,     390,     394,     395,     476,     475,0
CQUAD4,     391,     391,     395,     396,     477,     476,0
CQUAD4,     392,     392,     396,     397,     478,     477,0
CQUAD4,     393,     393,     397,     398,     479,     478,0
CQUAD4,     394,     394,     398,     399,     480,     479,0
CQUAD4,     395,     395,     399,     400,     481,     480,0
CQUAD4,     396,     396,     400,     401,     482,     481,0
CQUAD4,     397,     397,     401,     402,     483,     482,0
CQUAD4,     398,     398,     402,     403,     484,     483,0
CQUAD4,     399,     399,     403,     404,     485,     484,0
CQUAD4,     400,     400,     404,     405,     486,     485,0
CQUAD4,     401,     401,     406,     407,     488,     487,0
CQUAD4,     402,     402,     407,     408,     489,     488,0
CQUAD4,     403,     403,     408,     409,     490,     489,0
CQUAD4,     404,     404,     409,     410,     491,     490,0
CQUAD4,     405,     405,     410,     411,     492,     491,0
CQUAD4,     406,     406,     411,     412,     493,     492,0
CQUAD4,     407,     407,     412,     413,     494,     493,0
CQUAD4,     408,     408,     413,     414,     495,     494,0
CQUAD4,     409,     409,     414,     415,     496,     495,0
CQUAD4,     410,     410,     415,     416,     497,     496,0
CQUAD4,     411,     411,     416,     417,     498,     497,0
CQUAD4,     412,     412,     417,     418,     499,     498,0
CQUAD4,     413,     413,     418,     419,     500,     499,0
CQUAD4,     414,     414,     419,     420,     501,     500,0
CQUAD4,     415,     415,     420,     421,     502,     501,0
CQUAD4,     416,     416,     421,     422,     503,     502,0
CQUAD4,     417,     417,     422,     423,     504,     503,0
CQUAD4,     418,     418,     423,     424,     505,     504,0
CQUAD4,     419,     419,     424,     425,     506,     505,0
CQUAD4,     420,     420,     425,     426,     507,     506,0
CQUAD4,     421,     421,     426,     427,     508,     507,0
CQUAD4,     422,     422,     427,     428,     509,     508,0
CQUAD4,     423,     423,     428,     429,     510,     509,0
CQUAD4,     424,     424,     429,     430,     511,     510,0
CQUAD4,     425,     425,     430,     431,     512,     511,0
CQUAD4,     426,     426,     431,     432,     513,     512,0
CQUAD4,     427,     427,     432,     433,     514,     513,0
CQUAD4,     428,     428,     433,     434,     515,     514,0
CQUAD4,     429,     429,     434,     435,     516,     515,0
CQUAD4,     430,     430,     435,     436,     517,     516,0
CQUAD4,     431,     431,     436,     437,     518,     517,0
CQUAD4,     432,     432,     437,     438,     519,     518,0
CQUAD4,     433,     433,     438,     439,     520,     519,0
CQUAD4,     434,     434,     439,     440,     521,     520,0
CQUAD4,     435,     435,     440,     441,     522,     521,0
CQUAD4,     436,     436,     441,     442,     523,     522,0
CQUAD4,     437,     437,     442,     443,     524,     523,0
CQUAD4,     438,     438,     443,     444,     525,     524,0
CQUAD4,     439,     439,     444,     445,     526,     525,0
CQUAD4,     440,     440,     445,     446,     527,     526,0
CQUAD4,     441,     441,     446,     447,     528,     527,0
CQUAD4,     442,     442,     447,     448,     529,     528,0
CQUAD4,     443,     443,     448,     449,     530,     529,0
CQUAD4,     444,     444,     449,     450,     531,     530,0
CQUAD4,     445,     445,     450,     451,     532,     531,0
CQUAD4,     446,     446,     451,     452,     533,     532,0
CQUAD4,     447,     447,     452,     453,     534,     533,0
CQUAD4,     448,     448,     453,     454,     535,     534,0
CQUAD4,     449,     449,     454,     455,     536,     535,0
CQUAD4,     450,     450,     455,     456,     537,     536,0
CQUAD4,     451,     451,     456,     457,     538,     537,0
CQUAD4,     452,     452,     457,     458,     539,     538,0
CQUAD4,     453,     453,     458,     459,     540,     539,0
CQUAD4,     454,     454,     459,     460,     541,     540,0
CQUAD4,     455,     455,     460,     461,     542,     541,0
CQUAD4,     456,     456,     461,     462,     543,     542,0
CQUAD4,     457,     457,     462,     463,     544,     543,0
CQUAD4,     458,     458,     463,     464,     545,     544,0
CQUAD4,     459,     459,     464,     465,     546,     545,0
CQUAD4,     460,     460,     465,     466,     547,     546,0
CQUAD4,     461,     461,     466,     467,     548,     547,0
CQUAD4,     462,     462,     467,     468,     549,     548,0
CQUAD4,     463,     463,     468,     469,     550,     549,0
CQUAD4,     464,     464,     469,     470,     551,     550,0
CQUAD4,     465,     465,     470,     471,     552,     551,0
CQUAD4,     466,     466,     471,     472,     553,     552,0
CQUAD4,     467,     467,     472,     473,     554,     553,0
CQUAD4,     468,     468,     473,     474,     555,     554,0
CQUAD4,     469,     469,     474,     475,     556,     555,0
CQUAD4,     470,     470,     475,     476,     557,     556,0
CQUAD4,     471,     471,     476,     477,     558,     557,0
CQUAD4,     472,     472,     477,     478,     559,     558,0
CQUAD4,     473,     473,     478,     479,     560,     559,0
CQUAD4,     474,     474,     479,     480,     561,     560,0
CQUAD4,     475,     475,     480,     481,     562,     561,0
CQUAD4,     476,     476,     481,     482,     563,     562,0
CQUAD4,     477,     477,     482,     483,     564,     563,0
CQUAD4,     478,     478,     483,     484,     565,     564,0
CQUAD4,     479,     479,     484,     485,     566,     565,0
CQUAD4,     480,     480,     485,     486,     567,     566,0
CQUAD4,     481,     481,     487,     488,     569,     568,0
CQUAD4,     482,     482,     488,     489,     570,     569,0
CQUAD4,     483,     483,     489,     490,     571,     570,0
CQUAD4,     484,     484,     490,     491,     572,     571,0
CQUAD4,     485,     485,     491,     492,     573,     572,0
CQUAD4,     486,     486,     492,     493,     574,     573,0
CQUAD4,     487,     487,     493,     494,     575,     574,0
CQUAD4,     488,     488,     494,     495,     576,     575,0
CQUAD4,     489,     489,     495,     496,     577,     576,0
CQUAD4,     490,     490,     496,     497,     578,     577,0
CQUAD4,     491,     491,     497,     498,     579,     578,0
CQUAD4,     492,     492,     498,     499,     580,     579,0
CQUAD4,     493,     493,     499,     500,     581,     580,0
CQUAD4,     494,     494,     500,     501,     582,     581,0
CQUAD4,     495,     495,     501,     502,     583,     582,0
CQUAD4,     496,     496,     502,     503,     584,     583,0
CQUAD4,     497,     497,     503,     504,     585,     584,0
CQUAD4,     498,     498,     504,     505,     586,     585,0
CQUAD4,     499,     499,     505,     506,     587,     586,0
CQUAD4,     500,     500,     506,     507,     588,     587,0
CQUAD4,     501,     501,     507,     508,     589,     588,0
CQUAD4,     502,     502,     508,     509,     590,     589,0
CQUAD4,     503,     503,     509,     510,     591,     590,0
CQUAD4,     504,     504,     510,     511,     592,     591,0
CQUAD4,     505,     505,     511,     512,     593,     592,0
CQUAD4,     506,     506,     512,     513,     594,     593,0
CQUAD4,     507,     507,     513,     514,     595,     594,0
CQUAD4,     508,     508,     514,     515,     596,     595,0
CQUAD4,     509,     509,     515,     516,     597,     596,0
CQUAD4,     510,     510,     516,     517,     598,     597,0
CQUAD4,     511,     511,     517,     518,     599,     598,0
CQUAD4,     512,     512,     518,     519,     600,     599,0
CQUAD4,     513,     513,     519,     520,     601,     600,0
CQUAD4,     514,     514,     520,     521,     602,     601,0
CQUAD4,     515,     515,     521,     522,     603,     602,0
CQUAD4,     516,     516,     522,     523,     604,     603,0
CQUAD4,     517,     517,     523,     524,     605,     604,0
CQUAD4,     518,     518,     524,     525,     606,     605,0
CQUAD4,     519,     519,     525,     526,     607,     606,0
CQUAD4,     520,     520,     526,     527,     608,     607,0
CQUAD4,     521,     521,     527,     528,     609,     608,0
CQUAD4,     522,     522,     528,     529,     610,     609,0
CQUAD4,     523,     523,     529,     530,     611,     610,0
CQUAD4,     524,     524,     530,     531,     612,     611,0
CQUAD4,     525,     525,     531,     532,     613,     612,0
CQUAD4,     526,     526,     532,     533,     614,     613,0
CQUAD4,     527,     527,     533,     534,     615,     614,0
CQUAD4,     528,     528,     534,     535,     616,     615,0
CQUAD4,     529,     529,     535,     536,     617,     616,0
CQUAD4,     530,     530,     536,     537,     618,     617,0
CQUAD4,     531,     531,     537,     538,     619,     618,0
CQUAD4,     532,     532,     538,     539,     620,     619,0
CQUAD4,     533,     533,     539,     540,     621,     620,0
CQUAD4,     534,     534,     540,     541,     622,     621,0
CQUAD4,     535,     535,     541,     542,     623,     622,0
CQUAD4,     536,     536,     542,     543,     624,     623,0
CQUAD4,     537,     537,     543,     544,     625,     624,0
CQUAD4,     538,     538,     544,     545,     626,     625,0
CQUAD4,     539,     539,     545,     546,     627,     626,0
CQUAD4,     540,     540,     546,     547,     628,     627,0
CQUAD4,     541,     541,     547,     548,     629,     628,0
CQUAD4,     542,     542,     548,     549,     630,     629,0
CQUAD4,     543,     543,     549,     550,     631,     630,0
CQUAD4,     544,     544,     550,     551,     632,     631,0
CQUAD4,     545,     545,     551,     552,     633,     632,0
CQUAD4,     546,     546,     552,     553,     634,     633,0
CQUAD4,     547,     547,     553,     554,     635,     634,0
CQUAD4,     548,     548,     554,     555,     636,     635,0
CQUAD4,     549,     549,     555,     556,     637,     636,0
CQUAD4,     550,     550,     556,     557,     638,     637,0
CQUAD4,     551,     551,     557,     558,     639,     638,0
CQUAD4,     552,     552,     558,     559,     640,     639,0
CQUAD4,     553,     553,     559,     560,     641,     640,0
CQUAD4,     554,     554,     560,     561,     642,     641,0
CQUAD4,     555,     555,     561,     562,     643,     642,0
CQUAD4,     556,     556,     562,     563,     644,     643,0
CQUAD4,     557,     557,     563,     564,     645,     644,0
CQUAD4,     558,     558,     564,     565,     646,     645,0
CQUAD4,     559,     559,     565,     566,     647,     646,0
CQUAD4,     560,     560,     566,     567,     648,     647,0
CQUAD4,     561,     561,     568,     569,     650,     649,0
CQUAD4,     562,     562,     569,     570,     651,     650,0
CQUAD4,     563,     563,     570,     571,     652,     651,0
CQUAD4,     564,     564,     571,     572,     653,     652,0
CQUAD4,     565,     565,     572,     573,     654,     653,0
CQUAD4,     566,     566,     573,     574,     655,     654,0
CQUAD4,     567,     567,     574,     575,     656,     655,0
CQUAD4,     568,     568,     575,     576,     657,     656,0
CQUAD4,     569,     569,     576,     577,     658,     657,0
CQUAD4,     570,     570,     577,     578,     659,     658,0
CQUAD4,     571,     571,     578,     579,     660,     659,0
CQUAD4,     572,     572,     579,     580,     661,     660,0
CQUAD4,     573,     573,     580,     581,     662,     661,0
CQUAD4,     574,     574,     581,     582,     663,     662,0
CQUAD4,     575,     575,     582,     583,     664,     663,0
CQUAD4,     576,     576,     583,     584,     665,     664,0
CQUAD4,     577,     577,     584,     585,     666,     665,0
CQUAD4,     578,     578,     585,     586,     667,     666,0
CQUAD4,     579,     579,     586,     587,     668,     667,0
CQUAD4,     580,     580,     587,     588,     669,     668,0
CQUAD4,     581,     581,     588,     589,     670,     669,0
CQUAD4,     582,     582,     589,     590,     671,     670,0
CQUAD4,     583,     583,     590,     591,     672,     671,0
CQUAD4,     584,     584,     591,     592,     673,     672,0
CQUAD4,     585,     585,     592,     593,     674,     673,0
CQUAD4,     586,     586,     593,     594,     675,     674,0
CQUAD4,     587,     587,     594,     595,     676,     675,0
CQUAD4,     588,     588,     595,     596,     677,     676,0
CQUAD4,     589,     589,     596,     597,     678,     677,0
CQUAD4,     590,     590,     597,     598,     679,     678,0
CQUAD4,     591,     591,     598,     599,     680,     679,0
CQUAD4,     592,     592,     599,     600,     681,     680,0
CQUAD4,     593,     593,     600,     601,     682,     681,0
CQUAD4,     594,     594,     601,     602,     683,     682,0
CQUAD4,     595,     595,     602,     603,     684,     683,0
CQUAD4,     596,     596,     603,     604,     685,     684,0
CQUAD4,     597,     597,     604,     605,     686,     685,0
CQUAD4,     598,     598,     605,     606,     687,     686,0
CQUAD4,     599,     599,     606,     607,     688,     687,0
CQUAD4,     600,     600,     607,     608,     689,     688,0
CQUAD4,     601,     601,     608,     609,     690,     689,0
CQUAD4,     602,     602,     609,     610,     691,     690,0
CQUAD4,     603,     603,     610,     611,     692,     691,0
CQUAD4,     604,     604,     611,     612,     693,     692,0
CQUAD4,     605,     605,     612,     613,     694,     693,0
CQUAD4,     606,     606,     613,     614,     695,     694,0
CQUAD4,     607,     607,     614,     615,     696,     695,0
CQUAD4,     608,     608,     615,     616,     697,     696,0
CQUAD4,     609,     609,     616,     617,     698,     697,0
CQUAD4,     610,     610,     617,     618,     699,     698,0
CQUAD4,     611,     611,     618,     619,     700,     699,0
CQUAD4,     612,     612,     619,     620,     701,     700,0
CQUAD4,     613,     613,     620,     621,     702,     701,0
CQUAD4,     614,     614,     621,     622,     703,     702,0
CQUAD4,     615,     615,     622,     623,     704,     703,0
CQUAD4,     616,     616,     623,     624,     705,     704,0
CQUAD4,     617,     617,     624,     625,     706,     705,0
CQUAD4,     618,     618,     625,     626,     707,     706,0
CQUAD4,     619,     619,     626,     627,     708,     707,0
CQUAD4,     620,     620,     627,     628,     709,     708,0
CQUAD4,     621,     621,     628,     629,     710,     709,0
CQUAD4,     622,     622,     629,     630,     711,     710,0
CQUAD4,     623,     623,     630,     631,     712,     711,0
CQUAD4,     624,     624,     631,     632,     713,     712,0
CQUAD4,     625,     625,     632,     633,     714,     713,0
CQUAD4,     626,     626,     633,     634,     715,     714,0
CQUAD4,     627,     627,     634,     635,     716,     715,0
CQUAD4,     628,     628,     635,     636,     717,     716,0
CQUAD4,     629,     629,     636,     637,     718,     717,0
CQUAD4,     630,     630,     637,     638,     719,     718,0
CQUAD4,     631,     631,     638,     639,     720,     719,0
CQUAD4,     632,     632,     639,     640,     721,     720,0
CQUAD4,     633,     633,     640,     641,     722,     721,0
CQUAD4,     634,     634,     641,     642,     723,     722,0
CQUAD4,     635,     635,     642,     643,     724,     723,0
CQUAD4,     636,     636,     643,     644,     725,     724,0
CQUAD4,     637,     637,     644,     645,     726,     725,0
CQUAD4,     638,     638,     645,     646,     727,     726,0
CQUAD4,     639,     639,     646,     647,     728,     727,0
CQUAD4,     640,     640,     647,     648,     729,     728,0
CQUAD4,     641,     641,     649,     650,     731,     730,0
CQUAD4,     642,     642,     650,     651,     732,     731,0
CQUAD4,     643,     643,     651,     652,     733,     732,0
CQUAD4,     644,     644,     652,     653,     734,     733,0
CQUAD4,     645,     645,     653,     654,     735,     734,0
CQUAD4,     646,     646,     654,     655,     736,     735,0
CQUAD4,     647,     647,     655,     656,     737,     736,0
CQUAD4,     648,     648,     656,     657,     738,     737,0
CQUAD4,     649,     649,     657,     658,     739,     738,0
CQUAD4,     650,     650,     658,     659,     740,     739,0
CQUAD4,     651,     651,     659,     660,     741,     740,0
CQUAD4,     652,     652,     660,     661,     742,     741,0
CQUAD4,     653,     653,     661,     662,     743,     742,0
CQUAD4,     654,     654,     662,     663,     744,     743,0
CQUAD4,     655,     655,     663,     664,     745,     744,0
CQUAD4,     656,     656,     664,     665,     746,     745,0
CQUAD4,     657,     657,     665,     666,     747,     746,0
CQUAD4,     658,     658,     666,     667,     748,     747,0
CQUAD4,     659,     659,     667,     668,     749,     748,0
CQUAD4,     660,     660,     668,     669,     750,     749,0
CQUAD4,     661,     661,     669,     670,     751,     750,0
CQUAD4,     662,     662,     670,     671,     752,     751,0
CQUAD4,     663,     663,     671,     672,     753,     752,0
CQUAD4,     664,     664,     672,     673,     754,     753,0
CQUAD4,     665,     665,     673,     674,     755,     754,0
CQUAD4,     666,     666,     674,     675,     756,     755,0
CQUAD4,     667,     667,     675,     676,     757,     756,0
CQUAD4,     668,     668,     676,     677,     758,     757,0
CQUAD4,     669,     669,     677,     678,     759,     758,0
CQUAD4,     670,     670,     678,     679,     760,     759,0
CQUAD4,     671,     671,     679,     680,     761,     760,0
CQUAD4,     672,     672,     680,     681,     762,     761,0
CQUAD4,     673,     673,     681,     682,     763,     762,0
CQUAD4,     674,     674,     682,     683,     764,     763,0
CQUAD4,     675,     675,     683,     684,     765,     764,0
CQUAD4,     676,     676,     684,     685,     766,     765,0
CQUAD4,     677,     677,     685,     686,     767,     766,0
CQUAD4,     678,     678,     686,     687,     768,     767,0
CQUAD4,     679,     679,     687,     688,     769,     768,0
CQUAD4,     680,     680,     688,     689,     770,     769,0
CQUAD4,     681,     681,     689,     690,     771,     770,0
CQUAD4,     682,     682,     690,     691,     772,     771,0
CQUAD4,     683,     683,     691,     692,     773,     772,0
CQUAD4,     684,     684,     692,     693,     774,     773,0
CQUAD4,     685,     685,     693,     694,     775,     774,0
CQUAD4,     686,     686,     694,     695,     776,     775,0
CQUAD4,     687,     687,     695,     696,     777,     776,0
CQUAD4,     688,     688,     696,     697,     778,     777,0
CQUAD4,     689,     689,     697,     698,     779,     778,0
CQUAD4,     690,     690,     698,     699,     780,     779,0
CQUAD4,     691,     691,     699,     700,     781,     780,0
CQUAD4,     692,     692,     700,     701,     782,     781,0
CQUAD4,     693,     693,     701,     702,     783,     782,0
CQUAD4,     694,     694,     702,     703,     784,     783,0
CQUAD4,     695,     695,     703,     704,     785,     784,0
CQUAD4,     696,     696,     704,     705,     786,     785,0
CQUAD4,     697,     697,     705,     706,     787,     786,0
CQUAD4,     698,     698,     706,     707,     788,     787,0
CQUAD4,     699,     699,     707,     708,     789,     788,0
CQUAD4,     700,     700,     708,     709,     790,     789,0
CQUAD4,     701,     701,     709,     710,     791,     790,0
CQUAD4,     702,     702,     710,     711,     792,     791,0
CQUAD4,     703,     703,     711,     712,     793,     792,0
CQUAD4,     704,     704,     712,     713,     794,     793,0
CQUAD4,     705,     705,     713,     714,     795,     794,0
CQUAD4,     706,     706,     714,     715,     796,     795,0
CQUAD4,     707,     707,     715,     716,     797,     796,0
CQUAD4,     708,     708,     716,     717,     798,     797,0
CQUAD4,     709,     709,     717,     718,     799,     798,0
CQUAD4,     710,     710,     718,     719,     800,     799,0
CQUAD4,     711,     711,     719,     720,     801,     800,0
CQUAD4,     712,     712,     720,     721,     802,     801,0
CQUAD4,     713,     713,     721,     722,     803,     802,0
CQUAD4,     714,     714,     722,     723,     804,     803,0
CQUAD4,     715,     715,     723,     724,     805,     804,0
CQUAD4,     716,     716,     724,     725,     806,     805,0
CQUAD4,     717,     717,     725,     726,     807,     806,0
CQUAD4,     718,     718,     726,     727,     808,     807,0
CQUAD4,     719,     719,     727,     728,     809,     808,0
CQUAD4,     720,     720,     728,     729,     810,     809,0
CQUAD4,     721,     721,     730,     731,     812,     811,0
CQUAD4,     722,     722,     731,     732,     813,     812,0
CQUAD4,     723,     723,     732,     733,     814,     813,0
CQUAD4,     724,     724,     733,     734,     815,     814,0
CQUAD4,     725,     725,     734,     735,     816,     815,0
CQUAD4,     726,     726,     735,     736,     817,     816,0
CQUAD4,     727,     727,     736,     737,     818,     817,0
CQUAD4,     728,     728,     737,     738,     819,     818,0
CQUAD4,     729,     729,     738,     739,     820,     819,0
CQUAD4,     730,     730,     739,     740,     821,     820,0
CQUAD4,     731,     731,     740,     741,     822,     821,0
CQUAD4,     732,     732,     741,     742,     823,     822,0
CQUAD4,     733,     733,     742,     743,     824,     823,0
CQUAD4,     734,     734,     743,     744,     825,     824,0
CQUAD4,     735,     735,     744,     745,     826,     825,0
CQUAD4,     736,     736,     745,     746,     827,     826,0
CQUAD4,     737,     737,     746,     747,     828,     827,0
CQUAD4,     738,     738,     747,     748,     829,     828,0
CQUAD4,     739,     739,     748,     749,     830,     829,0
CQUAD4,     740,     740,     749,     750,     831,     830,0
CQUAD4,     741,     741,     750,     751,     832,     831,0
CQUAD4,     742,     742,     751,     752,     833,     832,0
CQUAD4,     743,     743,     752,     753,     834,     833,0
CQUAD4,     744,     744,     753,     754,     835,     834,0
CQUAD4,     745,     745,     754,     755,     836,     835,0
CQUAD4,     746,     746,     755,     756,     837,     836,0
CQUAD4,     747,     747,     756,     757,     838,     837,0
CQUAD4,     748,     748,     757,     758,     839,     838,0
CQUAD4,     749,     749,     758,     759,     840,     839,0
CQUAD4,     750,     750,     759,     760,     841,     840,0
CQUAD4,     751,     751,     760,     761,     842,     841,0
CQUAD4,     752,     752,     761,     762,     843,     842,0
CQUAD4,     753,     753,     762,     763,     844,     843,0
CQUAD4,     754,     754,     763,     764,     845,     844,0
CQUAD4,     755,     755,     764,     765,     846,     845,0
CQUAD4,     756,     756,     765,     766,     847,     846,0
CQUAD4,     757,     757,     766,     767,     848,     847,0
CQUAD4,     758,     758,     767,     768,     849,     848,0
CQUAD4,     759,     759,     768,     769,     850,     849,0
CQUAD4,     760,     760,     769,     770,     851,     850,0
CQUAD4,     761,     761,     770,     771,     852,     851,0
CQUAD4,     762,     762,     771,     772,     853,     852,0
CQUAD4,     763,     763,     772,     773,     854,     853,0
CQUAD4,     764,     764,     773,     774,     855,     854,0
CQUAD4,     765,     765,     774,     775,     856,     855,0
CQUAD4,     766,     766,     775,     776,     857,     856,0
CQUAD4,     767,     767,     776,     777,     858,     857,0
CQUAD4,     768,     768,     777,     778,     859,     858,0
CQUAD4,     769,     769,     778,     779,     860,     859,0
CQUAD4,     770,     770,     779,     780,     861,     860,0
CQUAD4,     771,     771,     780,     781,     862,     861,0
CQUAD4,     772,     772,     781,     782,     863,     862,0
CQUAD4,     773,     773,     782,     783,     864,     863,0
CQUAD4,     774,     774,     783,     784,     865,     864,0
CQUAD4,     775,     775,     784,     785,     866,     865,0
CQUAD4,     776,     776,     785,     786,     867,     866,0
CQUAD4,     777,     777,     786,     787,     868,     867,0
CQUAD4,     778,     778,     787,     788,     869,     868,0
CQUAD4,     779,     779,     788,     789,     870,     869,0
CQUAD4,     780,     780,     789,     790,     871,     870,0
CQUAD4,     781,     781,     790,     791,     872,     871,0
CQUAD4,     782,     782,     791,     792,     873,     872,0
CQUAD4,     783,     783,     792,     793,     874,     873,0
CQUAD4,     784,     784,     793,     794,     875,     874,0
CQUAD4,     785,     785,     794,     795,     876,     875,0
CQUAD4,     786,     786,     795,     796,     877,     876,0
CQUAD4,     787,     787,     796,     797,     878,     877,0
CQUAD4,     788,     788,     797,     798,     879,     878,0
CQUAD4,     789,     789,     798,     799,     880,     879,0
CQUAD4,     790,     790,     799,     800,     881,     880,0
CQUAD4,     791,     791,     800,     801,     882,     881,0
CQUAD4,     792,     792,     801,     802,     883,     882,0
CQUAD4,     793,     793,     802,     803,     884,     883,0
CQUAD4,     794,     794,     803,     804,     885,     884,0
CQUAD4,     795,     795,     804,     805,     886,     885,0
CQUAD4,     796,     796,     805,     806,     887,     886,0
CQUAD4,     797,     797,     806,     807,     888,     887,0
CQUAD4,     798,     798,     807,     808,     889,     888,0
CQUAD4,     799,     799,     808,     809,     890,     889,0
CQUAD4,     800,     800,     809,     810,     891,     890,0
CQUAD4,     801,     801,     811,     812,     893,     892,0
CQUAD4,     802,     802,     812,     813,     894,     893,0
CQUAD4,     803,     803,     813,     814,     895,     894,0
CQUAD4,     804,     804,     814,     815,     896,     895,0
CQUAD4,     805,     805,     815,     816,     897,     896,0
CQUAD4,     806,     806,     816,     817,     898,     897,0
CQUAD4,     807,     807,     817,     818,     899,     898,0
CQUAD4,     808,     808,     818,     819,     900,     899,0
CQUAD4,     809,     809,     819,     820,     901,     900,0
CQUAD4,     810,     810,     820,     821,     902,     901,0
CQUAD4,     811,     811,     821,     822,     903,     902,0
CQUAD4,     812,     812,     822,     823,     904,     903,0
CQUAD4,     813,     813,     823,     824,     905,     904,0
CQUAD4,     814,     814,     824,     825,     906,     905,0
CQUAD4,     815,     815,     825,     826,     907,     906,0
CQUAD4,     816,     816,     826,     827,     908,     907,0
CQUAD4,     817,     817,     827,     828,     909,     908,0
CQUAD4,     818,     818,     828,     829,     910,     909,0
CQUAD4,     819,     819,     829,     830,     911,     910,0
CQUAD4,     820,     820,     830,     831,     912,     911,0
CQUAD4,     821,     821,     831,     832,     913,     912,0
CQUAD4,     822,     822,     832,     833,     914,     913,0
CQUAD4,     823,     823,     833,     834,     915,     914,0
CQUAD4,     824,     824,     834,     835,     916,     915,0
CQUAD4,     825,     825,     835,     836,     917,     916,0
CQUAD4,     826,     826,     836,     837,     918,     917,0
CQUAD4,     827,     827,     837,     838,     919,     918,0
CQUAD4,     828,     828,     838,     839,     920,     919,0
CQUAD4,     829,     829,     839,     840,     921,     920,0
CQUAD4,     830,     830,     840,     841,     922,     921,0
CQUAD4,     831,     831,     841,     842,     923,     922,0
CQUAD4,     832,     832,     842,     843,     924,     923,0
CQUAD4,     833,     833,     843,     844,     925,     924,0
CQUAD4,     834,     834,     844,     845,     926,     925,0
CQUAD4,     835,     835,     845,     846,     927,     926,0
CQUAD4,     836,     836,     846,     847,     928,     927,0
CQUAD4,     837,     837,     847,     848,     929,     928,0
CQUAD4,     838,     838,     848,     849,     930,     929,0
CQUAD4,     839,     839,     849,     850,     931,     930,0
CQUAD4,     840,     840,     850,     851,     932,     931,0
CQUAD4,     841,     841,     851,     852,     933,     932,0
CQUAD4,     842,     842,     852,     853,     934,     933,0
CQUAD4,     843,     843,     853,     854,     935,     934,0
CQUAD4,     844,     844,     854,     855,     936,     935,0
CQUAD4,     845,     845,     855,     856,     937,     936,0
CQUAD4,     846,     846,     856,     857,     938,     937,0
CQUAD4,     847,     847,     857,     858,     939,     938,0
CQUAD4,     848,     848,     858,     859,     940,     939,0
CQUAD4,     849,     849,     859,     860,     941,     940,0
CQUAD4,     850,     850,     860,     861,     942,     941,0
CQUAD4,     851,     851,     861,     862,     943,     942,0
CQUAD4,     852,     852,     862,     863,     944,     943,0
CQUAD4,     853,     853,     863,     864,     945,     944,0
CQUAD4,     854,     854,     864,     865,     946,     945,0
CQUAD4,     855,     855,     865,     866,     947,     946,0
CQUAD4,     856,     856,     866,     867,     948,     947,0
CQUAD4,     857,     857,     867,     868,     949,     948,0
CQUAD4,     858,     858,     868,     869,     950,     949,0
CQUAD4,     859,     859,     869,     870,     951,     950,0
CQUAD4,     860,     860,     870,     871,     952,     951,0
CQUAD4,     861,     861,     871,     872,     953,     952,0
CQUAD4,     862,     862,     872,     873,     954,     953,0
CQUAD4,     863,     863,     873,     874,     955,     954,0
CQUAD4,     864,     864,     874,     875,     956,     955,0
CQUAD4,     865,     865,     875,     876,     957,     956,0
CQUAD4,     866,     866,     876,     877,     958,     957,0
CQUAD4,     867,     867,     877,     878,     959,     958,0
CQUAD4,     868,     868,     878,     879,     960,     959,0
CQUAD4,     869,     869,     879,     880,     961,     960,0
CQUAD4,     870,     870,     880,     881,     962,     961,0
CQUAD4,     871,     871,     881,     882,     963,     962,0
CQUAD4,     872,     872,     882,     883,     964,     963,0
CQUAD4,     873,     873,     883,     884,     965,     964,0
CQUAD4,     874,     874,     884,     885,     966,     965,0
CQUAD4,     875,     875,     885,     886,     967,     966,0
CQUAD4,     876,     876,     886,     887,     968,     967,0
CQUAD4,     877,     877,     887,     888,     969,     968,0
CQUAD4,     878,     878,     888,     889,     970,     969,0
CQUAD4,     879,     879,     889,     890,     971,     970,0
CQUAD4,     880,     880,     890,     891,     972,     971,0
CQUAD4,     881,     881,     892,     893,     974,     973,0
CQUAD4,     882,     882,     893,     894,     975,     974,0
CQUAD4,     883,     883,     894,     895,     976,     975,0
CQUAD4,     884,     884,     895,     896,     977,     976,0
CQUAD4,     885,     885,     896,     897,     978,     977,0
CQUAD4,     886,     886,     897,     898,     979,     978,0
CQUAD4,     887,     887,     898,     899,     980,     979,0
CQUAD4,     888,     888,     899,     900,     981,     980,0
CQUAD4,     889,     889,     900,     901,     982,     981,0
CQUAD4,     890,     890,     901,     902,     983,     982,0
CQUAD4,     891,     891,     902,     903,     984,     983,0
CQUAD4,     892,     892,     903,     904,     985,     984,0
CQUAD4,     893,     893,     904,     905,     986,     985,0
CQUAD4,     894,     894,     905,     906,     987,     986,0
CQUAD4,     895,     895,     906,     907,     988,     987,0
CQUAD4,     896,     896,     907,     908,     989,     988,0
CQUAD4,     897,     897,     908,     909,     990,     989,0
CQUAD4,     898,     898,     909,     910,     991,     990,0
CQUAD4,     899,     899,     910,     911,     992,     991,0
CQUAD4,     900,     900,     911,     912,     993,     992,0
CQUAD4,     901,     901,     912,     913,     994,     993,0
CQUAD4,     902,     902,     913,     914,     995,     994,0
CQUAD4,     903,     903,     914,     915,     996,     995,0
CQUAD4,     904,     904,     915,     916,     997,     996,0
CQUAD4,     905,     905,     916,     917,     998,     997,0
CQUAD4,     906,     906,     917,     918,     999,     998,0
CQUAD4,     907,     907,     918,     919,    1000,     999,0
CQUAD4,     908,     908,     919,     920,    1001,    1000,0
CQUAD4,     909,     909,     920,     921,    1002,    1001,0
CQUAD4,     910,     910,     921,     922,    1003,    1002,0
CQUAD4,     911,     911,     922,     923,    1004,    1003,0
CQUAD4,     912,     912,     923,     924,    1005,    1004,0
CQUAD4,     913,     913,     924,     925,    1006,    1005,0
CQUAD4,     914,     914,     925,     926,    1007,    1006,0
CQUAD4,     915,     915,     926,     927,    1008,    1007,0
CQUAD4,     916,     916,     927,     928,    1009,    1008,0
CQUAD4,     917,     917,     928,     929,    1010,    1009,0
CQUAD4,     918,     918,     929,     930,    1011,    1010,0
CQUAD4,     919,     919,     930,     931,    1012,    1011,0
CQUAD4,     920,     920,     931,     932,    1013,    1012,0
CQUAD4,     921,     921,     932,     933,    1014,    1013,0
CQUAD4,     922,     922,     933,     934,    1015,    1014,0
CQUAD4,     923,     923,     934,     935,    1016,    1015,0
CQUAD4,     924,     924,     935,     936,    1017,    1016,0
CQUAD4,     925,     925,     936,     937,    1018,    1017,0
CQUAD4,     926,     926,     937,     938,    1019,    1018,0
CQUAD4,     927,     927,     938,     939,    1020,    1019,0
CQUAD4,     928,     928,     939,     940,    1021,    1020,0
CQUAD4,     929,     929,     940,     941,    1022,    1021,0
CQUAD4,     930,     930,     941,     942,    1023,    1022,0
CQUAD4,     931,     931,     942,     943,    1024,    1023,0
CQUAD4,     932,     932,     943,     944,    1025,    1024,0
CQUAD4,     933,     933,     944,     945,    1026,    1025,0
CQUAD4,     934,     934,     945,     946,    1027,    1026,0
CQUAD4,     935,     935,     946,     947,    1028,    1027,0
CQUAD4,     936,     936,     947,     948,    1029,    1028,0
CQUAD4,     937,     937,     948,     949,    1030,    1029,0
CQUAD4,     938,     938,     949,     950,    1031,    1030,0
CQUAD4,     939,     939,     950,     951,    1032,    1031,0
CQUAD4,     940,     940,     951,     952,    1033,    1032,0
CQUAD4,     941,     941,     952,     953,    1034,    1033,0
CQUAD4,     942,     942,     953,     954,    1035,    1034,0
CQUAD4,     943,     943,     954,     955,    1036,    1035,0
CQUAD4,     944,     944,     955,     956,    1037,    1036,0
CQUAD4,     945,     945,     956,     957,    1038,    1037,0
CQUAD4,     946,     946,     957,     958,    1039,    1038,0
CQUAD4,     947,     947,     958,     959,    1040,    1039,0
CQUAD4,     948,     948,     959,     960,    1041,    1040,0
CQUAD4,     949,     949,     960,     961,    1042,    1041,0
CQUAD4,     950,     950,     961,     962,    1043,    1042,0
CQUAD4,     951,     951,     962,     963,    1044,    1043,0
CQUAD4,     952,     952,     963,     964,    1045,    1044,0
CQUAD4,     953,     953,     964,     965,    1046,    1045,0
CQUAD4,     954,     954,     965,     966,    1047,    1046,0
CQUAD4,     955,     955,     966,     967,    1048,    1047,0
CQUAD4,     956,     956,     967,     968,    1049,    1048,0
CQUAD4,     957,     957,     968,     969,    1050,    1049,0
CQUAD4,     958,     958,     969,     970,    1051,    1050,0
CQUAD4,     959,     959,     970,     971,    1052,    1051,0
CQUAD4,     960,     960,     971,     972,    1053,    1052,0
CQUAD4,     961,     961,     973,     974,    1055,    1054,0
CQUAD4,     962,     962,     974,     975,    1056,    1055,0
CQUAD4,     963,     963,     975,     976,    1057,    1056,0
CQUAD4,     964,     964,     976,     977,    1058,    1057,0
CQUAD4,     965,     965,     977,     978,    1059,    1058,0
CQUAD4,     966,     966,     978,     979,    1060,    1059,0
CQUAD4,     967,     967,     979,     980,    1061,    1060,0
CQUAD4,     968,     968,     980,     981,    1062,    1061,0
CQUAD4,     969,     969,     981,     982,    1063,    1062,0
CQUAD4,     970,     970,     982,     983,    1064,    1063,0
CQUAD4,     971,     971,     983,     984,    1065,    1064,0
CQUAD4,     972,     972,     984,     985,    1066,    1065,0
CQUAD4,     973,     973,     985,     986,    1067,    1066,0
CQUAD4,     974,     974,     986,     987,    1068,    1067,0
CQUAD4,     975,     975,     987,     988,    1069,    1068,0
CQUAD4,     976,     976,     988,     989,    1070,    1069,0
CQUAD4,     977,     977,     989,     990,    1071,    1070,0
CQUAD4,     978,     978,     990,     991,    1072,    1071,0
CQUAD4,     979,     979,     991,     992,    1073,    1072,0
CQUAD4,     980,     980,     992,     993,    1074,    1073,0
CQUAD4,     981,     981,     993,     994,    1075,    1074,0
CQUAD4,     982,     982,     994,     995,    1076,    1075,0
CQUAD4,     983,     983,     995,     996,    1077,    1076,0
CQUAD4,     984,     984,     996,     997,    1078,    1077,0
CQUAD4,     985,     985,     997,     998,    1079,    1078,0
CQUAD4,     986,     986,     998,     999,    1080,    1079,0
CQUAD4,     987,     987,     999,    1000,    1081,    1080,0
CQUAD4,     988,     988,    1000,    1001,    1082,    1081,0
CQUAD4,     989,     989,    1001,    1002,    1083,    1082,0
CQUAD4,     990,     990,    1002,    1003,    1084,    1083,0
CQUAD4,     991,     991,    1003,    1004,    1085,    1084,0
CQUAD4,     992,     992,    1004,    1005,    1086,    1085,0
CQUAD4,     993,     993,    1005,    1006,    1087,    1086,0
CQUAD4,     994,     994,    1006,    1007,    1088,    1087,0
CQUAD4,     995,     995,    1007,    1008,    1089,    1088,0
CQUAD4,     996,     996,    1008,    1009,    1090,    1089,0
CQUAD4,     997,     997,    1009,    1010,    1091,    1090,0
CQUAD4,     998,     998,    1010,    1011,    1092,    1091,0
CQUAD4,     999,     999,    1011,    1012,    1093,    1092,0
CQUAD4,    1000,    1000,    1012,    1013,    1094,    1093,0
CQUAD4,    1001,    1001,    1013,    1014,    1095,    1094,0
CQUAD4,    1002,    1002,    1014,    1015,    1096,    1095,0
CQUAD4,    1003,    1003,    1015,    1016,    1097,    1096,0
CQUAD4,    1004,    1004,    1016,    1017,    1098,    1097,0
CQUAD4,    1005,    1005,    1017,    1018,    1099,    1098,0
CQUAD4,    1006,    1006,    1018,    1019,    1100,    1099,0
CQUAD4,    1007,    1007,    1019,    1020,    1101,    1100,0
CQUAD4,    1008,    1008,    1020,    1021,    1102,    1101,0
CQUAD4,    1009,    1009,    1021,    1022,    1103,    1102,0
CQUAD4,    1010,    1010,    1022,    1023,    1104,    1103,0
CQUAD4,    1011,    1011,    1023,    1024,    1105,    1104,0
CQUAD4,    1012,    1012,    1024,    1025,    1106,    1105,0
CQUAD4,    1013,    1013,    1025,    1026,    1107,    1106,0
CQUAD4,    1014,    1014,    1026,    1027,    1108,    1107,0
CQUAD4,    1015,    1015,    1027,    1028,    1109,    1108,0
CQUAD4,    1016,    1016,    1028,    1029,    1110,    1109,0
CQUAD4,    1017,    1017,    1029,    1030,    1111,    1110,0
CQUAD4,    1018,    1018,    1030,    1031,    1112,    1111,0
CQUAD4,    1019,    1019,    1031,    1032,    1113,    1112,0
CQUAD4,    1020,    1020,    1032,    1033,    1114,    1113,0
CQUAD4,    1021,    1021,    1033,    1034,    1115,    1114,0
CQUAD4,    1022,    1022,    1034,    1035,    1116,    1115,0
CQUAD4,    1023,    1023,    1035,    1036,    1117,    1116,0
CQUAD4,    1024,    1024,    1036,    1037,    1118,    1117,0
CQUAD4,    1025,    1025,    1037,    1038,    1119,    1118,0
CQUAD4,    1026,    1026,    1038,    1039,    1120,    1119,0
CQUAD4,    1027,    1027,    1039,    1040,    1121,    1120,0
CQUAD4,    1028,    1028,    1040,    1041,    1122,    1121,0
CQUAD4,    1029,    1029,    1041,    1042,    1123,    1122,0
CQUAD4,    1030,    1030,    1042,    1043,    1124,    1123,0
CQUAD4,    1031,    1031,    1043,    1044,    1125,    1124,0
CQUAD4,    1032,    1032,    1044,    1045,    1126,    1125,0
CQUAD4,    1033,    1033,    1045,    1046,    1127,    1126,0
CQUAD4,    1034,    1034,    1046,    1047,    1128,    1127,0
CQUAD4,    1035,    1035,    1047,    1048,    1129,    1128,0
CQUAD4,    1036,    1036,    1048,    1049,    1130,    1129,0
CQUAD4,    1037,    1037,    1049,    1050,    1131,    1130,0
CQUAD4,    1038,    1038,    1050,    1051,    1132,    1131,0
CQUAD4,    1039,    1039,    1051,    1052,    1133,    1132,0
CQUAD4,    1040,    1040,    1052,    1053,    1134,    1133,0
CQUAD4,    1041,    1041,    1054,    1055,    1136,    1135,0
CQUAD4,    1042,    1042,    1055,    1056,    1137,    1136,0
CQUAD4,    1043,    1043,    1056,    1057,    1138,    1137,0
CQUAD4,    1044,    1044,    1057,    1058,    1139,    1138,0
CQUAD4,    1045,    1045,    1058,    1059,    1140,    1139,0
CQUAD4,    1046,    1046,    1059,    1060,    1141,    1140,0
CQUAD4,    1047,    1047,    1060,    1061,    1142,    1141,0
CQUAD4,    1048,    1048,    1061,    1062,    1143,    1142,0
CQUAD4,    1049,    1049,    1062,    1063,    1144,    1143,0
CQUAD4,    1050,    1050,    1063,    1064,    1145,    1144,0
CQUAD4,    1051,    1051,    1064,    1065,    1146,    1145,0
CQUAD4,    1052,    1052,    1065,    1066,    1147,    1146,0
CQUAD4,    1053,    1053,    1066,    1067,    1148,    1147,0
CQUAD4,    1054,    1054,    1067,    1068,    1149,    1148,0
CQUAD4,    1055,    1055,    1068,    1069,    1150,    1149,0
CQUAD4,    1056,    1056,    1069,    1070,    1151,    1150,0
CQUAD4,    1057,    1057,    1070,    1071,    1152,    1151,0
CQUAD4,    1058,    1058,    1071,    1072,    1153,    1152,0
CQUAD4,    1059,    1059,    1072,    1073,    1154,    1153,0
CQUAD4,    1060,    1060,    1073,    1074,    1155,    1154,0
CQUAD4,    1061,    1061,    1074,    1075,    1156,    1155,0
CQUAD4,    1062,    1062,    1075,    1076,    1157,    1156,0
CQUAD4,    1063,    1063,    1076,    1077,    1158,    1157,0
CQUAD4,    1064,    1064,    1077,    1078,    1159,    1158,0
CQUAD4,    1065,    1065,    1078,    1079,    1160,    1159,0
CQUAD4,    1066,    1066,    1079,    1080,    1161,    1160,0
CQUAD4,    1067,    1067,    1080,    1081,    1162,    1161,0
CQUAD4,    1068,    1068,    1081,    1082,    1163,    1162,0
CQUAD4,    1069,    1069,    1082,    1083,    1164,    1163,0
CQUAD4,    1070,    1070,    1083,    1084,    1165,    1164,0
CQUAD4,    1071,    1071,    1084,    1085,    1166,    1165,0
CQUAD4,    1072,    1072,    1085,    1086,    1167,    1166,0
CQUAD4,    1073,    1073,    1086,    1087,    1168,    1167,0
CQUAD4,    1074,    1074,    1087,    1088,    1169,    1168,0
CQUAD4,    1075,    1075,    1088,    1089,    1170,    1169,0
CQUAD4,    1076,    1076,    1089,    1090,    1171,    1170,0
CQUAD4,    1077,    1077,    1090,    1091,    1172,    1171,0
CQUAD4,    1078,    1078,    1091,    1092,    1173,    1172,0
CQUAD4,    1079,    1079,    1092,    1093,    1174,    1173,0
CQUAD4,    1080,    1080,    1093,    1094,    1175,    1174,0
CQUAD4,    1081,    1081,    1094,    1095,    1176,    1175,0
CQUAD4,    1082,    1082,    1095,    1096,    1177,    1176,0
CQUAD4,    1083,    1083,    1096,    1097,    1178,    1177,0
CQUAD4,    1084,    1084,    1097,    1098,    1179,    1178,0
CQUAD4,    1085,    1085,    1098,    1099,    1180,    1179,0
CQUAD4,    1086,    1086,    1099,    1100,    1181,    1180,0
CQUAD4,    1087,    1087,    1100,    1101,    1182,    1181,0
CQUAD4,    1088,    1088,    1101,    1102,    1183,    1182,0
CQUAD4,    1089,    1089,    1102,    1103,    1184,    1183,0
CQUAD4,    1090,    1090,    1103,    1104,    1185,    1184,0
CQUAD4,    1091,    1091,    1104,    1105,    1186,    1185,0
CQUAD4,    1092,    1092,    1105,    1106,    1187,    1186,0
CQUAD4,    1093,    1093,    1106,    1107,    1188,    1187,0
CQUAD4,    1094,    1094,    1107,    1108,    1189,    1188,0
CQUAD4,    1095,    1095,    1108,    1109,    1190,    1189,0
CQUAD4,    1096,    1096,    1109,    1110,    1191,    1190,0
CQUAD4,    1097,    1097,    1110,    1111,    1192,    1191,0
CQUAD4,    1098,    1098,    1111,    1112,    1193,    1192,0
CQUAD4,    1099,    1099,    1112,    1113,    1194,    1193,0
CQUAD4,    1100,    1100,    1113,    1114,    1195,    1194,0
CQUAD4,    1101,    1101,    1114,    1115,    1196,    1195,0
CQUAD4,    1102,    1102,    1115,    1116,    1197,    1196,0
CQUAD4,    1103,    1103,    1116,    1117,    1198,    1197,0
CQUAD4,    1104,    1104,    1117,    1118,    1199,    1198,0
CQUAD4,    1105,    1105,    1118,    1119,    1200,    1199,0
CQUAD4,    1106,    1106,    1119,    1120,    1201,    1200,0
CQUAD4,    1107,    1107,    1120,    1121,    1202,    1201,0
CQUAD4,    1108,    1108,    1121,    1122,    1203,    1202,0
CQUAD4,    1109,    1109,    1122,    1123,    1204,    1203,0
CQUAD4,    1110,    1110,    1123,    1124,    1205,    1204,0
CQUAD4,    1111,    1111,    1124,    1125,    1206,    1205,0
CQUAD4,    1112,    1112,    1125,    1126,    1207,    1206,0
CQUAD4,    1113,    1113,    1126,    1127,    1208,    1207,0
CQUAD4,    1114,    1114,    1127,    1128,    1209,    1208,0
CQUAD4,    1115,    1115,    1128,    1129,    1210,    1209,0
CQUAD4,    1116,    1116,    1129,    1130,    1211,    1210,0
CQUAD4,    1117,    1117,    1130,    1131,    1212,    1211,0
CQUAD4,    1118,    1118,    1131,    1132,    1213,    1212,0
CQUAD4,    1119,    1119,    1132,    1133,    1214,    1213,0
CQUAD4,    1120,    1120,    1133,    1134,    1215,    1214,0
CQUAD4,    1121,    1121,    1135,    1136,    1217,    1216,0
CQUAD4,    1122,    1122,    1136,    1137,    1218,    1217,0
CQUAD4,    1123,    1123,    1137,    1138,    1219,    1218,0
CQUAD4,    1124,    1124,    1138,    1139,    1220,    1219,0
CQUAD4,    1125,    1125,    1139,    1140,    1221,    1220,0
CQUAD4,    1126,    1126,    1140,    1141,    1222,    1221,0
CQUAD4,    1127,    1127,    1141,    1142,    1223,    1222,0
CQUAD4,    1128,    1128,    1142,    1143,    1224,    1223,0
CQUAD4,    1129,    1129,    1143,    1144,    1225,    1224,0
CQUAD4,    1130,    1130,    1144,    1145,    1226,    1225,0
CQUAD4,    1131,    1131,    1145,    1146,    1227,    1226,0
CQUAD4,    1132,    1132,    1146,    1147,    1228,    1227,0
CQUAD4,    1133,    1133,    1147,    1148,    1229,    1228,0
CQUAD4,    1134,    1134,    1148,    1149,    1230,    1229,0
CQUAD4,    1135,    1135,    1149,    1150,    1231,    1230,0
CQUAD4,    1136,    1136,    1150,    1151,    1232,    1231,0
CQUAD4,    1137,    1137,    1151,    1152,    1233,    1232,0
CQUAD4,    1138,    1138,    1152,    1153,    1234,    1233,0
CQUAD4,    1139,    1139,    1153,    1154,    1235,    1234,0
CQUAD4,    1140,    1140,    1154,    1155,    1236,    1235,0
CQUAD4,    1141,    1141,    1155,    1156,    1237,    1236,0
CQUAD4,    1142,    1142,    1156,    1157,    1238,    1237,0
CQUAD4,    1143,    1143,    1157,    1158,    1239,    1238,0
CQUAD4,    1144,    1144,    1158,    1159,    1240,    1239,0
CQUAD4,    1145,    1145,    1159,    1160,    1241,    1240,0
CQUAD4,    1146,    1146,    1160,    1161,    1242,    1241,0
CQUAD4,    1147,    1147,    1161,    1162,    1243,    1242,0
CQUAD4,    1148,    1148,    1162,    1163,    1244,    1243,0
CQUAD4,    1149,    1149,    1163,    1164,    1245,    1244,0
CQUAD4,    1150,    1150,    1164,    1165,    1246,    1245,0
CQUAD4,    1151,    1151,    1165,    1166,    1247,    1246,0
CQUAD4,    1152,    1152,    1166,    1167,    1248,    1247,0
CQUAD4,    1153,    1153,    1167,    1168,    1249,    1248,0
CQUAD4,    1154,    1154,    1168,    1169,    1250,    1249,0
CQUAD4,    1155,    1155,    1169,    1170,    1251,    1250,0
CQUAD4,    1156,    1156,    1170,    1171,    1252,    1251,0
CQUAD4,    1157,    1157,    1171,    1172,    1253,    1252,0
CQUAD4,    1158,    1158,    1172,    1173,    1254,    1253,0
CQUAD4,    1159,    1159,    1173,    1174,    1255,    1254,0
CQUAD4,    1160,    1160,    1174,    1175,    1256,    1255,0
CQUAD4,    1161,    1161,    1175,    1176,    1257,    1256,0
CQUAD4,    1162,    1162,    1176,    1177,    1258,    1257,0
CQUAD4,    1163,    1163,    1177,    1178,    1259,    1258,0
CQUAD4,    1164,    1164,    1178,    1179,    1260,    1259,0
CQUAD4,    1165,    1165,    1179,    1180,    1261,    1260,0
CQUAD4,    1166,    1166,    1180,    1181,    1262,    1261,0
CQUAD4,    1167,    1167,    1181,    1182,    1263,    1262,0
CQUAD4,    1168,    1168,    1182,    1183,    1264,    1263,0
CQUAD4,    1169,    1169,    1183,    1184,    1265,    1264,0
CQUAD4,    1170,    1170,    1184,    1185,    1266,    1265,0
CQUAD4,    1171,    1171,    1185,    1186,    1267,    1266,0
CQUAD4,    1172,    1172,    1186,    1187,    1268,    1267,0
CQUAD4,    1173,    1173,    1187,    1188,    1269,    1268,0
CQUAD4,    1174,    1174,    1188,    1189,    1270,    1269,0
CQUAD4,    1175,    1175,    1189,    1190,    1271,    1270,0
CQUAD4,    1176,    1176,    1190,    1191,    1272,    1271,0
CQUAD4,    1177,    1177,    1191,    1192,    1273,    1272,0
CQUAD4,    1178,    1178,    1192,    1193,    1274,    1273,0
CQUAD4,    1179,    1179,    1193,    1194,    1275,    1274,0
CQUAD4,    1180,    1180,    1194,    1195,    1276,    1275,0
CQUAD4,    1181,    1181,    1195,    1196,    1277,    1276,0
CQUAD4,    1182,    1182,    1196,    1197,    1278,    1277,0
CQUAD4,    1183,    1183,    1197,    1198,    1279,    1278,0
CQUAD4,    1184,    1184,    1198,    1199,    1280,    1279,0
CQUAD4,    1185,    1185,    1199,    1200,    1281,    1280,0
CQUAD4,    1186,    1186,    1200,    1201,    1282,    1281,0
CQUAD4,    1187,    1187,    1201,    1202,    1283,    1282,0
CQUAD4,    1188,    1188,    1202,    1203,    1284,    1283,0
CQUAD4,    1189,    1189,    1203,    1204,    1285,    1284,0
CQUAD4,    1190,    1190,    1204,    1205,    1286,    1285,0
CQUAD4,    1191,    1191,    1205,    1206,    1287,    1286,0
CQUAD4,    1192,    1192,    1206,    1207,    1288,    1287,0
CQUAD4,    1193,    1193,    1207,    1208,    1289,    1288,0
CQUAD4,    1194,    1194,    1208,    1209,    1290,    1289,0
CQUAD4,    1195,    1195,    1209,    1210,    1291,    1290,0
CQUAD4,    1196,    1196,    1210,    1211,    1292,    1291,0
CQUAD4,    1197,    1197,    1211,    1212,    1293,    1292,0
CQUAD4,    1198,    1198,    1212,    1213,    1294,    1293,0
CQUAD4,    1199,    1199,    1213,    1214,    1295,    1294,0
CQUAD4,    1200,    1200,    1214,    1215,    1296,    1295,0
CQUAD4,    1201,    1201,    1216,    1217,    1298,    1297,0
CQUAD4,    1202,    1202,    1217,    1218,    1299,    1298,0
CQUAD4,    1203,    1203,    1218,    1219,    1300,    1299,0
CQUAD4,    1204,    1204,    1219,    1220,    1301,    1300,0
CQUAD4,    1205,    1205,    1220,    1221,    1302,    1301,0
CQUAD4,    1206,    1206,    1221,    1222,    1303,    1302,0
CQUAD4,    1207,    1207,    1222,    1223,    1304,    1303,0
CQUAD4,    1208,    1208,    1223,    1224,    1305,    1304,0
CQUAD4,    1209,    1209,    1224,    1225,    1306,    1305,0
CQUAD4,    1210,    1210,    1225,    1226,    1307,    1306,0
CQUAD4,    1211,    1211,    1226,    1227,    1308,    1307,0
CQUAD4,    1212,    1212,    1227,    1228,    1309,    1308,0
CQUAD4,    1213,    1213,    1228,    1229,    1310,    1309,0
CQUAD4,    1214,    1214,    1229,    1230,    1311,    1310,0
CQUAD4,    1215,    1215,    1230,    1231,    1312,    1311,0
CQUAD4,    1216,    1216,    1231,    1232,    1313,    1312,0
CQUAD4,    1217,    1217,    1232,    1233,    1314,    1313,0
CQUAD4,    1218,    1218,    1233,    1234,    1315,    1314,0
CQUAD4,    1219,    1219,    1234,    1235,    1316,    1315,0
CQUAD4,    1220,    1220,    1235,    1236,    1317,    1316,0
CQUAD4,    1221,    1221,    1236,    1237,    1318,    1317,0
CQUAD4,    1222,    1222,    1237,    1238,    1319,    1318,0
CQUAD4,    1223,    1223,    1238,    1239,    1320,    1319,0
CQUAD4,    1224,    1224,    1239,    1240,    1321,    1320,0
CQUAD4,    1225,    1225,    1240,    1241,    1322,    1321,0
CQUAD4,    1226,    1226,    1241,    1242,    1323,    1322,0
CQUAD4,    1227,    1227,    1242,    1243,    1324,    1323,0
CQUAD4,    1228,    1228,    1243,    1244,    1325,    1324,0
CQUAD4,    1229,    1229,    1244,    1245,    1326,    1325,0
CQUAD4,    1230,    1230,    1245,    1246,    1327,    1326,0
CQUAD4,    1231,    1231,    1246,    1247,    1328,    1327,0
CQUAD4,    1232,    1232,    1247,    1248,    1329,    1328,0
CQUAD4,    1233,    1233,    1248,    1249,    1330,    1329,0
CQUAD4,    1234,    1234,    1249,    1250,    1331,    1330,0
CQUAD4,    1235,    1235,    1250,    1251,    1332,    1331,0
CQUAD4,    1236,    1236,    1251,    1252,    1333,    1332,0
CQUAD4,    1237,    1237,    1252,    1253,    1334,    1333,0
CQUAD4,    1238,    1238,    1253,    1254,    1335,    1334,0
CQUAD4,    1239,    1239,    1254,    1255,    1336,    1335,0
CQUAD4,    1240,    1240,    1255,    1256,    1337,    1336,0
CQUAD4,    1241,    1241,    1256,    1257,    1338,    1337,0
CQUAD4,    1242,    1242,    1257,    1258,    1339,    1338,0
CQUAD4,    1243,    1243,    1258,    1259,    1340,    1339,0
CQUAD4,    1244,    1244,    1259,    1260,    1341,    1340,0
CQUAD4,    1245,    1245,    1260,    1261,    1342,    1341,0
CQUAD4,    1246,    1246,    1261,    1262,    1343,    1342,0
CQUAD4,    1247,    1247,    1262,    1263,    1344,    1343,0
CQUAD4,    1248,    1248,    1263,    1264,    1345,    1344,0
CQUAD4,    1249,    1249,    1264,    1265,    1346,    1345,0
CQUAD4,    1250,    1250,    1265,    1266,    1347,    1346,0
CQUAD4,    1251,    1251,    1266,    1267,    1348,    1347,0
CQUAD4,    1252,    1252,    1267,    1268,    1349,    1348,0
CQUAD4,    1253,    1253,    1268,    1269,    1350,    1349,0
CQUAD4,    1254,    1254,    1269,    1270,    1351,    1350,0
CQUAD4,    1255,    1255,    1270,    1271,    1352,    1351,0
CQUAD4,    1256,    1256,    1271,    1272,    1353,    1352,0
CQUAD4,    1257,    1257,    1272,    1273,    1354,    1353,0
CQUAD4,    1258,    1258,    1273,    1274,    1355,    1354,0
CQUAD4,    1259,    1259,    1274,    1275,    1356,    1355,0
CQUAD4,    1260,    1260,    1275,    1276,    1357,    1356,0
CQUAD4,    1261,    1261,    1276,    1277,    1358,    1357,0
CQUAD4,    1262,    1262,    1277,    1278,    1359,    1358,0
CQUAD4,    1263,    1263,    1278,    1279,    1360,    1359,0
CQUAD4,    1264,    1264,    1279,    1280,    1361,    1360,0
CQUAD4,    1265,    1265,    1280,    1281,    1362,    1361,0
CQUAD4,    1266,    1266,    1281,    1282,    1363,    1362,0
CQUAD4,    1267,    1267,    1282,    1283,    1364,    1363,0
CQUAD4,    1268,    1268,    1283,    1284,    1365,    1364,0
CQUAD4,    1269,    1269,    1284,    1285,    1366,    1365,0
CQUAD4,    1270,    1270,    1285,    1286,    1367,    1366,0
CQUAD4,    1271,    1271,    1286,    1287,    1368,    1367,0
CQUAD4,    1272,    1272,    1287,    1288,    1369,    1368,0
CQUAD4,    1273,    1273,    1288,    1289,    1370,    1369,0
CQUAD4,    1274,    1274,    1289,    1290,    1371,    1370,0
CQUAD4,    1275,    1275,    1290,    1291,    1372,    1371,0
CQUAD4,    1276,    1276,    1291,    1292,    1373,    1372,0
CQUAD4,    1277,    1277,    1292,    1293,    1374,    1373,0
CQUAD4,    1278,    1278,    1293,    1294,    1375,    1374,0
CQUAD4,    1279,    1279,    1294,    1295,    1376,    1375,0
CQUAD4,    1280,    1280,    1295,    1296,    1377,    1376,0
CQUAD4,    1281,    1281,    1297,    1298,    1379,    1378,0
CQUAD4,    1282,    1282,    1298,    1299,    1380,    1379,0
CQUAD4,    1283,    1283,    1299,    1300,    1381,    1380,0
CQUAD4,    1284,    1284,    1300,    1301,    1382,    1381,0
CQUAD4,    1285,    1285,    1301,    1302,    1383,    1382,0
CQUAD4,    1286,    1286,    1302,    1303,    1384,    1383,0
CQUAD4,    1287,    1287,    1303,    1304,    1385,    1384,0
CQUAD4,    1288,    1288,    1304,    1305,    1386,    1385,0
CQUAD4,    1289,    1289,    1305,    1306,    1387,    1386,0
CQUAD4,    1290,    1290,    1306,    1307,    1388,    1387,0
CQUAD4,    1291,    1291,    1307,    1308,    1389,    1388,0
CQUAD4,    1292,    1292,    1308,    1309,    1390,    1389,0
CQUAD4,    1293,    1293,    1309,    1310,    1391,    1390,0
CQUAD4,    1294,    1294,    1310,    1311,    1392,    1391,0
CQUAD4,    1295,    1295,    1311,    1312,    1393,    1392,0
CQUAD4,    1296,    1296,    1312,    1313,    1394,    1393,0
CQUAD4,    1297,    1297,    1313,    1314,    1395,    1394,0
CQUAD4,    1298,    1298,    1314,    1315,    1396,    1395,0
CQUAD4,    1299,    1299,    1315,    1316,    1397,    1396,0
CQUAD4,    1300,    1300,    1316,    1317,    1398,    1397,0
CQUAD4,    1301,    1301,    1317,    1318,    1399,    1398,0
CQUAD4,    1302,    1302,    1318,    1319,    1400,    1399,0
CQUAD4,    1303,    1303,    1319,    1320,    1401,    1400,0
CQUAD4,    1304,    1304,    1320,    1321,    1402,    1401,0
CQUAD4,    1305,    1305,    1321,    1322,    1403,    1402,0
CQUAD4,    1306,    1306,    1322,    1323,    1404,    1403,0
CQUAD4,    1307,    1307,    1323,    1324,    1405,    1404,0
CQUAD4,    1308,    1308,    1324,    1325,    1406,    1405,0
CQUAD4,    1309,    1309,    1325,    1326,    1407,    1406,0
CQUAD4,    1310,    1310,    1326,    1327,    1408,    1407,0
CQUAD4,    1311,    1311,    1327,    1328,    1409,    1408,0
CQUAD4,    1312,    1312,    1328,    1329,    1410,    1409,0
CQUAD4,    1313,    1313,    1329,    1330,    1411,    1410,0
CQUAD4,    1314,    1314,    1330,    1331,    1412,    1411,0
CQUAD4,    1315,    1315,    1331,    1332,    1413,    1412,0
CQUAD4,    1316,    1316,    1332,    1333,    1414,    1413,0
CQUAD4,    1317,    1317,    1333,    1334,    1415,    1414,0
CQUAD4,    1318,    1318,    1334,    1335,    1416,    1415,0
CQUAD4,    1319,    1319,    1335,    1336,    1417,    1416,0
CQUAD4,    1320,    1320,    1336,    1337,    1418,    1417,0
CQUAD4,    1321,    1321,    1337,    1338,    1419,    1418,0
CQUAD4,    1322,    1322,    1338,    1339,    1420,    1419,0
CQUAD4,    1323,    1323,    1339,    1340,    1421,    1420,0
CQUAD4,    1324,    1324,    1340,    1341,    1422,    1421,0
CQUAD4,    1325,    1325,    1341,    1342,    1423,    1422,0
CQUAD4,    1326,    1326,    1342,    1343,    1424,    1423,0
CQUAD4,    1327,    1327,    1343,    1344,    1425,    1424,0
CQUAD4,    1328,    1328,    1344,    1345,    1426,    1425,0
CQUAD4,    1329,    1329,    1345,    1346,    1427,    1426,0
CQUAD4,    1330,    1330,    1346,    1347,    1428,    1427,0
CQUAD4,    1331,    1331,    1347,    1348,    1429,    1428,0
CQUAD4,    1332,    1332,    1348,    1349,    1430,    1429,0
CQUAD4,    1333,    1333,    1349,    1350,    1431,    1430,0
CQUAD4,    1334,    1334,    1350,    1351,    1432,    1431,0
CQUAD4,    1335,    1335,    1351,    1352,    1433,    1432,0
CQUAD4,    1336,    1336,    1352,    1353,    1434,    1433,0
CQUAD4,    1337,    1337,    1353,    1354,    1435,    1434,0
CQUAD4,    1338,    1338,    1354,    1355,    1436,    1435,0
CQUAD4,    1339,    1339,    1355,    1356,    1437,    1436,0
CQUAD4,    1340,    1340,    1356,    1357,    1438,    1437,0
CQUAD4,    1341,    1341,    1357,    1358,    1439,    1438,0
CQUAD4,    1342,    1342,    1358,    1359,    1440,    1439,0
CQUAD4,    1343,    1343,    1359,    1360,    1441,    1440,0
CQUAD4,    1344,    1344,    1360,    1361,    1442,    1441,0
CQUAD4,    1345,    1345,    1361,    1362,    1443,    1442,0
CQUAD4,    1346,    1346,    1362,    1363,    1444,    1443,0
CQUAD4,    1347,    1347,    1363,    1364,    1445,    1444,0
CQUAD4,    1348,    1348,    1364,    1365,    1446,    1445,0
CQUAD4,    1349,    1349,    1365,    1366,    1447,    1446,0
CQUAD4,    1350,    1350,    1366,    1367,    1448,    1447,0
CQUAD4,    1351,    1351,    1367,    1368,    1449,    1448,0
CQUAD4,    1352,    1352,    1368,    1369,    1450,    1449,0
CQUAD4,    1353,    1353,    1369,    1370,    1451,    1450,0
CQUAD4,    1354,    1354,    1370,    1371,    1452,    1451,0
CQUAD4,    1355,    1355,    1371,    1372,    1453,    1452,0
CQUAD4,    1356,    1356,    1372,    1373,    1454,    1453,0
CQUAD4,    1357,    1357,    1373,    1374,    1455,    1454,0
CQUAD4,    1358,    1358,    1374,    1375,    1456,    1455,0
CQUAD4,    1359,    1359,    1375,    1376,    1457,    1456,0
CQUAD4,    1360,    1360,    1376,    1377,    1458,    1457,0
CQUAD4,    1361,    1361,    1378,    1379,    1460,    1459,0
CQUAD4,    1362,    1362,    1379,    1380,    1461,    1460,0
CQUAD4,    1363,    1363,    1380,    1381,    1462,    1461,0
CQUAD4,    1364,    1364,    1381,    1382,    1463,    1462,0
CQUAD4,    1365,    1365,    1382,    1383,    1464,    1463,0
CQUAD4,    1366,    1366,    1383,    1384,    1465,    1464,0
CQUAD4,    1367,    1367,    1384,    1385,    1466,    1465,0
CQUAD4,    1368,    1368,    1385,    1386,    1467,    1466,0
CQUAD4,    1369,    1369,    1386,    1387,    1468,    1467,0
CQUAD4,    1370,    1370,    1387,    1388,    1469,    1468,0
CQUAD4,    1371,    1371,    1388,    1389,    1470,    1469,0
CQUAD4,    1372,    1372,    1389,    1390,    1471,    1470,0
CQUAD4,    1373,    1373,    1390,    1391,    1472,    1471,0
CQUAD4,    1374,    1374,    1391,    1392,    1473,    1472,0
CQUAD4,    1375,    1375,    1392,    1393,    1474,    1473,0
CQUAD4,    1376,    1376,    1393,    1394,    1475,    1474,0
CQUAD4,    1377,    1377,    1394,    1395,    1476,    1475,0
CQUAD4,    1378,    1378,    1395,    1396,    1477,    1476,0
CQUAD4,    1379,    1379,    1396,    1397,    1478,    1477,0
CQUAD4,    1380,    1380,    1397,    1398,    1479,    1478,0
CQUAD4,    1381,    1381,    1398,    1399,    1480,    1479,0
CQUAD4,    1382,    1382,    1399,    1400,    1481,    1480,0
CQUAD4,    1383,    1383,    1400,    1401,    1482,    1481,0
CQUAD4,    1384,    1384,    1401,    1402,    1483,    1482,0
CQUAD4,    1385,    1385,    1402,    1403,    1484,    1483,0
CQUAD4,    1386,    1386,    1403,    1404,    1485,    1484,0
CQUAD4,    1387,    1387,    1404,    1405,    1486,    1485,0
CQUAD4,    1388,    1388,    1405,    1406,    1487,    1486,0
CQUAD4,    1389,    1389,    1406,    1407,    1488,    1487,0
CQUAD4,    1390,    1390,    1407,    1408,    1489,    1488,0
CQUAD4,    1391,    1391,    1408,    1409,    1490,    1489,0
CQUAD4,    1392,    1392,    1409,    1410,    1491,    1490,0
CQUAD4,    1393,    1393,    1410,    1411,    1492,    1491,0
CQUAD4,    1394,    1394,    1411,    1412,    1493,    1492,0
CQUAD4,    1395,    1395,    1412,    1413,    1494,    1493,0
CQUAD4,    1396,    1396,    1413,    1414,    1495,    1494,0
CQUAD4,    1397,    1397,    1414,    1415,    1496,    1495,0
CQUAD4,    1398,    1398,    1415,    1416,    1497,    1496,0
CQUAD4,    1399,    1399,    1416,    1417,    1498,    1497,0
CQUAD4,    1400,    1400,    1417,    1418,    1499,    1498,0
CQUAD4,    1401,    1401,    1418,    1419,    1500,    1499,0
CQUAD4,    1402,    1402,    1419,    1420,    1501,    1500,0
CQUAD4,    1403,    1403,    1420,    1421,    1502,    1501,0
CQUAD4,    1404,    1404,    1421,    1422,    1503,    1502,0
CQUAD4,    1405,    1405,    1422,    1423,    1504,    1503,0
CQUAD4,    1406,    1406,    1423,    1424,    1505,    1504,0
CQUAD4,    1407,    1407,    1424,    1425,    1506,    1505,0
CQUAD4,    1408,    1408,    1425,    1426,    1507,    1506,0
CQUAD4,    1409,    1409,    1426,    1427,    1508,    1507,0
CQUAD4,    1410,    1410,    1427,    1428,    1509,    1508,0
CQUAD4,    1411,    1411,    1428,    1429,    1510,    1509,0
CQUAD4,    1412,    1412,    1429,    1430,    1511,    1510,0
CQUAD4,    1413,    1413,    1430,    1431,    1512,    1511,0
CQUAD4,    1414,    1414,    1431,    1432,    1513,    1512,0
CQUAD4,    1415,    1415,    1432,    1433,    1514,    1513,0
CQUAD4,    1416,    1416,    1433,    1434,    1515,    1514,0
CQUAD4,    1417,    1417,    1434,    1435,    1516,    1515,0
CQUAD4,    1418,    1418,    1435,    1436,    1517,    1516,0
CQUAD4,    1419,    1419,    1436,    1437,    1518,    1517,0
CQUAD4,    1420,    1420,    1437,    1438,    1519,    1518,0
CQUAD4,    1421,    1421,    1438,    1439,    1520,    1519,0
CQUAD4,    1422,    1422,    1439,    1440,    1521,    1520,0
CQUAD4,    1423,    1423,    1440,    1441,    1522,    1521,0
CQUAD4,    1424,    1424,    1441,    1442,    1523,    1522,0
CQUAD4,    1425,    1425,    1442,    1443,    1524,    1523,0
CQUAD4,    1426,    1426,    1443,    1444,    1525,    1524,0
CQUAD4,    1427,    1427,    1444,    1445,    1526,    1525,0
CQUAD4,    1428,    1428,    1445,    1446,    1527,    1526,0
CQUAD4,    1429,    1429,    1446,    1447,    1528,    1527,0
CQUAD4,    1430,    1430,    1447,    1448,    1529,    1528,0
CQUAD4,    1431,    1431,    1448,    1449,    1530,    1529,0
CQUAD4,    1432,    1432,    1449,    1450,    1531,    1530,0
CQUAD4,    1433,    1433,    1450,    1451,    1532,    1531,0
CQUAD4,    1434,    1434,    1451,    1452,    1533,    1532,0
CQUAD4,    1435,    1435,    1452,    1453,    1534,    1533,0
CQUAD4,    1436,    1436,    1453,    1454,    1535,    1534,0
CQUAD4,    1437,    1437,    1454,    1455,    1536,    1535,0
CQUAD4,    1438,    1438,    1455,    1456,    1537,    1536,0
CQUAD4,    1439,    1439,    1456,    1457,    1538,    1537,0
CQUAD4,    1440,    1440,    1457,    1458,    1539,    1538,0
CQUAD4,    1441,    1441,    1459,    1460,    1541,    1540,0
CQUAD4,    1442,    1442,    1460,    1461,    1542,    1541,0
CQUAD4,    1443,    1443,    1461,    1462,    1543,    1542,0
CQUAD4,    1444,    1444,    1462,    1463,    1544,    1543,0
CQUAD4,    1445,    1445,    1463,    1464,    1545,    1544,0
CQUAD4,    1446,    1446,    1464,    1465,    1546,    1545,0
CQUAD4,    1447,    1447,    1465,    1466,    1547,    1546,0
CQUAD4,    1448,    1448,    1466,    1467,    1548,    1547,0
CQUAD4,    1449,    1449,    1467,    1468,    1549,    1548,0
CQUAD4,    1450,    1450,    1468,    1469,    1550,    1549,0
CQUAD4,    1451,    1451,    1469,    1470,    1551,    1550,0
CQUAD4,    1452,    1452,    1470,    1471,    1552,    1551,0
CQUAD4,    1453,    1453,    1471,    1472,    1553,    1552,0
CQUAD4,    1454,    1454,    1472,    1473,    1554,    1553,0
CQUAD4,    1455,    1455,    1473,    1474,    1555,    1554,0
CQUAD4,    1456,    1456,    1474,    1475,    1556,    1555,0
CQUAD4,    1457,    1457,    1475,    1476,    1557,    1556,0
CQUAD4,    1458,    1458,    1476,    1477,    1558,    1557,0
CQUAD4,    1459,    1459,    1477,    1478,    1559,    1558,0
CQUAD4,    1460,    1460,    1478,    1479,    1560,    1559,0
CQUAD4,    1461,    1461,    1479,    1480,    1561,    1560,0
CQUAD4,    1462,    1462,    1480,    1481,    1562,    1561,0
CQUAD4,    1463,    1463,    1481,    1482,    1563,    1562,0
CQUAD4,    1464,    1464,    1482,    1483,    1564,    1563,0
CQUAD4,    1465,    1465,    1483,    1484,    1565,    1564,0
CQUAD4,    1466,    1466,    1484,    1485,    1566,    1565,0
CQUAD4,    1467,    1467,    1485,    1486,    1567,    1566,0
CQUAD4,    1468,    1468,    1486,    1487,    1568,    1567,0
CQUAD4,    1469,    1469,    1487,    1488,    1569,    1568,0
CQUAD4,    1470,    1470,    1488,    1489,    1570,    1569,0
CQUAD4,    1471,    1471,    1489,    1490,    1571,    1570,0
CQUAD4,    1472,    1472,    1490,    1491,    1572,    1571,0
CQUAD4,    1473,    1473,    1491,    1492,    1573,    1572,0
CQUAD4,    1474,    1474,    1492,    1493,    1574,    1573,0
CQUAD4,    1475,    1475,    1493,    1494,    1575,    1574,0
CQUAD4,    1476,    1476,    1494,    1495,    1576,    1575,0
CQUAD4,    1477,    1477,    1495,    1496,    1577,    1576,0
CQUAD4,    1478,    1478,    1496,    1497,    1578,    1577,0
CQUAD4,    1479,    1479,    1497,    1498,    1579,    1578,0
CQUAD4,    1480,    1480,    1498,    1499,    1580,    1579,0
CQUAD4,    1481,    1481,    1499,    1500,    1581,    1580,0
CQUAD4,    1482,    1482,    1500,    1501,    1582,    1581,0
CQUAD4,    1483,    1483,    1501,    1502,    1583,    1582,0
CQUAD4,    1484,    1484,    1502,    1503,    1584,    1583,0
CQUAD4,    1485,    1485,    1503,    1504,    1585,    1584,0
CQUAD4,    1486,    1486,    1504,    1505,    1586,    1585,0
CQUAD4,    1487,    1487,    1505,    1506,    1587,    1586,0
CQUAD4,    1488,    1488,    1506,    1507,    1588,    1587,0
CQUAD4,    1489,    1489,    1507,    1508,    1589,    1588,0
CQUAD4,    1490,    1490,    1508,    1509,    1590,    1589,0
CQUAD4,    1491,    1491,    1509,    1510,    1591,    1590,0
CQUAD4,    1492,    1492,    1510,    1511,    1592,    1591,0
CQUAD4,    1493,    1493,    1511,    1512,    1593,    1592,0
CQUAD4,    1494,    1494,    1512,    1513,    1594,    1593,0
CQUAD4,    1495,    1495,    1513,    1514,    1595,    1594,0
CQUAD4,    1496,    1496,    1514,    1515,    1596,    1595,0
CQUAD4,    1497,    1497,    1515,    1516,    1597,    1596,0
CQUAD4,    1498,    1498,    1516,    1517,    1598,    1597,0
CQUAD4,    1499,    1499,    1517,    1518,    1599,    1598,0
CQUAD4,    1500,    1500,    1518,    1519,    1600,    1599,0
CQUAD4,    1501,    1501,    1519,    1520,    1601,    1600,0
CQUAD4,    1502,    1502,    1520,    1521,    1602,    1601,0
CQUAD4,    1503,    1503,    1521,    1522,    1603,    1602,0
CQUAD4,    1504,    1504,    1522,    1523,    1604,    1603,0
CQUAD4,    1505,    1505,    1523,    1524,    1605,    1604,0
CQUAD4,    1506,    1506,    1524,    1525,    1606,    1605,0
CQUAD4,    1507,    1507,    1525,    1526,    1607,    1606,0
CQUAD4,    1508,    1508,    1526,    1527,    1608,    1607,0
CQUAD4,    1509,    1509,    1527,    1528,    1609,    1608,0
CQUAD4,    1510,    1510,    1528,    1529,    1610,    1609,0
CQUAD4,    1511,    1511,    1529,    1530,    1611,    1610,0
CQUAD4,    1512,    1512,    1530,    1531,    1612,    1611,0
CQUAD4,    1513,    1513,    1531,    1532,    1613,    1612,0
CQUAD4,    1514,    1514,    1532,    1533,    1614,    1613,0
CQUAD4,    1515,    1515,    1533,    1534,    1615,    1614,0
CQUAD4,    1516,    1516,    1534,    1535,    1616,    1615,0
CQUAD4,    1517,    1517,    1535,    1536,    1617,    1616,0
CQUAD4,    1518,    1518,    1536,    1537,    1618,    1617,0
CQUAD4,    1519,    1519,    1537,    1538,    1619,    1618,0
CQUAD4,    1520,    1520,    1538,    1539,    1620,    1619,0
CQUAD4,    1521,    1521,    1540,    1541,    1622,    1621,0
CQUAD4,    1522,    1522,    1541,    1542,    1623,    1622,0
CQUAD4,    1523,    1523,    1542,    1543,    1624,    1623,0
CQUAD4,    1524,    1524,    1543,    1544,    1625,    1624,0
CQUAD4,    1525,    1525,    1544,    1545,    1626,    1625,0
CQUAD4,    1526,    1526,    1545,    1546,    1627,    1626,0
CQUAD4,    1527,    1527,    1546,    1547,    1628,    1627,0
CQUAD4,    1528,    1528,    1547,    1548,    1629,    1628,0
CQUAD4,    1529,    1529,    1548,    1549,    1630,    1629,0
CQUAD4,    1530,    1530,    1549,    1550,    1631,    1630,0
CQUAD4,    1531,    1531,    1550,    1551,    1632,    1631,0
CQUAD4,    1532,    1532,    1551,    1552,    1633,    1632,0
CQUAD4,    1533,    1533,    1552,    1553,    1634,    1633,0
CQUAD4,    1534,    1534,    1553,    1554,    1635,    1634,0
CQUAD4,    1535,    1535,    1554,    1555,    1636,    1635,0
CQUAD4,    1536,    1536,    1555,    1556,    1637,    1636,0
CQUAD4,    1537,    1537,    1556,    1557,    1638,    1637,0
CQUAD4,    1538,    1538,    1557,    1558,    1639,    1638,0
CQUAD4,    1539,    1539,    1558,    1559,    1640,    1639,0
CQUAD4,    1540,    1540,    1559,    1560,    1641,    1640,0
CQUAD4,    1541,    1541,    1560,    1561,    1642,    1641,0
CQUAD4,    1542,    1542,    1561,    1562,    1643,    1642,0
CQUAD4,    1543,    1543,    1562,    1563,    1644,    1643,0
CQUAD4,    1544,    1544,    1563,    1564,    1645,    1644,0
CQUAD4,    1545,    1545,    1564,    1565,    1646,    1645,0
CQUAD4,    1546,    1546,    1565,    1566,    1647,    1646,0
CQUAD4,    1547,    1547,    1566,    1567,    1648,    1647,0
CQUAD4,    1548,    1548,    1567,    1568,    1649,    1648,0
CQUAD4,    1549,    1549,    1568,    1569,    1650,    1649,0
CQUAD4,    1550,    1550,    1569,    1570,    1651,    1650,0
CQUAD4,    1551,    1551,    1570,    1571,    1652,    1651,0
CQUAD4,    1552,    1552,    1571,    1572,    1653,    1652,0
CQUAD4,    1553,    1553,    1572,    1573,    1654,    1653,0
CQUAD4,    1554,    1554,    1573,    1574,    1655,    1654,0
CQUAD4,    1555,    1555,    1574,    1575,    1656,    1655,0
CQUAD4,    1556,    1556,    1575,    1576,    1657,    1656,0
CQUAD4,    1557,    1557,    1576,    1577,    1658,    1657,0
CQUAD4,    1558,    1558,    1577,    1578,    1659,    1658,0
CQUAD4,    1559,    1559,    1578,    1579,    1660,    1659,0
CQUAD4,    1560,    1560,    1579,    1580,    1661,    1660,0
CQUAD4,    1561,    1561,    1580,    1581,    1662,    1661,0
CQUAD4,    1562,    1562,    1581,    1582,    1663,    1662,0
CQUAD4,    1563,    1563,    1582,    1583,    1664,    1663,0
CQUAD4,    1564,    1564,    1583,    1584,    1665,    1664,0
CQUAD4,    1565,    1565,    1584,    1585,    1666,    1665,0
CQUAD4,    1566,    1566,    1585,    1586,    1667,    1666,0
CQUAD4,    1567,    1567,    1586,    1587,    1668,    1667,0
CQUAD4,    1568,    1568,    1587,    1588,    1669,    1668,0
CQUAD4,    1569,    1569,    1588,    1589,    1670,    1669,0
CQUAD4,    1570,    1570,    1589,    1590,    1671,    1670,0
CQUAD4,    1571,    1571,    1590,    1591,    1672,    1671,0
CQUAD4,    1572,    1572,    1591,    1592,    1673,    1672,0
CQUAD4,    1573,    1573,    1592,    1593,    1674,    1673,0
CQUAD4,    1574,    1574,    1593,    1594,    1675,    1674,0
CQUAD4,    1575,    1575,    1594,    1595,    1676,    1675,0
CQUAD4,    1576,    1576,    1595,    1596,    1677,    1676,0
CQUAD4,    1577,    1577,    1596,    1597,    1678,    1677,0
CQUAD4,    1578,    1578,    1597,    1598,    1679,    1678,0
CQUAD4,    1579,    1579,    1598,    1599,    1680,    1679,0
CQUAD4,    1580,    1580,    1599,    1600,    1681,    1680,0
CQUAD4,    1581,    1581,    1600,    1601,    1682,    1681,0
CQUAD4,    1582,    1582,    1601,    1602,    1683,    1682,0
CQUAD4,    1583,    1583,    1602,    1603,    1684,    1683,0
CQUAD4,    1584,    1584,    1603,    1604,    1685,    1684,0
CQUAD4,    1585,    1585,    1604,    1605,    1686,    1685,0
CQUAD4,    1586,    1586,    1605,    1606,    1687,    1686,0
CQUAD4,    1587,    1587,    1606,    1607,    1688,    1687,0
CQUAD4,    1588,    1588,    1607,    1608,    1689,    1688,0
CQUAD4,    1589,    1589,    1608,    1609,    1690,    1689,0
CQUAD4,    1590,    1590,    1609,    1610,    1691,    1690,0
CQUAD4,    1591,    1591,    1610,    1611,    1692,    1691,0
CQUAD4,    1592,    1592,    1611,    1612,    1693,    1692,0
CQUAD4,    1593,    1593,    1612,    1613,    1694,    1693,0
CQUAD4,    1594,    1594,    1613,    1614,    1695,    1694,0
CQUAD4,    1595,    1595,    1614,    1615,    1696,    1695,0
CQUAD4,    1596,    1596,    1615,    1616,    1697,    1696,0
CQUAD4,    1597,    1597,    1616,    1617,    1698,    1697,0
CQUAD4,    1598,    1598,    1617,    1618,    1699,    1698,0
CQUAD4,    1599,    1599,    1618,    1619,    1700,    1699,0
CQUAD4,    1600,    1600,    1619,    1620,    1701,    1700,0
CQUAD4,    1601,    1601,    1621,    1622,    1703,    1702,0
CQUAD4,    1602,    1602,    1622,    1623,    1704,    1703,0
CQUAD4,    1603,    1603,    1623,    1624,    1705,    1704,0
CQUAD4,    1604,    1604,    1624,    1625,    1706,    1705,0
CQUAD4,    1605,    1605,    1625,    1626,    1707,    1706,0
CQUAD4,    1606,    1606,    1626,    1627,    1708,    1707,0
CQUAD4,    1607,    1607,    1627,    1628,    1709,    1708,0
CQUAD4,    1608,    1608,    1628,    1629,    1710,    1709,0
CQUAD4,    1609,    1609,    1629,    1630,    1711,    1710,0
CQUAD4,    1610,    1610,    1630,    1631,    1712,    1711,0
CQUAD4,    1611,    1611,    1631,    1632,    1713,    1712,0
CQUAD4,    1612,    1612,    1632,    1633,    1714,    1713,0
CQUAD4,    1613,    1613,    1633,    1634,    1715,    1714,0
CQUAD4,    1614,    1614,    1634,    1635,    1716,    1715,0
CQUAD4,    1615,    1615,    1635,    1636,    1717,    1716,0
CQUAD4,    1616,    1616,    1636,    1637,    1718,    1717,0
CQUAD4,    1617,    1617,    1637,    1638,    1719,    1718,0
CQUAD4,    1618,    1618,    1638,    1639,    1720,    1719,0
CQUAD4,    1619,    1619,    1639,    1640,    1721,    1720,0
CQUAD4,    1620,    1620,    1640,    1641,    1722,    1721,0
CQUAD4,    1621,    1621,    1641,    1642,    1723,    1722,0
CQUAD4,    1622,    1622,    1642,    1643,    1724,    1723,0
CQUAD4,    1623,    1623,    1643,    1644,    1725,    1724,0
CQUAD4,    1624,    1624,    1644,    1645,    1726,    1725,0
CQUAD4,    1625,    1625,    1645,    1646,    1727,    1726,0
CQUAD4,    1626,    1626,    1646,    1647,    1728,    1727,0
CQUAD4,    1627,    1627,    1647,    1648,    1729,    1728,0
CQUAD4,    1628,    1628,    1648,    1649,    1730,    1729,0
CQUAD4,    1629,    1629,    1649,    1650,    1731,    1730,0
CQUAD4,    1630,    1630,    1650,    1651,    1732,    1731,0
CQUAD4,    1631,    1631,    1651,    1652,    1733,    1732,0
CQUAD4,    1632,    1632,    1652,    1653,    1734,    1733,0
CQUAD4,    1633,    1633,    1653,    1654,    1735,    1734,0
CQUAD4,    1634,    1634,    1654,    1655,    1736,    1735,0
CQUAD4,    1635,    1635,    1655,    1656,    1737,    1736,0
CQUAD4,    1636,    1636,    1656,    1657,    1738,    1737,0
CQUAD4,    1637,    1637,    1657,    1658,    1739,    1738,0
CQUAD4,    1638,    1638,    1658,    1659,    1740,    1739,0
CQUAD4,    1639,    1639,    1659,    1660,    1741,    1740,0
CQUAD4,    1640,    1640,    1660,    1661,    1742,    1741,0
CQUAD4,    1641,    1641,    1661,    1662,    1743,    1742,0
CQUAD4,    1642,    1642,    1662,    1663,    1744,    1743,0
CQUAD4,    1643,    1643,    1663,    1664,    1745,    1744,0
CQUAD4,    1644,    1644,    1664,    1665,    1746,    1745,0
CQUAD4,    1645,    1645,    1665,    1666,    1747,    1746,0
CQUAD4,    1646,    1646,    1666,    1667,    1748,    1747,0
CQUAD4,    1647,    1647,    1667,    1668,    1749,    1748,0
CQUAD4,    1648,    1648,    1668,    1669,    1750,    1749,0
CQUAD4,    1649,    1649,    1669,    1670,    1751,    1750,0
CQUAD4,    1650,    1650,    1670,    1671,    1752,    1751,0
CQUAD4,    1651,    1651,    1671,    1672,    1753,    1752,0
CQUAD4,    1652,    1652,    1672,    1673,    1754,    1753,0
CQUAD4,    1653,    1653,    1673,    1674,    1755,    1754,0
CQUAD4,    1654,    1654,    1674,    1675,    1756,    1755,0
CQUAD4,    1655,    1655,    1675,    1676,    1757,    1756,0
CQUAD4,    1656,    1656,    1676,    1677,    1758,    1757,0
CQUAD4,    1657,    1657,    1677,    1678,    1759,    1758,0
CQUAD4,    1658,    1658,    1678,    1679,    1760,    1759,0
CQUAD4,    1659,    1659,    1679,    1680,    1761,    1760,0
CQUAD4,    1660,    1660,    1680,    1681,    1762,    1761,0
CQUAD4,    1661,    1661,    1681,    1682,    1763,    1762,0
CQUAD4,    1662,    1662,    1682,    1683,    1764,    1763,0
CQUAD4,    1663,    1663,    1683,    1684,    1765,    1764,0
CQUAD4,    1664,    1664,    1684,    1685,    1766,    1765,0
CQUAD4,    1665,    1665,    1685,    1686,    1767,    1766,0
CQUAD4,    1666,    1666,    1686,    1687,    1768,    1767,0
CQUAD4,    1667,    1667,    1687,    1688,    1769,    1768,0
CQUAD4,    1668,    1668,    1688,    1689,    1770,    1769,0
CQUAD4,    1669,    1669,    1689,    1690,    1771,    1770,0
CQUAD4,    1670,    1670,    1690,    1691,    1772,    1771,0
CQUAD4,    1671,    1671,    1691,    1692,    1773,    1772,0
CQUAD4,    1672,    1672,    1692,    1693,    1774,    1773,0
CQUAD4,    1673,    1673,    1693,    1694,    1775,    1774,0
CQUAD4,    1674,    1674,    1694,    1695,    1776,    1775,0
CQUAD4,    1675,    1675,    1695,    1696,    1777,    1776,0
CQUAD4,    1676,    1676,    1696,    1697,    1778,    1777,0
CQUAD4,    1677,    1677,    1697,    1698,    1779,    1778,0
CQUAD4,    1678,    1678,    1698,    1699,    1780,    1779,0
CQUAD4,    1679,    1679,    1699,    1700,    1781,    1780,0
CQUAD4,    1680,    1680,    1700,    1701,    1782,    1781,0
CQUAD4,    1681,    1681,    1702,    1703,    1784,    1783,0
CQUAD4,    1682,    1682,    1703,    1704,    1785,    1784,0
CQUAD4,    1683,    1683,    1704,    1705,    1786,    1785,0
CQUAD4,    1684,    1684,    1705,    1706,    1787,    1786,0
CQUAD4,    1685,    1685,    1706,    1707,    1788,    1787,0
CQUAD4,    1686,    1686,    1707,    1708,    1789,    1788,0
CQUAD4,    1687,    1687,    1708,    1709,    1790,    1789,0
CQUAD4,    1688,    1688,    1709,    1710,    1791,    1790,0
CQUAD4,    1689,    1689,    1710,    1711,    1792,    1791,0
CQUAD4,    1690,    1690,    1711,    1712,    1793,    1792,0
CQUAD4,    1691,    1691,    1712,    1713,    1794,    1793,0
CQUAD4,    1692,    1692,    1713,    1714,    1795,    1794,0
CQUAD4,    1693,    1693,    1714,    1715,    1796,    1795,0
CQUAD4,    1694,    1694,    1715,    1716,    1797,    1796,0
CQUAD4,    1695,    1695,    1716,    1717,    1798,    1797,0
CQUAD4,    1696,    1696,    1717,    1718,    1799,    1798,0
CQUAD4,    1697,    1697,    1718,    1719,    1800,    1799,0
CQUAD4,    1698,    1698,    1719,    1720,    1801,    1800,0
CQUAD4,    1699,    1699,    1720,    1721,    1802,    1801,0
CQUAD4,    1700,    1700,    1721,    1722,    1803,    1802,0
CQUAD4,    1701,    1701,    1722,    1723,    1804,    1803,0
CQUAD4,    1702,    1702,    1723,    1724,    1805,    1804,0
CQUAD4,    1703,    1703,    1724,    1725,    1806,    1805,0
CQUAD4,    1704,    1704,    1725,    1726,    1807,    1806,0
CQUAD4,    1705,    1705,    1726,    1727,    1808,    1807,0
CQUAD4,    1706,    1706,    1727,    1728,    1809,    1808,0
CQUAD4,    1707,    1707,    1728,    1729,    1810,    1809,0
CQUAD4,    1708,    1708,    1729,    1730,    1811,    1810,0
CQUAD4,    1709,    1709,    1730,    1731,    1812,    1811,0
CQUAD4,    1710,    1710,    1731,    1732,    1813,    1812,0
CQUAD4,    1711,    1711,    1732,    1733,    1814,    1813,0
CQUAD4,    1712,    1712,    1733,    1734,    1815,    1814,0
CQUAD4,    1713,    1713,    1734,    1735,    1816,    1815,0
CQUAD4,    1714,    1714,    1735,    1736,    1817,    1816,0
CQUAD4,    1715,    1715,    1736,    1737,    1818,    1817,0
CQUAD4,    1716,    1716,    1737,    1738,    1819,    1818,0
CQUAD4,    1717,    1717,    1738,    1739,    1820,    1819,0
CQUAD4,    1718,    1718,    1739,    1740,    1821,    1820,0
CQUAD4,    1719,    1719,    1740,    1741,    1822,    1821,0
CQUAD4,    1720,    1720,    1741,    1742,    1823,    1822,0
CQUAD4,    1721,    1721,    1742,    1743,    1824,    1823,0
CQUAD4,    1722,    1722,    1743,    1744,    1825,    1824,0
CQUAD4,    1723,    1723,    1744,    1745,    1826,    1825,0
CQUAD4,    1724,    1724,    1745,    1746,    1827,    1826,0
CQUAD4,    1725,    1725,    1746,    1747,    1828,    1827,0
CQUAD4,    1726,    1726,    1747,    1748,    1829,    1828,0
CQUAD4,    1727,    1727,    1748,    1749,    1830,    1829,0
CQUAD4,    1728,    1728,    1749,    1750,    1831,    1830,0
CQUAD4,    1729,    1729,    1750,    1751,    1832,    1831,0
CQUAD4,    1730,    1730,    1751,    1752,    1833,    1832,0
CQUAD4,    1731,    1731,    1752,    1753,    1834,    1833,0
CQUAD4,    1732,    1732,    1753,    1754,    1835,    1834,0
CQUAD4,    1733,    1733,    1754,    1755,    1836,    1835,0
CQUAD4,    1734,    1734,    1755,    1756,    1837,    1836,0
CQUAD4,    1735,    1735,    1756,    1757,    1838,    1837,0
CQUAD4,    1736,    1736,    1757,    1758,    1839,    1838,0
CQUAD4,    1737,    1737,    1758,    1759,    1840,    1839,0
CQUAD4,    1738,    1738,    1759,    1760,    1841,    1840,0
CQUAD4,    1739,    1739,    1760,    1761,    1842,    1841,0
CQUAD4,    1740,    1740,    1761,    1762,    1843,    1842,0
CQUAD4,    1741,    1741,    1762,    1763,    1844,    1843,0
CQUAD4,    1742,    1742,    1763,    1764,    1845,    1844,0
CQUAD4,    1743,    1743,    1764,    1765,    1846,    1845,0
CQUAD4,    1744,    1744,    1765,    1766,    1847,    1846,0
CQUAD4,    1745,    1745,    1766,    1767,    1848,    1847,0
CQUAD4,    1746,    1746,    1767,    1768,    1849,    1848,0
CQUAD4,    1747,    1747,    1768,    1769,    1850,    1849,0
CQUAD4,    1748,    1748,    1769,    1770,    1851,    1850,0
CQUAD4,    1749,    1749,    1770,    1771,    1852,    1851,0
CQUAD4,    1750,    1750,    1771,    1772,    1853,    1852,0
CQUAD4,    1751,    1751,    1772,    1773,    1854,    1853,0
CQUAD4,    1752,    1752,    1773,    1774,    1855,    1854,0
CQUAD4,    1753,    1753,    1774,    1775,    1856,    1855,0
CQUAD4,    1754,    1754,    1775,    1776,    1857,    1856,0
CQUAD4,    1755,    1755,    1776,    1777,    1858,    1857,0
CQUAD4,    1756,    1756,    1777,    1778,    1859,    1858,0
CQUAD4,    1757,    1757,    1778,    1779,    1860,    1859,0
CQUAD4,    1758,    1758,    1779,    1780,    1861,    1860,0
CQUAD4,    1759,    1759,    1780,    1781,    1862,    1861,0
CQUAD4,    1760,    1760,    1781,    1782,    1863,    1862,0
CQUAD4,    1761,    1761,    1783,    1784,    1865,    1864,0
CQUAD4,    1762,    1762,    1784,    1785,    1866,    1865,0
CQUAD4,    1763,    1763,    1785,    1786,    1867,    1866,0
CQUAD4,    1764,    1764,    1786,    1787,    1868,    1867,0
CQUAD4,    1765,    1765,    1787,    1788,    1869,    1868,0
CQUAD4,    1766,    1766,    1788,    1789,    1870,    1869,0
CQUAD4,    1767,    1767,    1789,    1790,    1871,    1870,0
CQUAD4,    1768,    1768,    1790,    1791,    1872,    1871,0
CQUAD4,    1769,    1769,    1791,    1792,    1873,    1872,0
CQUAD4,    1770,    1770,    1792,    1793,    1874,    1873,0
CQUAD4,    1771,    1771,    1793,    1794,    1875,    1874,0
CQUAD4,    1772,    1772,    1794,    1795,    1876,    1875,0
CQUAD4,    1773,    1773,    1795,    1796,    1877,    1876,0
CQUAD4,    1774,    1774,    1796,    1797,    1878,    1877,0
CQUAD4,    1775,    1775,    1797,    1798,    1879,    1878,0
CQUAD4,    1776,    1776,    1798,    1799,    1880,    1879,0
CQUAD4,    1777,    1777,    1799,    1800,    1881,    1880,0
CQUAD4,    1778,    1778,    1800,    1801,    1882,    1881,0
CQUAD4,    1779,    1779,    1801,    1802,    1883,    1882,0
CQUAD4,    1780,    1780,    1802,    1803,    1884,    1883,0
CQUAD4,    1781,    1781,    1803,    1804,    1885,    1884,0
CQUAD4,    1782,    1782,    1804,    1805,    1886,    1885,0
CQUAD4,    1783,    1783,    1805,    1806,    1887,    1886,0
CQUAD4,    1784,    1784,    1806,    1807,    1888,    1887,0
CQUAD4,    1785,    1785,    1807,    1808,    1889,    1888,0
CQUAD4,    1786,    1786,    1808,    1809,    1890,    1889,0
CQUAD4,    1787,    1787,    1809,    1810,    1891,    1890,0
CQUAD4,    1788,    1788,    1810,    1811,    1892,    1891,0
CQUAD4,    1789,    1789,    1811,    1812,    1893,    1892,0
CQUAD4,    1790,    1790,    1812,    1813,    1894,    1893,0
CQUAD4,    1791,    1791,    1813,    1814,    1895,    1894,0
CQUAD4,    1792,    1792,    1814,    1815,    1896,    1895,0
CQUAD4,    1793,    1793,    1815,    1816,    1897,    1896,0
CQUAD4,    1794,    1794,    1816,    1817,    1898,    1897,0
CQUAD4,    1795,    1795,    1817,    1818,    1899,    1898,0
CQUAD4,    1796,    1796,    1818,    1819,    1900,    1899,0
CQUAD4,    1797,    1797,    1819,    1820,    1901,    1900,0
CQUAD4,    1798,    1798,    1820,    1821,    1902,    1901,0
CQUAD4,    1799,    1799,    1821,    1822,    1903,    1902,0
CQUAD4,    1800,    1800,    1822,    1823,    1904,    1903,0
CQUAD4,    1801,    1801,    1823,    1824,    1905,    1904,0
CQUAD4,    1802,    1802,    1824,    1825,    1906,    1905,0
CQUAD4,    1803,    1803,    1825,    1826,    1907,    1906,0
CQUAD4,    1804,    1804,    1826,    1827,    1908,    1907,0
CQUAD4,    1805,    1805,    1827,    1828,    1909,    1908,0
CQUAD4,    1806,    1806,    1828,    1829,    1910,    1909,0
CQUAD4,    1807,    1807,    1829,    1830,    1911,    1910,0
CQUAD4,    1808,    1808,    1830,    1831,    1912,    1911,0
CQUAD4,    1809,    1809,    1831,    1832,    1913,    1912,0
CQUAD4,    1810,    1810,    1832,    1833,    1914,    1913,0
CQUAD4,    1811,    1811,    1833,    1834,    1915,    1914,0
CQUAD4,    1812,    1812,    1834,    1835,    1916,    1915,0
CQUAD4,    1813,    1813,    1835,    1836,    1917,    1916,0
CQUAD4,    1814,    1814,    1836,    1837,    1918,    1917,0
CQUAD4,    1815,    1815,    1837,    1838,    1919,    1918,0
CQUAD4,    1816,    1816,    1838,    1839,    1920,    1919,0
CQUAD4,    1817,    1817,    1839,    1840,    1921,    1920,0
CQUAD4,    1818,    1818,    1840,    1841,    1922,    1921,0
CQUAD4,    1819,    1819,    1841,    1842,    1923,    1922,0
CQUAD4,    1820,    1820,    1842,    1843,    1924,    1923,0
CQUAD4,    1821,    1821,    1843,    1844,    1925,    1924,0
CQUAD4,    1822,    1822,    1844,    1845,    1926,    1925,0
CQUAD4,    1823,    1823,    1845,    1846,    1927,    1926,0
CQUAD4,    1824,    1824,    1846,    1847,    1928,    1927,0
CQUAD4,    1825,    1825,    1847,    1848,    1929,    1928,0
CQUAD4,    1826,    1826,    1848,    1849,    1930,    1929,0
CQUAD4,    1827,    1827,    1849,    1850,    1931,    1930,0
CQUAD4,    1828,    1828,    1850,    1851,    1932,    1931,0
CQUAD4,    1829,    1829,    1851,    1852,    1933,    1932,0
CQUAD4,    1830,    1830,    1852,    1853,    1934,    1933,0
CQUAD4,    1831,    1831,    1853,    1854,    1935,    1934,0
CQUAD4,    1832,    1832,    1854,    1855,    1936,    1935,0
CQUAD4,    1833,    1833,    1855,    1856,    1937,    1936,0
CQUAD4,    1834,    1834,    1856,    1857,    1938,    1937,0
CQUAD4,    1835,    1835,    1857,    1858,    1939,    1938,0
CQUAD4,    1836,    1836,    1858,    1859,    1940,    1939,0
CQUAD4,    1837,    1837,    1859,    1860,    1941,    1940,0
CQUAD4,    1838,    1838,    1860,    1861,    1942,    1941,0
CQUAD4,    1839,    1839,    1861,    1862,    1943,    1942,0
CQUAD4,    1840,    1840,    1862,    1863,    1944,    1943,0
CQUAD4,    1841,    1841,    1864,    1865,    1946,    1945,0
CQUAD4,    1842,    1842,    1865,    1866,    1947,    1946,0
CQUAD4,    1843,    1843,    1866,    1867,    1948,    1947,0
CQUAD4,    1844,    1844,    1867,    1868,    1949,    1948,0
CQUAD4,    1845,    1845,    1868,    1869,    1950,    1949,0
CQUAD4,    1846,    1846,    1869,    1870,    1951,    1950,0
CQUAD4,    1847,    1847,    1870,    1871,    1952,    1951,0
CQUAD4,    1848,    1848,    1871,    1872,    1953,    1952,0
CQUAD4,    1849,    1849,    1872,    1873,    1954,    1953,0
CQUAD4,    1850,    1850,    1873,    1874,    1955,    1954,0
CQUAD4,    1851,    1851,    1874,    1875,    1956,    1955,0
CQUAD4,    1852,    1852,    1875,    1876,    1957,    1956,0
CQUAD4,    1853,    1853,    1876,    1877,    1958,    1957,0
CQUAD4,    1854,    1854,    1877,    1878,    1959,    1958,0
CQUAD4,    1855,    1855,    1878,    1879,    1960,    1959,0
CQUAD4,    1856,    1856,    1879,    1880,    1961,    1960,0
CQUAD4,    1857,    1857,    1880,    1881,    1962,    1961,0
CQUAD4,    1858,    1858,    1881,    1882,    1963,    1962,0
CQUAD4,    1859,    1859,    1882,    1883,    1964,    1963,0
CQUAD4,    1860,    1860,    1883,    1884,    1965,    1964,0
CQUAD4,    1861,    1861,    1884,    1885,    1966,    1965,0
CQUAD4,    1862,    1862,    1885,    1886,    1967,    1966,0
CQUAD4,    1863,    1863,    1886,    1887,    1968,    1967,0
CQUAD4,    1864,    1864,    1887,    1888,    1969,    1968,0
CQUAD4,    1865,    1865,    1888,    1889,    1970,    1969,0
CQUAD4,    1866,    1866,    1889,    1890,    1971,    1970,0
CQUAD4,    1867,    1867,    1890,    1891,    1972,    1971,0
CQUAD4,    1868,    1868,    1891,    1892,    1973,    1972,0
CQUAD4,    1869,    1869,    1892,    1893,    1974,    1973,0
CQUAD4,    1870,    1870,    1893,    1894,    1975,    1974,0
CQUAD4,    1871,    1871,    1894,    1895,    1976,    1975,0
CQUAD4,    1872,    1872,    1895,    1896,    1977,    1976,0
CQUAD4,    1873,    1873,    1896,    1897,    1978,    1977,0
CQUAD4,    1874,    1874,    1897,    1898,    1979,    1978,0
CQUAD4,    1875,    1875,    1898,    1899,    1980,    1979,0
CQUAD4,    1876,    1876,    1899,    1900,    1981,    1980,0
CQUAD4,    1877,    1877,    1900,    1901,    1982,    1981,0
CQUAD4,    1878,    1878,    1901,    1902,    1983,    1982,0
CQUAD4,    1879,    1879,    1902,    1903,    1984,    1983,0
CQUAD4,    1880,    1880,    1903,    1904,    1985,    1984,0
CQUAD4,    1881,    1881,    1904,    1905,    1986,    1985,0
CQUAD4,    1882,    1882,    1905,    1906,    1987,    1986,0
CQUAD4,    1883,    1883,    1906,    1907,    1988,    1987,0
CQUAD4,    1884,    1884,    1907,    1908,    1989,    1988,0
CQUAD4,    1885,    1885,    1908,    1909,    1990,    1989,0
CQUAD4,    1886,    1886,    1909,    1910,    1991,    1990,0
CQUAD4,    1887,    1887,    1910,    1911,    1992,    1991,0
CQUAD4,    1888,    1888,    1911,    1912,    1993,    1992,0
CQUAD4,    1889,    1889,    1912,    1913,    1994,    1993,0
CQUAD4,    1890,    1890,    1913,    1914,    1995,    1994,0
CQUAD4,    1891,    1891,    1914,    1915,    1996,    1995,0
CQUAD4,    1892,    1892,    1915,    1916,    1997,    1996,0
CQUAD4,    1893,    1893,    1916,    1917,    1998,    1997,0
CQUAD4,    1894,    1894,    1917,    1918,    1999,    1998,0
CQUAD4,    1895,    1895,    1918,    1919,    2000,    1999,0
CQUAD4,    1896,    1896,    1919,    1920,    2001,    2000,0
CQUAD4,    1897,    1897,    1920,    1921,    2002,    2001,0
CQUAD4,    1898,    1898,    1921,    1922,    2003,    2002,0
CQUAD4,    1899,    1899,    1922,    1923,    2004,    2003,0
CQUAD4,    1900,    1900,    1923,    1924,    2005,    2004,0
CQUAD4,    1901,    1901,    1924,    1925,    2006,    2005,0
CQUAD4,    1902,    1902,    1925,    1926,    2007,    2006,0
CQUAD4,    1903,    1903,    1926,    1927,    2008,    2007,0
CQUAD4,    1904,    1904,    1927,    1928,    2009,    2008,0
CQUAD4,    1905,    1905,    1928,    1929,    2010,    2009,0
CQUAD4,    1906,    1906,    1929,    1930,    2011,    2010,0
CQUAD4,    1907,    1907,    1930,    1931,    2012,    2011,0
CQUAD4,    1908,    1908,    1931,    1932,    2013,    2012,0
CQUAD4,    1909,    1909,    1932,    1933,    2014,    2013,0
CQUAD4,    1910,    1910,    1933,    1934,    2015,    2014,0
CQUAD4,    1911,    1911,    1934,    1935,    2016,    2015,0
CQUAD4,    1912,    1912,    1935,    1936,    2017,    2016,0
CQUAD4,    1913,    1913,    1936,    1937,    2018,    2017,0
CQUAD4,    1914,    1914,    1937,    1938,    2019,    2018,0
CQUAD4,    1915,    1915,    1938,    1939,    2020,    2019,0
CQUAD4,    1916,    1916,    1939,    1940,    2021,    2020,0
CQUAD4,    1917,    1917,    1940,    1941,    2022,    2021,0
CQUAD4,    1918,    1918,    1941,    1942,    2023,    2022,0
CQUAD4,    1919,    1919,    1942,    1943,    2024,    2023,0
CQUAD4,    1920,    1920,    1943,    1944,    2025,    2024,0
CQUAD4,    1921,    1921,    1945,    1946,    2027,    2026,0
CQUAD4,    1922,    1922,    1946,    1947,    2028,    2027,0
CQUAD4,    1923,    1923,    1947,    1948,    2029,    2028,0
CQUAD4,    1924,    1924,    1948,    1949,    2030,    2029,0
CQUAD4,    1925,    1925,    1949,    1950,    2031,    2030,0
CQUAD4,    1926,    1926,    1950,    1951,    2032,    2031,0
CQUAD4,    1927,    1927,    1951,    1952,    2033,    2032,0
CQUAD4,    1928,    1928,    1952,    1953,    2034,    2033,0
CQUAD4,    1929,    1929,    1953,    1954,    2035,    2034,0
CQUAD4,    1930,    1930,    1954,    1955,    2036,    2035,0
CQUAD4,    1931,    1931,    1955,    1956,    2037,    2036,0
CQUAD4,    1932,    1932,    1956,    1957,    2038,    2037,0
CQUAD4,    1933,    1933,    1957,    1958,    2039,    2038,0
CQUAD4,    1934,    1934,    1958,    1959,    2040,    2039,0
CQUAD4,    1935,    1935,    1959,    1960,    2041,    2040,0
CQUAD4,    1936,    1936,    1960,    1961,    2042,    2041,0
CQUAD4,    1937,    1937,    1961,    1962,    2043,    2042,0
CQUAD4,    1938,    1938,    1962,    1963,    2044,    2043,0
CQUAD4,    1939,    1939,    1963,    1964,    2045,    2044,0
CQUAD4,    1940,    1940,    1964,    1965,    2046,    2045,0
CQUAD4,    1941,    1941,    1965,    1966,    2047,    2046,0
CQUAD4,    1942,    1942,    1966,    1967,    2048,    2047,0
CQUAD4,    1943,    1943,    1967,    1968,    2049,    2048,0
CQUAD4,    1944,    1944,    1968,    1969,    2050,    2049,0
CQUAD4,    1945,    1945,    1969,    1970,    2051,    2050,0
CQUAD4,    1946,    1946,    1970,    1971,    2052,    2051,0
CQUAD4,    1947,    1947,    1971,    1972,    2053,    2052,0
CQUAD4,    1948,    1948,    1972,    1973,    2054,    2053,0
CQUAD4,    1949,    1949,    1973,    1974,    2055,    2054,0
CQUAD4,    1950,    1950,    1974,    1975,    2056,    2055,0
CQUAD4,    1951,    1951,    1975,    1976,    2057,    2056,0
CQUAD4,    1952,    1952,    1976,    1977,    2058,    2057,0
CQUAD4,    1953,    1953,    1977,    1978,    2059,    2058,0
CQUAD4,    1954,    1954,    1978,    1979,    2060,    2059,0
CQUAD4,    1955,    1955,    1979,    1980,    2061,    2060,0
CQUAD4,    1956,    1956,    1980,    1981,    2062,    2061,0
CQUAD4,    1957,    1957,    1981,    1982,    2063,    2062,0
CQUAD4,    1958,    1958,    1982,    1983,    2064,    2063,0
CQUAD4,    1959,    1959,    1983,    1984,    2065,    2064,0
CQUAD4,    1960,    1960,    1984,    1985,    2066,    2065,0
CQUAD4,    1961,    1961,    1985,    1986,    2067,    2066,0
CQUAD4,    1962,    1962,    1986,    1987,    2068,    2067,0
CQUAD4,    1963,    1963,    1987,    1988,    2069,    2068,0
CQUAD4,    1964,    1964,    1988,    1989,    2070,    2069,0
CQUAD4,    1965,    1965,    1989,    1990,    2071,    2070,0
CQUAD4,    1966,    1966,    1990,    1991,    2072,    2071,0
CQUAD4,    1967,    1967,    1991,    1992,    2073,    2072,0
CQUAD4,    1968,    1968,    1992,    1993,    2074,    2073,0
CQUAD4,    1969,    1969,    1993,    1994,    2075,    2074,0
CQUAD4,    1970,    1970,    1994,    1995,    2076,    2075,0
CQUAD4,    1971,    1971,    1995,    1996,    2077,    2076,0
CQUAD4,    1972,    1972,    1996,    1997,    2078,    2077,0
CQUAD4,    1973,    1973,    1997,    1998,    2079,    2078,0
CQUAD4,    1974,    1974,    1998,    1999,    2080,    2079,0
CQUAD4,    1975,    1975,    1999,    2000,    2081,    2080,0
CQUAD4,    1976,    1976,    2000,    2001,    2082,    2081,0
CQUAD4,    1977,    1977,    2001,    2002,    2083,    2082,0
CQUAD4,    1978,    1978,    2002,    2003,    2084,    2083,0
CQUAD4,    1979,    1979,    2003,    2004,    2085,    2084,0
CQUAD4,    1980,    1980,    2004,    2005,    2086,    2085,0
CQUAD4,    1981,    1981,    2005,    2006,    2087,    2086,0
CQUAD4,    1982,    1982,    2006,    2007,    2088,    2087,0
CQUAD4,    1983,    1983,    2007,    2008,    2089,    2088,0
CQUAD4,    1984,    1984,    2008,    2009,    2090,    2089,0
CQUAD4,    1985,    1985,    2009,    2010,    2091,    2090,0
CQUAD4,    1986,    1986,    2010,    2011,    2092,    2091,0
CQUAD4,    1987,    1987,    2011,    2012,    2093,    2092,0
CQUAD4,    1988,    1988,    2012,    2013,    2094,    2093,0
CQUAD4,    1989,    1989,    2013,    2014,    2095,    2094,0
CQUAD4,    1990,    1990,    2014,    2015,    2096,    2095,0
CQUAD4,    1991,    1991,    2015,    2016,    2097,    2096,0
CQUAD4,    1992,    1992,    2016,    2017,    2098,    2097,0
CQUAD4,    1993,    1993,    2017,    2018,    2099,    2098,0
CQUAD4,    1994,    1994,    2018,    2019,    2100,    2099,0
CQUAD4,    1995,    1995,    2019,    2020,    2101,    2100,0
CQUAD4,    1996,    1996,    2020,    2021,    2102,    2101,0
CQUAD4,    1997,    1997,    2021,    2022,    2103,    2102,0
CQUAD4,    1998,    1998,    2022,    2023,    2104,    2103,0
CQUAD4,    1999,    1999,    2023,    2024,    2105,    2104,0
CQUAD4,    2000,    2000,    2024,    2025,    2106,    2105,0
CQUAD4,    2001,    2001,    2026,    2027,    2108,    2107,0
CQUAD4,    2002,    2002,    2027,    2028,    2109,    2108,0
CQUAD4,    2003,    2003,    2028,    2029,    2110,    2109,0
CQUAD4,    2004,    2004,    2029,    2030,    2111,    2110,0
CQUAD4,    2005,    2005,    2030,    2031,    2112,    2111,0
CQUAD4,    2006,    2006,    2031,    2032,    2113,    2112,0
CQUAD4,    2007,    2007,    2032,    2033,    2114,    2113,0
CQUAD4,    2008,    2008,    2033,    2034,    2115,    2114,0
CQUAD4,    2009,    2009,    2034,    2035,    2116,    2115,0
CQUAD4,    2010,    2010,    2035,    2036,    2117,    2116,0
CQUAD4,    2011,    2011,    2036,    2037,    2118,    2117,0
CQUAD4,    2012,    2012,    2037,    2038,    2119,    2118,0
CQUAD4,    2013,    2013,    2038,    2039,    2120,    2119,0
CQUAD4,    2014,    2014,    2039,    2040,    2121,    2120,0
CQUAD4,    2015,    2015,    2040,    2041,    2122,    2121,0
CQUAD4,    2016,    2016,    2041,    2042,    2123,    2122,0
CQUAD4,    2017,    2017,    2042,    2043,    2124,    2123,0
CQUAD4,    2018,    2018,    2043,    2044,    2125,    2124,0
CQUAD4,    2019,    2019,    2044,    2045,    2126,    2125,0
CQUAD4,    2020,    2020,    2045,    2046,    2127,    2126,0
CQUAD4,    2021,    2021,    2046,    2047,    2128,    2127,0
CQUAD4,    2022,    2022,    2047,    2048,    2129,    2128,0
CQUAD4,    2023,    2023,    2048,    2049,    2130,    2129,0
CQUAD4,    2024,    2024,    2049,    2050,    2131,    2130,0
CQUAD4,    2025,    2025,    2050,    2051,    2132,    2131,0
CQUAD4,    2026,    2026,    2051,    2052,    2133,    2132,0
CQUAD4,    2027,    2027,    2052,    2053,    2134,    2133,0
CQUAD4,    2028,    2028,    2053,    2054,    2135,    2134,0
CQUAD4,    2029,    2029,    2054,    2055,    2136,    2135,0
CQUAD4,    2030,    2030,    2055,    2056,    2137,    2136,0
CQUAD4,    2031,    2031,    2056,    2057,    2138,    2137,0
CQUAD4,    2032,    2032,    2057,    2058,    2139,    2138,0
CQUAD4,    2033,    2033,    2058,    2059,    2140,    2139,0
CQUAD4,    2034,    2034,    2059,    2060,    2141,    2140,0
CQUAD4,    2035,    2035,    2060,    2061,    2142,    2141,0
CQUAD4,    2036,    2036,    2061,    2062,    2143,    2142,0
CQUAD4,    2037,    2037,    2062,    2063,    2144,    2143,0
CQUAD4,    2038,    2038,    2063,    2064,    2145,    2144,0
CQUAD4,    2039,    2039,    2064,    2065,    2146,    2145,0
CQUAD4,    2040,    2040,    2065,    2066,    2147,    2146,0
CQUAD4,    2041,    2041,    2066,    2067,    2148,    2147,0
CQUAD4,    2042,    2042,    2067,    2068,    2149,    2148,0
CQUAD4,    2043,    2043,    2068,    2069,    2150,    2149,0
CQUAD4,    2044,    2044,    2069,    2070,    2151,    2150,0
CQUAD4,    2045,    2045,    2070,    2071,    2152,    2151,0
CQUAD4,    2046,    2046,    2071,    2072,    2153,    2152,0
CQUAD4,    2047,    2047,    2072,    2073,    2154,    2153,0
CQUAD4,    2048,    2048,    2073,    2074,    2155,    2154,0
CQUAD4,    2049,    2049,    2074,    2075,    2156,    2155,0
CQUAD4,    2050,    2050,    2075,    2076,    2157,    2156,0
CQUAD4,    2051,    2051,    2076,    2077,    2158,    2157,0
CQUAD4,    2052,    2052,    2077,    2078,    2159,    2158,0
CQUAD4,    2053,    2053,    2078,    2079,    2160,    2159,0
CQUAD4,    2054,    2054,    2079,    2080,    2161,    2160,0
CQUAD4,    2055,    2055,    2080,    2081,    2162,    2161,0
CQUAD4,    2056,    2056,    2081,    2082,    2163,    2162,0
CQUAD4,    2057,    2057,    2082,    2083,    2164,    2163,0
CQUAD4,    2058,    2058,    2083,    2084,    2165,    2164,0
CQUAD4,    2059,    2059,    2084,    2085,    2166,    2165,0
CQUAD4,    2060,    2060,    2085,    2086,    2167,    2166,0
CQUAD4,    2061,    2061,    2086,    2087,    2168,    2167,0
CQUAD4,    2062,    2062,    2087,    2088,    2169,    2168,0
CQUAD4,    2063,    2063,    2088,    2089,    2170,    2169,0
CQUAD4,    2064,    2064,    2089,    2090,    2171,    2170,0
CQUAD4,    2065,    2065,    2090,    2091,    2172,    2171,0
CQUAD4,    2066,    2066,    2091,    2092,    2173,    2172,0
CQUAD4,    2067,    2067,    2092,    2093,    2174,    2173,0
CQUAD4,    2068,    2068,    2093,    2094,    2175,    2174,0
CQUAD4,    2069,    2069,    2094,    2095,    2176,    2175,0
CQUAD4,    2070,    2070,    2095,    2096,    2177,    2176,0
CQUAD4,    2071,    2071,    2096,    2097,    2178,    2177,0
CQUAD4,    2072,    2072,    2097,    2098,    2179,    2178,0
CQUAD4,    2073,    2073,    2098,    2099,    2180,    2179,0
CQUAD4,    2074,    2074,    2099,    2100,    2181,    2180,0
CQUAD4,    2075,    2075,    2100,    2101,    2182,    2181,0
CQUAD4,    2076,    2076,    2101,    2102,    2183,    2182,0
CQUAD4,    2077,    2077,    2102,    2103,    2184,    2183,0
CQUAD4,    2078,    2078,    2103,    2104,    2185,    2184,0
CQUAD4,    2079,    2079,    2104,    2105,    2186,    2185,0
CQUAD4,    2080,    2080,    2105,    2106,    2187,    2186,0
CQUAD4,    2081,    2081,    2107,    2108,    2189,    2188,0
CQUAD4,    2082,    2082,    2108,    2109,    2190,    2189,0
CQUAD4,    2083,    2083,    2109,    2110,    2191,    2190,0
CQUAD4,    2084,    2084,    2110,    2111,    2192,    2191,0
CQUAD4,    2085,    2085,    2111,    2112,    2193,    2192,0
CQUAD4,    2086,    2086,    2112,    2113,    2194,    2193,0
CQUAD4,    2087,    2087,    2113,    2114,    2195,    2194,0
CQUAD4,    2088,    2088,    2114,    2115,    2196,    2195,0
CQUAD4,    2089,    2089,    2115,    2116,    2197,    2196,0
CQUAD4,    2090,    2090,    2116,    2117,    2198,    2197,0
CQUAD4,    2091,    2091,    2117,    2118,    2199,    2198,0
CQUAD4,    2092,    2092,    2118,    2119,    2200,    2199,0
CQUAD4,    2093,    2093,    2119,    2120,    2201,    2200,0
CQUAD4,    2094,    2094,    2120,    2121,    2202,    2201,0
CQUAD4,    2095,    2095,    2121,    2122,    2203,    2202,0
CQUAD4,    2096,    2096,    2122,    2123,    2204,    2203,0
CQUAD4,    2097,    2097,    2123,    2124,    2205,    2204,0
CQUAD4,    2098,    2098,    2124,    2125,    2206,    2205,0
CQUAD4,    2099,    2099,    2125,    2126,    2207,    2206,0
CQUAD4,    2100,    2100,    2126,    2127,    2208,    2207,0
CQUAD4,    2101,    2101,    2127,    2128,    2209,    2208,0
CQUAD4,    2102,    2102,    2128,    2129,    2210,    2209,0
CQUAD4,    2103,    2103,    2129,    2130,    2211,    2210,0
CQUAD4,    2104,    2104,    2130,    2131,    2212,    2211,0
CQUAD4,    2105,    2105,    2131,    2132,    2213,    2212,0
CQUAD4,    2106,    2106,    2132,    2133,    2214,    2213,0
CQUAD4,    2107,    2107,    2133,    2134,    2215,    2214,0
CQUAD4,    2108,    2108,    2134,    2135,    2216,    2215,0
CQUAD4,    2109,    2109,    2135,    2136,    2217,    2216,0
CQUAD4,    2110,    2110,    2136,    2137,    2218,    2217,0
CQUAD4,    2111,    2111,    2137,    2138,    2219,    2218,0
CQUAD4,    2112,    2112,    2138,    2139,    2220,    2219,0
CQUAD4,    2113,    2113,    2139,    2140,    2221,    2220,0
CQUAD4,    2114,    2114,    2140,    2141,    2222,    2221,0
CQUAD4,    2115,    2115,    2141,    2142,    2223,    2222,0
CQUAD4,    2116,    2116,    2142,    2143,    2224,    2223,0
CQUAD4,    2117,    2117,    2143,    2144,    2225,    2224,0
CQUAD4,    2118,    2118,    2144,    2145,    2226,    2225,0
CQUAD4,    2119,    2119,    2145,    2146,    2227,    2226,0
CQUAD4,    2120,    2120,    2146,    2147,    2228,    2227,0
CQUAD4,    2121,    2121,    2147,    2148,    2229,    2228,0
CQUAD4,    2122,    2122,    2148,    2149,    2230,    2229,0
CQUAD4,    2123,    2123,    2149,    2150,    2231,    2230,0
CQUAD4,    2124,    2124,    2150,    2151,    2232,    2231,0
CQUAD4,    2125,    2125,    2151,    2152,    2233,    2232,0
CQUAD4,    2126,    2126,    2152,    2153,    2234,    2233,0
CQUAD4,    2127,    2127,    2153,    2154,    2235,    2234,0
CQUAD4,    2128,    2128,    2154,    2155,    2236,    2235,0
CQUAD4,    2129,    2129,    2155,    2156,    2237,    2236,0
CQUAD4,    2130,    2130,    2156,    2157,    2238,    2237,0
CQUAD4,    2131,    2131,    2157,    2158,    2239,    2238,0
CQUAD4,    2132,    2132,    2158,    2159,    2240,    2239,0
CQUAD4,    2133,    2133,    2159,    2160,    2241,    2240,0
CQUAD4,    2134,    2134,    2160,    2161,    2242,    2241,0
CQUAD4,    2135,    2135,    2161,    2162,    2243,    2242,0
CQUAD4,    2136,    2136,    2162,    2163,    2244,    2243,0
CQUAD4,    2137,    2137,    2163,    2164,    2245,    2244,0
CQUAD4,    2138,    2138,    2164,    2165,    2246,    2245,0
CQUAD4,    2139,    2139,    2165,    2166,    2247,    2246,0
CQUAD4,    2140,    2140,    2166,    2167,    2248,    2247,0
CQUAD4,    2141,    2141,    2167,    2168,    2249,    2248,0
CQUAD4,    2142,    2142,    2168,    2169,    2250,    2249,0
CQUAD4,    2143,    2143,    2169,    2170,    2251,    2250,0
CQUAD4,    2144,    2144,    2170,    2171,    2252,    2251,0
CQUAD4,    2145,    2145,    2171,    2172,    2253,    2252,0
CQUAD4,    2146,    2146,    2172,    2173,    2254,    2253,0
CQUAD4,    2147,    2147,    2173,    2174,    2255,    2254,0
CQUAD4,    2148,    2148,    2174,    2175,    2256,    2255,0
CQUAD4,    2149,    2149,    2175,    2176,    2257,    2256,0
CQUAD4,    2150,    2150,    2176,    2177,    2258,    2257,0
CQUAD4,    2151,    2151,    2177,    2178,    2259,    2258,0
CQUAD4,    2152,    2152,    2178,    2179,    2260,    2259,0
CQUAD4,    2153,    2153,    2179,    2180,    2261,    2260,0
CQUAD4,    2154,    2154,    2180,    2181,    2262,    2261,0
CQUAD4,    2155,    2155,    2181,    2182,    2263,    2262,0
CQUAD4,    2156,    2156,    2182,    2183,    2264,    2263,0
CQUAD4,    2157,    2157,    2183,    2184,    2265,    2264,0
CQUAD4,    2158,    2158,    2184,    2185,    2266,    2265,0
CQUAD4,    2159,    2159,    2185,    2186,    2267,    2266,0
CQUAD4,    2160,    2160,    2186,    2187,    2268,    2267,0
CQUAD4,    2161,    2161,    2188,    2189,    2270,    2269,0
CQUAD4,    2162,    2162,    2189,    2190,    2271,    2270,0
CQUAD4,    2163,    2163,    2190,    2191,    2272,    2271,0
CQUAD4,    2164,    2164,    2191,    2192,    2273,    2272,0
CQUAD4,    2165,    2165,    2192,    2193,    2274,    2273,0
CQUAD4,    2166,    2166,    2193,    2194,    2275,    2274,0
CQUAD4,    2167,    2167,    2194,    2195,    2276,    2275,0
CQUAD4,    2168,    2168,    2195,    2196,    2277,    2276,0
CQUAD4,    2169,    2169,    2196,    2197,    2278,    2277,0
CQUAD4,    2170,    2170,    2197,    2198,    2279,    2278,0
CQUAD4,    2171,    2171,    2198,    2199,    2280,    2279,0
CQUAD4,    2172,    2172,    2199,    2200,    2281,    2280,0
CQUAD4,    2173,    2173,    2200,    2201,    2282,    2281,0
CQUAD4,    2174,    2174,    2201,    2202,    2283,    2282,0
CQUAD4,    2175,    2175,    2202,    2203,    2284,    2283,0
CQUAD4,    2176,    2176,    2203,    2204,    2285,    2284,0
CQUAD4,    2177,    2177,    2204,    2205,    2286,    2285,0
CQUAD4,    2178,    2178,    2205,    2206,    2287,    2286,0
CQUAD4,    2179,    2179,    2206,    2207,    2288,    2287,0
CQUAD4,    2180,    2180,    2207,    2208,    2289,    2288,0
CQUAD4,    2181,    2181,    2208,    2209,    2290,    2289,0
CQUAD4,    2182,    2182,    2209,    2210,    2291,    2290,0
CQUAD4,    2183,    2183,    2210,    2211,    2292,    2291,0
CQUAD4,    2184,    2184,    2211,    2212,    2293,    2292,0
CQUAD4,    2185,    2185,    2212,    2213,    2294,    2293,0
CQUAD4,    2186,    2186,    2213,    2214,    2295,    2294,0
CQUAD4,    2187,    2187,    2214,    2215,    2296,    2295,0
CQUAD4,    2188,    2188,    2215,    2216,    2297,    2296,0
CQUAD4,    2189,    2189,    2216,    2217,    2298,    2297,0
CQUAD4,    2190,    2190,    2217,    2218,    2299,    2298,0
CQUAD4,    2191,    2191,    2218,    2219,    2300,    2299,0
CQUAD4,    2192,    2192,    2219,    2220,    2301,    2300,0
CQUAD4,    2193,    2193,    2220,    2221,    2302,    2301,0
CQUAD4,    2194,    2194,    2221,    2222,    2303,    2302,0
CQUAD4,    2195,    2195,    2222,    2223,    2304,    2303,0
CQUAD4,    2196,    2196,    2223,    2224,    2305,    2304,0
CQUAD4,    2197,    2197,    2224,    2225,    2306,    2305,0
CQUAD4,    2198,    2198,    2225,    2226,    2307,    2306,0
CQUAD4,    2199,    2199,    2226,    2227,    2308,    2307,0
CQUAD4,    2200,    2200,    2227,    2228,    2309,    2308,0
CQUAD4,    2201,    2201,    2228,    2229,    2310,    2309,0
CQUAD4,    2202,    2202,    2229,    2230,    2311,    2310,0
CQUAD4,    2203,    2203,    2230,    2231,    2312,    2311,0
CQUAD4,    2204,    2204,    2231,    2232,    2313,    2312,0
CQUAD4,    2205,    2205,    2232,    2233,    2314,    2313,0
CQUAD4,    2206,    2206,    2233,    2234,    2315,    2314,0
CQUAD4,    2207,    2207,    2234,    2235,    2316,    2315,0
CQUAD4,    2208,    2208,    2235,    2236,    2317,    2316,0
CQUAD4,    2209,    2209,    2236,    2237,    2318,    2317,0
CQUAD4,    2210,    2210,    2237,    2238,    2319,    2318,0
CQUAD4,    2211,    2211,    2238,    2239,    2320,    2319,0
CQUAD4,    2212,    2212,    2239,    2240,    2321,    2320,0
CQUAD4,    2213,    2213,    2240,    2241,    2322,    2321,0
CQUAD4,    2214,    2214,    2241,    2242,    2323,    2322,0
CQUAD4,    2215,    2215,    2242,    2243,    2324,    2323,0
CQUAD4,    2216,    2216,    2243,    2244,    2325,    2324,0
CQUAD4,    2217,    2217,    2244,    2245,    2326,    2325,0
CQUAD4,    2218,    2218,    2245,    2246,    2327,    2326,0
CQUAD4,    2219,    2219,    2246,    2247,    2328,    2327,0
CQUAD4,    2220,    2220,    2247,    2248,    2329,    2328,0
CQUAD4,    2221,    2221,    2248,    2249,    2330,    2329,0
CQUAD4,    2222,    2222,    2249,    2250,    2331,    2330,0
CQUAD4,    2223,    2223,    2250,    2251,    2332,    2331,0
CQUAD4,    2224,    2224,    2251,    2252,    2333,    2332,0
CQUAD4,    2225,    2225,    2252,    2253,    2334,    2333,0
CQUAD4,    2226,    2226,    2253,    2254,    2335,    2334,0
CQUAD4,    2227,    2227,    2254,    2255,    2336,    2335,0
CQUAD4,    2228,    2228,    2255,    2256,    2337,    2336,0
CQUAD4,    2229,    2229,    2256,    2257,    2338,    2337,0
CQUAD4,    2230,    2230,    2257,    2258,    2339,    2338,0
CQUAD4,    2231,    2231,    2258,    2259,    2340,    2339,0
CQUAD4,    2232,    2232,    2259,    2260,    2341,    2340,0
CQUAD4,    2233,    2233,    2260,    2261,    2342,    2341,0
CQUAD4,    2234,    2234,    2261,    2262,    2343,    2342,0
CQUAD4,    2235,    2235,    2262,    2263,    2344,    2343,0
CQUAD4,    2236,    2236,    2263,    2264,    2345,    2344,0
CQUAD4,    2237,    2237,    2264,    2265,    2346,    2345,0
CQUAD4,    2238,    2238,    2265,    2266,    2347,    2346,0
CQUAD4,    2239,    2239,    2266,    2267,    2348,    2347,0
CQUAD4,    2240,    2240,    2267,    2268,    2349,    2348,0
CQUAD4,    2241,    2241,    2269,    2270,    2351,    2350,0
CQUAD4,    2242,    2242,    2270,    2271,    2352,    2351,0
CQUAD4,    2243,    2243,    2271,    2272,    2353,    2352,0
CQUAD4,    2244,    2244,    2272,    2273,    2354,    2353,0
CQUAD4,    2245,    2245,    2273,    2274,    2355,    2354,0
CQUAD4,    2246,    2246,    2274,    2275,    2356,    2355,0
CQUAD4,    2247,    2247,    2275,    2276,    2357,    2356,0
CQUAD4,    2248,    2248,    2276,    2277,    2358,    2357,0
CQUAD4,    2249,    2249,    2277,    2278,    2359,    2358,0
CQUAD4,    2250,    2250,    2278,    2279,    2360,    2359,0
CQUAD4,    2251,    2251,    2279,    2280,    2361,    2360,0
CQUAD4,    2252,    2252,    2280,    2281,    2362,    2361,0
CQUAD4,    2253,    2253,    2281,    2282,    2363,    2362,0
CQUAD4,    2254,    2254,    2282,    2283,    2364,    2363,0
CQUAD4,    2255,    2255,    2283,    2284,    2365,    2364,0
CQUAD4,    2256,    2256,    2284,    2285,    2366,    2365,0
CQUAD4,    2257,    2257,    2285,    2286,    2367,    2366,0
CQUAD4,    2258,    2258,    2286,    2287,    2368,    2367,0
CQUAD4,    2259,    2259,    2287,    2288,    2369,    2368,0
CQUAD4,    2260,    2260,    2288,    2289,    2370,    2369,0
CQUAD4,    2261,    2261,    2289,    2290,    2371,    2370,0
CQUAD4,    2262,    2262,    2290,    2291,    2372,    2371,0
CQUAD4,    2263,    2263,    2291,    2292,    2373,    2372,0
CQUAD4,    2264,    2264,    2292,    2293,    2374,    2373,0
CQUAD4,    2265,    2265,    2293,    2294,    2375,    2374,0
CQUAD4,    2266,    2266,    2294,    2295,    2376,    2375,0
CQUAD4,    2267,    2267,    2295,    2296,    2377,    2376,0
CQUAD4,    2268,    2268,    2296,    2297,    2378,    2377,0
CQUAD4,    2269,    2269,    2297,    2298,    2379,    2378,0
CQUAD4,    2270,    2270,    2298,    2299,    2380,    2379,0
CQUAD4,    2271,    2271,    2299,    2300,    2381,    2380,0
CQUAD4,    2272,    2272,    2300,    2301,    2382,    2381,0
CQUAD4,    2273,    2273,    2301,    2302,    2383,    2382,0
CQUAD4,    2274,    2274,    2302,    2303,    2384,    2383,0
CQUAD4,    2275,    2275,    2303,    2304,    2385,    2384,0
CQUAD4,    2276,    2276,    2304,    2305,    2386,    2385,0
CQUAD4,    2277,    2277,    2305,    2306,    2387,    2386,0
CQUAD4,    2278,    2278,    2306,    2307,    2388,    2387,0
CQUAD4,    2279,    2279,    2307,    2308,    2389,    2388,0
CQUAD4,    2280,    2280,    2308,    2309,    2390,    2389,0
CQUAD4,    2281,    2281,    2309,    2310,    2391,    2390,0
CQUAD4,    2282,    2282,    2310,    2311,    2392,    2391,0
CQUAD4,    2283,    2283,    2311,    2312,    2393,    2392,0
CQUAD4,    2284,    2284,    2312,    2313,    2394,    2393,0
CQUAD4,    2285,    2285,    2313,    2314,    2395,    2394,0
CQUAD4,    2286,    2286,    2314,    2315,    2396,    2395,0
CQUAD4,    2287,    2287,    2315,    2316,    2397,    2396,0
CQUAD4,    2288,    2288,    2316,    2317,    2398,    2397,0
CQUAD4,    2289,    2289,    2317,    2318,    2399,    2398,0
CQUAD4,    2290,    2290,    2318,    2319,    2400,    2399,0
CQUAD4,    2291,    2291,    2319,    2320,    2401,    2400,0
CQUAD4,    2292,    2292,    2320,    2321,    2402,    2401,0
CQUAD4,    2293,    2293,    2321,    2322,    2403,    2402,0
CQUAD4,    2294,    2294,    2322,    2323,    2404,    2403,0
CQUAD4,    2295,    2295,    2323,    2324,    2405,    2404,0
CQUAD4,    2296,    2296,    2324,    2325,    2406,    2405,0
CQUAD4,    2297,    2297,    2325,    2326,    2407,    2406,0
CQUAD4,    2298,    2298,    2326,    2327,    2408,    2407,0
CQUAD4,    2299,    2299,    2327,    2328,    2409,    2408,0
CQUAD4,    2300,    2300,    2328,    2329,    2410,    2409,0
CQUAD4,    2301,    2301,    2329,    2330,    2411,    2410,0
CQUAD4,    2302,    2302,    2330,    2331,    2412,    2411,0
CQUAD4,    2303,    2303,    2331,    2332,    2413,    2412,0
CQUAD4,    2304,    2304,    2332,    2333,    2414,    2413,0
CQUAD4,    2305,    2305,    2333,    2334,    2415,    2414,0
CQUAD4,    2306,    2306,    2334,    2335,    2416,    2415,0
CQUAD4,    2307,    2307,    2335,    2336,    2417,    2416,0
CQUAD4,    2308,    2308,    2336,    2337,    2418,    2417,0
CQUAD4,    2309,    2309,    2337,    2338,    2419,    2418,0
CQUAD4,    2310,    2310,    2338,    2339,    2420,    2419,0
CQUAD4,    2311,    2311,    2339,    2340,    2421,    2420,0
CQUAD4,    2312,    2312,    2340,    2341,    2422,    2421,0
CQUAD4,    2313,    2313,    2341,    2342,    2423,    2422,0
CQUAD4,    2314,    2314,    2342,    2343,    2424,    2423,0
CQUAD4,    2315,    2315,    2343,    2344,    2425,    2424,0
CQUAD4,    2316,    2316,    2344,    2345,    2426,    2425,0
CQUAD4,    2317,    2317,    2345,    2346,    2427,    2426,0
CQUAD4,    2318,    2318,    2346,    2347,    2428,    2427,0
CQUAD4,    2319,    2319,    2347,    2348,    2429,    2428,0
CQUAD4,    2320,    2320,    2348,    2349,    2430,    2429,0
CQUAD4,    2321,    2321,    2350,    2351,    2432,    2431,0
CQUAD4,    2322,    2322,    2351,    2352,    2433,    2432,0
CQUAD4,    2323,    2323,    2352,    2353,    2434,    2433,0
CQUAD4,    2324,    2324,    2353,    2354,    2435,    2434,0
CQUAD4,    2325,    2325,    2354,    2355,    2436,    2435,0
CQUAD4,    2326,    2326,    2355,    2356,    2437,    2436,0
CQUAD4,    2327,    2327,    2356,    2357,    2438,    2437,0
CQUAD4,    2328,    2328,    2357,    2358,    2439,    2438,0
CQUAD4,    2329,    2329,    2358,    2359,    2440,    2439,0
CQUAD4,    2330,    2330,    2359,    2360,    2441,    2440,0
CQUAD4,    2331,    2331,    2360,    2361,    2442,    2441,0
CQUAD4,    2332,    2332,    2361,    2362,    2443,    2442,0
CQUAD4,    2333,    2333,    2362,    2363,    2444,    2443,0
CQUAD4,    2334,    2334,    2363,    2364,    2445,    2444,0
CQUAD4,    2335,    2335,    2364,    2365,    2446,    2445,0
CQUAD4,    2336,    2336,    2365,    2366,    2447,    2446,0
CQUAD4,    2337,    2337,    2366,    2367,    2448,    2447,0
CQUAD4,    2338,    2338,    2367,    2368,    2449,    2448,0
CQUAD4,    2339,    2339,    2368,    2369,    2450,    2449,0
CQUAD4,    2340,    2340,    2369,    2370,    2451,    2450,0
CQUAD4,    2341,    2341,    2370,    2371,    2452,    2451,0
CQUAD4,    2342,    2342,    2371,    2372,    2453,    2452,0
CQUAD4,    2343,    2343,    2372,    2373,    2454,    2453,0
CQUAD4,    2344,    2344,    2373,    2374,    2455,    2454,0
CQUAD4,    2345,    2345,    2374,    2375,    2456,    2455,0
CQUAD4,    2346,    2346,    2375,    2376,    2457,    2456,0
CQUAD4,    2347,    2347,    2376,    2377,    2458,    2457,0
CQUAD4,    2348,    2348,    2377,    2378,    2459,    2458,0
CQUAD4,    2349,    2349,    2378,    2379,    2460,    2459,0
CQUAD4,    2350,    2350,    2379,    2380,    2461,    2460,0
CQUAD4,    2351,    2351,    2380,    2381,    2462,    2461,0
CQUAD4,    2352,    2352,    2381,    2382,    2463,    2462,0
CQUAD4,    2353,    2353,    2382,    2383,    2464,    2463,0
CQUAD4,    2354,    2354,    2383,    2384,    2465,    2464,0
CQUAD4,    2355,    2355,    2384,    2385,    2466,    2465,0
CQUAD4,    2356,    2356,    2385,    2386,    2467,    2466,0
CQUAD4,    2357,    2357,    2386,    2387,    2468,    2467,0
CQUAD4,    2358,    2358,    2387,    2388,    2469,    2468,0
CQUAD4,    2359,    2359,    2388,    2389,    2470,    2469,0
CQUAD4,    2360,    2360,    2389,    2390,    2471,    2470,0
CQUAD4,    2361,    2361,    2390,    2391,    2472,    2471,0
CQUAD4,    2362,    2362,    2391,    2392,    2473,    2472,0
CQUAD4,    2363,    2363,    2392,    2393,    2474,    2473,0
CQUAD4,    2364,    2364,    2393,    2394,    2475,    2474,0
CQUAD4,    2365,    2365,    2394,    2395,    2476,    2475,0
CQUAD4,    2366,    2366,    2395,    2396,    2477,    2476,0
CQUAD4,    2367,    2367,    2396,    2397,    2478,    2477,0
CQUAD4,    2368,    2368,    2397,    2398,    2479,    2478,0
CQUAD4,    2369,    2369,    2398,    2399,    2480,    2479,0
CQUAD4,    2370,    2370,    2399,    2400,    2481,    2480,0
CQUAD4,    2371,    2371,    2400,    2401,    2482,    2481,0
CQUAD4,    2372,    2372,    2401,    2402,    2483,    2482,0
CQUAD4,    2373,    2373,    2402,    2403,    2484,    2483,0
CQUAD4,    2374,    2374,    2403,    2404,    2485,    2484,0
CQUAD4,    2375,    2375,    2404,    2405,    2486,    2485,0
CQUAD4,    2376,    2376,    2405,    2406,    2487,    2486,0
CQUAD4,    2377,    2377,    2406,    2407,    2488,    2487,0
CQUAD4,    2378,    2378,    2407,    2408,    2489,    2488,0
CQUAD4,    2379,    2379,    2408,    2409,    2490,    2489,0
CQUAD4,    2380,    2380,    2409,    2410,    2491,    2490,0
CQUAD4,    2381,    2381,    2410,    2411,    2492,    2491,0
CQUAD4,    2382,    2382,    2411,    2412,    2493,    2492,0
CQUAD4,    2383,    2383,    2412,    2413,    2494,    2493,0
CQUAD4,    2384,    2384,    2413,    2414,    2495,    2494,0
CQUAD4,    2385,    2385,    2414,    2415,    2496,    2495,0
CQUAD4,    2386,    2386,    2415,    2416,    2497,    2496,0
CQUAD4,    2387,    2387,    2416,    2417,    2498,    2497,0
CQUAD4,    2388,    2388,    2417,    2418,    2499,    2498,0
CQUAD4,    2389,    2389,    2418,    2419,    2500,    2499,0
CQUAD4,    2390,    2390,    2419,    2420,    2501,    2500,0
CQUAD4,    2391,    2391,    2420,    2421,    2502,    2501,0
CQUAD4,    2392,    2392,    2421,    2422,    2503,    2502,0
CQUAD4,    2393,    2393,    2422,    2423,    2504,    2503,0
CQUAD4,    2394,    2394,    2423,    2424,    2505,    2504,0
CQUAD4,    2395,    2395,    2424,    2425,    2506,    2505,0
CQUAD4,    2396,    2396,    2425,    2426,    2507,    2506,0
CQUAD4,    2397,    2397,    2426,    2427,    2508,    2507,0
CQUAD4,    2398,    2398,    2427,    2428,    2509,    2508,0
CQUAD4,    2399,    2399,    2428,    2429,    2510,    2509,0
CQUAD4,    2400,    2400,    2429,    2430,    2511,    2510,0
CQUAD4,    2401,    2401,    2431,    2432,    2513,    2512,0
CQUAD4,    2402,    2402,    2432,    2433,    2514,    2513,0
CQUAD4,    2403,    2403,    2433,    2434,    2515,    2514,0
CQUAD4,    2404,    2404,    2434,    2435,    2516,    2515,0
CQUAD4,    2405,    2405,    2435,    2436,    2517,    2516,0
CQUAD4,    2406,    2406,    2436,    2437,    2518,    2517,0
CQUAD4,    2407,    2407,    2437,    2438,    2519,    2518,0
CQUAD4,    2408,    2408,    2438,    2439,    2520,    2519,0
CQUAD4,    2409,    2409,    2439,    2440,    2521,    2520,0
CQUAD4,    2410,    2410,    2440,    2441,    2522,    2521,0
CQUAD4,    2411,    2411,    2441,    2442,    2523,    2522,0
CQUAD4,    2412,    2412,    2442,    2443,    2524,    2523,0
CQUAD4,    2413,    2413,    2443,    2444,    2525,    2524,0
CQUAD4,    2414,    2414,    2444,    2445,    2526,    2525,0
CQUAD4,    2415,    2415,    2445,    2446,    2527,    2526,0
CQUAD4,    2416,    2416,    2446,    2447,    2528,    2527,0
CQUAD4,    2417,    2417,    2447,    2448,    2529,    2528,0
CQUAD4,    2418,    2418,    2448,    2449,    2530,    2529,0
CQUAD4,    2419,    2419,    2449,    2450,    2531,    2530,0
CQUAD4,    2420,    2420,    2450,    2451,    2532,    2531,0
CQUAD4,    2421,    2421,    2451,    2452,    2533,    2532,0
CQUAD4,    2422,    2422,    2452,    2453,    2534,    2533,0
CQUAD4,    2423,    2423,    2453,    2454,    2535,    2534,0
CQUAD4,    2424,    2424,    2454,    2455,    2536,    2535,0
CQUAD4,    2425,    2425,    2455,    2456,    2537,    2536,0
CQUAD4,    2426,    2426,    2456,    2457,    2538,    2537,0
CQUAD4,    2427,    2427,    2457,    2458,    2539,    2538,0
CQUAD4,    2428,    2428,    2458,    2459,    2540,    2539,0
CQUAD4,    2429,    2429,    2459,    2460,    2541,    2540,0
CQUAD4,    2430,    2430,    2460,    2461,    2542,    2541,0
CQUAD4,    2431,    2431,    2461,    2462,    2543,    2542,0
CQUAD4,    2432,    2432,    2462,    2463,    2544,    2543,0
CQUAD4,    2433,    2433,    2463,    2464,    2545,    2544,0
CQUAD4,    2434,    2434,    2464,    2465,    2546,    2545,0
CQUAD4,    2435,    2435,    2465,    2466,    2547,    2546,0
CQUAD4,    2436,    2436,    2466,    2467,    2548,    2547,0
CQUAD4,    2437,    2437,    2467,    2468,    2549,    2548,0
CQUAD4,    2438,    2438,    2468,    2469,    2550,    2549,0
CQUAD4,    2439,    2439,    2469,    2470,    2551,    2550,0
CQUAD4,    2440,    2440,    2470,    2471,    2552,    2551,0
CQUAD4,    2441,    2441,    2471,    2472,    2553,    2552,0
CQUAD4,    2442,    2442,    2472,    2473,    2554,    2553,0
CQUAD4,    2443,    2443,    2473,    2474,    2555,    2554,0
CQUAD4,    2444,    2444,    2474,    2475,    2556,    2555,0
CQUAD4,    2445,    2445,    2475,    2476,    2557,    2556,0
CQUAD4,    2446,    2446,    2476,    2477,    2558,    2557,0
CQUAD4,    2447,    2447,    2477,    2478,    2559,    2558,0
CQUAD4,    2448,    2448,    2478,    2479,    2560,    2559,0
CQUAD4,    2449,    2449,    2479,    2480,    2561,    2560,0
CQUAD4,    2450,    2450,    2480,    2481,    2562,    2561,0
CQUAD4,    2451,    2451,    2481,    2482,    2563,    2562,0
CQUAD4,    2452,    2452,    2482,    2483,    2564,    2563,0
CQUAD4,    2453,    2453,    2483,    2484,    2565,    2564,0
CQUAD4,    2454,    2454,    2484,    2485,    2566,    2565,0
CQUAD4,    2455,    2455,    2485,    2486,    2567,    2566,0
CQUAD4,    2456,    2456,    2486,    2487,    2568,    2567,0
CQUAD4,    2457,    2457,    2487,    2488,    2569,    2568,0
CQUAD4,    2458,    2458,    2488,    2489,    2570,    2569,0
CQUAD4,    2459,    2459,    2489,    2490,    2571,    2570,0
CQUAD4,    2460,    2460,    2490,    2491,    2572,    2571,0
CQUAD4,    2461,    2461,    2491,    2492,    2573,    2572,0
CQUAD4,    2462,    2462,    2492,    2493,    2574,    2573,0
CQUAD4,    2463,    2463,    2493,    2494,    2575,    2574,0
CQUAD4,    2464,    2464,    2494,    2495,    2576,    2575,0
CQUAD4,    2465,    2465,    2495,    2496,    2577,    2576,0
CQUAD4,    2466,    2466,    2496,    2497,    2578,    2577,0
CQUAD4,    2467,    2467,    2497,    2498,    2579,    2578,0
CQUAD4,    2468,    2468,    2498,    2499,    2580,    2579,0
CQUAD4,    2469,    2469,    2499,    2500,    2581,    2580,0
CQUAD4,    2470,    2470,    2500,    2501,    2582,    2581,0
CQUAD4,    2471,    2471,    2501,    2502,    2583,    2582,0
CQUAD4,    2472,    2472,    2502,    2503,    2584,    2583,0
CQUAD4,    2473,    2473,    2503,    2504,    2585,    2584,0
CQUAD4,    2474,    2474,    2504,    2505,    2586,    2585,0
CQUAD4,    2475,    2475,    2505,    2506,    2587,    2586,0
CQUAD4,    2476,    2476,    2506,    2507,    2588,    2587,0
CQUAD4,    2477,    2477,    2507,    2508,    2589,    2588,0
CQUAD4,    2478,    2478,    2508,    2509,    2590,    2589,0
CQUAD4,    2479,    2479,    2509,    2510,    2591,    2590,0
CQUAD4,    2480,    2480,    2510,    2511,    2592,    2591,0
CQUAD4,    2481,    2481,    2512,    2513,    2594,    2593,0
CQUAD4,    2482,    2482,    2513,    2514,    2595,    2594,0
CQUAD4,    2483,    2483,    2514,    2515,    2596,    2595,0
CQUAD4,    2484,    2484,    2515,    2516,    2597,    2596,0
CQUAD4,    2485,    2485,    2516,    2517,    2598,    2597,0
CQUAD4,    2486,    2486,    2517,    2518,    2599,    2598,0
CQUAD4,    2487,    2487,    2518,    2519,    2600,    2599,0
CQUAD4,    2488,    2488,    2519,    2520,    2601,    2600,0
CQUAD4,    2489,    2489,    2520,    2521,    2602,    2601,0
CQUAD4,    2490,    2490,    2521,    2522,    2603,    2602,0
CQUAD4,    2491,    2491,    2522,    2523,    2604,    2603,0
CQUAD4,    2492,    2492,    2523,    2524,    2605,    2604,0
CQUAD4,    2493,    2493,    2524,    2525,    2606,    2605,0
CQUAD4,    2494,    2494,    2525,    2526,    2607,    2606,0
CQUAD4,    2495,    2495,    2526,    2527,    2608,    2607,0
CQUAD4,    2496,    2496,    2527,    2528,    2609,    2608,0
CQUAD4,    2497,    2497,    2528,    2529,    2610,    2609,0
CQUAD4,    2498,    2498,    2529,    2530,    2611,    2610,0
CQUAD4,    2499,    2499,    2530,    2531,    2612,    2611,0
CQUAD4,    2500,    2500,    2531,    2532,    2613,    2612,0
CQUAD4,    2501,    2501,    2532,    2533,    2614,    2613,0
CQUAD4,    2502,    2502,    2533,    2534,    2615,    2614,0
CQUAD4,    2503,    2503,    2534,    2535,    2616,    2615,0
CQUAD4,    2504,    2504,    2535,    2536,    2617,    2616,0
CQUAD4,    2505,    2505,    2536,    2537,    2618,    2617,0
CQUAD4,    2506,    2506,    2537,    2538,    2619,    2618,0
CQUAD4,    2507,    2507,    2538,    2539,    2620,    2619,0
CQUAD4,    2508,    2508,    2539,    2540,    2621,    2620,0
CQUAD4,    2509,    2509,    2540,    2541,    2622,    2621,0
CQUAD4,    2510,    2510,    2541,    2542,    2623,    2622,0
CQUAD4,    2511,    2511,    2542,    2543,    2624,    2623,0
CQUAD4,    2512,    2512,    2543,    2544,    2625,    2624,0
CQUAD4,    2513,    2513,    2544,    2545,    2626,    2625,0
CQUAD4,    2514,    2514,    2545,    2546,    2627,    2626,0
CQUAD4,    2515,    2515,    2546,    2547,    2628,    2627,0
CQUAD4,    2516,    2516,    2547,    2548,    2629,    2628,0
CQUAD4,    2517,    2517,    2548,    2549,    2630,    2629,0
CQUAD4,    2518,    2518,    2549,    2550,    2631,    2630,0
CQUAD4,    2519,    2519,    2550,    2551,    2632,    2631,0
CQUAD4,    2520,    2520,    2551,    2552,    2633,    2632,0
CQUAD4,    2521,    2521,    2552,    2553,    2634,    2633,0
CQUAD4,    2522,    2522,    2553,    2554,    2635,    2634,0
CQUAD4,    2523,    2523,    2554,    2555,    2636,    2635,0
CQUAD4,    2524,    2524,    2555,    2556,    2637,    2636,0
CQUAD4,    2525,    2525,    2556,    2557,    2638,    2637,0
CQUAD4,    2526,    2526,    2557,    2558,    2639,    2638,0
CQUAD4,    2527,    2527,    2558,    2559,    2640,    2639,0
CQUAD4,    2528,    2528,    2559,    2560,    2641,    2640,0
CQUAD4,    2529,    2529,    2560,    2561,    2642,    2641,0
CQUAD4,    2530,    2530,    2561,    2562,    2643,    2642,0
CQUAD4,    2531,    2531,    2562,    2563,    2644,    2643,0
CQUAD4,    2532,    2532,    2563,    2564,    2645,    2644,0
CQUAD4,    2533,    2533,    2564,    2565,    2646,    2645,0
CQUAD4,    2534,    2534,    2565,    2566,    2647,    2646,0
CQUAD4,    2535,    2535,    2566,    2567,    2648,    2647,0
CQUAD4,    2536,    2536,    2567,    2568,    2649,    2648,0
CQUAD4,    2537,    2537,    2568,    2569,    2650,    2649,0
CQUAD4,    2538,    2538,    2569,    2570,    2651,    2650,0
CQUAD4,    2539,    2539,    2570,    2571,    2652,    2651,0
CQUAD4,    2540,    2540,    2571,    2572,    2653,    2652,0
CQUAD4,    2541,    2541,    2572,    2573,    2654,    2653,0
CQUAD4,    2542,    2542,    2573,    2574,    2655,    2654,0
CQUAD4,    2543,    2543,    2574,    2575,    2656,    2655,0
CQUAD4,    2544,    2544,    2575,    2576,    2657,    2656,0
CQUAD4,    2545,    2545,    2576,    2577,    2658,    2657,0
CQUAD4,    2546,    2546,    2577,    2578,    2659,    2658,0
CQUAD4,    2547,    2547,    2578,    2579,    2660,    2659,0
CQUAD4,    2548,    2548,    2579,    2580,    2661,    2660,0
CQUAD4,    2549,    2549,    2580,    2581,    2662,    2661,0
CQUAD4,    2550,    2550,    2581,    2582,    2663,    2662,0
CQUAD4,    2551,    2551,    2582,    2583,    2664,    2663,0
CQUAD4,    2552,    2552,    2583,    2584,    2665,    2664,0
CQUAD4,    2553,    2553,    2584,    2585,    2666,    2665,0
CQUAD4,    2554,    2554,    2585,    2586,    2667,    2666,0
CQUAD4,    2555,    2555,    2586,    2587,    2668,    2667,0
CQUAD4,    2556,    2556,    2587,    2588,    2669,    2668,0
CQUAD4,    2557,    2557,    2588,    2589,    2670,    2669,0
CQUAD4,    2558,    2558,    2589,    2590,    2671,    2670,0
CQUAD4,    2559,    2559,    2590,    2591,    2672,    2671,0
CQUAD4,    2560,    2560,    2591,    2592,    2673,    2672,0
CQUAD4,    2561,    2561,    2593,    2594,    2675,    2674,0
CQUAD4,    2562,    2562,    2594,    2595,    2676,    2675,0
CQUAD4,    2563,    2563,    2595,    2596,    2677,    2676,0
CQUAD4,    2564,    2564,    2596,    2597,    2678,    2677,0
CQUAD4,    2565,    2565,    2597,    2598,    2679,    2678,0
CQUAD4,    2566,    2566,    2598,    2599,    2680,    2679,0
CQUAD4,    2567,    2567,    2599,    2600,    2681,    2680,0
CQUAD4,    2568,    2568,    2600,    2601,    2682,    2681,0
CQUAD4,    2569,    2569,    2601,    2602,    2683,    2682,0
CQUAD4,    2570,    2570,    2602,    2603,    2684,    2683,0
CQUAD4,    2571,    2571,    2603,    2604,    2685,    2684,0
CQUAD4,    2572,    2572,    2604,    2605,    2686,    2685,0
CQUAD4,    2573,    2573,    2605,    2606,    2687,    2686,0
CQUAD4,    2574,    2574,    2606,    2607,    2688,    2687,0
CQUAD4,    2575,    2575,    2607,    2608,    2689,    2688,0
CQUAD4,    2576,    2576,    2608,    2609,    2690,    2689,0
CQUAD4,    2577,    2577,    2609,    2610,    2691,    2690,0
CQUAD4,    2578,    2578,    2610,    2611,    2692,    2691,0
CQUAD4,    2579,    2579,    2611,    2612,    2693,    2692,0
CQUAD4,    2580,    2580,    2612,    2613,    2694,    2693,0
CQUAD4,    2581,    2581,    2613,    2614,    2695,    2694,0
CQUAD4,    2582,    2582,    2614,    2615,    2696,    2695,0
CQUAD4,    2583,    2583,    2615,    2616,    2697,    2696,0
CQUAD4,    2584,    2584,    2616,    2617,    2698,    2697,0
CQUAD4,    2585,    2585,    2617,    2618,    2699,    2698,0
CQUAD4,    2586,    2586,    2618,    2619,    2700,    2699,0
CQUAD4,    2587,    2587,    2619,    2620,    2701,    2700,0
CQUAD4,    2588,    2588,    2620,    2621,    2702,    2701,0
CQUAD4,    2589,    2589,    2621,    2622,    2703,    2702,0
CQUAD4,    2590,    2590,    2622,    2623,    2704,    2703,0
CQUAD4,    2591,    2591,    2623,    2624,    2705,    2704,0
CQUAD4,    2592,    2592,    2624,    2625,    2706,    2705,0
CQUAD4,    2593,    2593,    2625,    2626,    2707,    2706,0
CQUAD4,    2594,    2594,    2626,    2627,    2708,    2707,0
CQUAD4,    2595,    2595,    2627,    2628,    2709,    2708,0
CQUAD4,    2596,    2596,    2628,    2629,    2710,    2709,0
CQUAD4,    2597,    2597,    2629,    2630,    2711,    2710,0
CQUAD4,    2598,    2598,    2630,    2631,    2712,    2711,0
CQUAD4,    2599,    2599,    2631,    2632,    2713,    2712,0
CQUAD4,    2600,    2600,    2632,    2633,    2714,    2713,0
CQUAD4,    2601,    2601,    2633,    2634,    2715,    2714,0
CQUAD4,    2602,    2602,    2634,    2635,    2716,    2715,0
CQUAD4,    2603,    2603,    2635,    2636,    2717,    2716,0
CQUAD4,    2604,    2604,    2636,    2637,    2718,    2717,0
CQUAD4,    2605,    2605,    2637,    2638,    2719,    2718,0
CQUAD4,    2606,    2606,    2638,    2639,    2720,    2719,0
CQUAD4,    2607,    2607,    2639,    2640,    2721,    2720,0
CQUAD4,    2608,    2608,    2640,    2641,    2722,    2721,0
CQUAD4,    2609,    2609,    2641,    2642,    2723,    2722,0
CQUAD4,    2610,    2610,    2642,    2643,    2724,    2723,0
CQUAD4,    2611,    2611,    2643,    2644,    2725,    2724,0
CQUAD4,    2612,    2612,    2644,    2645,    2726,    2725,0
CQUAD4,    2613,    2613,    2645,    2646,    2727,    2726,0
CQUAD4,    2614,    2614,    2646,    2647,    2728,    2727,0
CQUAD4,    2615,    2615,    2647,    2648,    2729,    2728,0
CQUAD4,    2616,    2616,    2648,    2649,    2730,    2729,0
CQUAD4,    2617,    2617,    2649,    2650,    2731,    2730,0
CQUAD4,    2618,    2618,    2650,    2651,    2732,    2731,0
CQUAD4,    2619,    2619,    2651,    2652,    2733,    2732,0
CQUAD4,    2620,    2620,    2652,    2653,    2734,    2733,0
CQUAD4,    2621,    2621,    2653,    2654,    2735,    2734,0
CQUAD4,    2622,    2622,    2654,    2655,    2736,    2735,0
CQUAD4,    2623,    2623,    2655,    2656,    2737,    2736,0
CQUAD4,    2624,    2624,    2656,    2657,    2738,    2737,0
CQUAD4,    2625,    2625,    2657,    2658,    2739,    2738,0
CQUAD4,    2626,    2626,    2658,    2659,    2740,    2739,0
CQUAD4,    2627,    2627,    2659,    2660,    2741,    2740,0
CQUAD4,    2628,    2628,    2660,    2661,    2742,    2741,0
CQUAD4,    2629,    2629,    2661,    2662,    2743,    2742,0
CQUAD4,    2630,    2630,    2662,    2663,    2744,    2743,0
CQUAD4,    2631,    2631,    2663,    2664,    2745,    2744,0
CQUAD4,    2632,    2632,    2664,    2665,    2746,    2745,0
CQUAD4,    2633,    2633,    2665,    2666,    2747,    2746,0
CQUAD4,    2634,    2634,    2666,    2667,    2748,    2747,0
CQUAD4,    2635,    2635,    2667,    2668,    2749,    2748,0
CQUAD4,    2636,    2636,    2668,    2669,    2750,    2749,0
CQUAD4,    2637,    2637,    2669,    2670,    2751,    2750,0
CQUAD4,    2638,    2638,    2670,    2671,    2752,    2751,0
CQUAD4,    2639,    2639,    2671,    2672,    2753,    2752,0
CQUAD4,    2640,    2640,    2672,    2673,    2754,    2753,0
CQUAD4,    2641,    2641,    2674,    2675,    2756,    2755,0
CQUAD4,    2642,    2642,    2675,    2676,    2757,    2756,0
CQUAD4,    2643,    2643,    2676,    2677,    2758,    2757,0
CQUAD4,    2644,    2644,    2677,    2678,    2759,    2758,0
CQUAD4,    2645,    2645,    2678,    2679,    2760,    2759,0
CQUAD4,    2646,    2646,    2679,    2680,    2761,    2760,0
CQUAD4,    2647,    2647,    2680,    2681,    2762,    2761,0
CQUAD4,    2648,    2648,    2681,    2682,    2763,    2762,0
CQUAD4,    2649,    2649,    2682,    2683,    2764,    2763,0
CQUAD4,    2650,    2650,    2683,    2684,    2765,    2764,0
CQUAD4,    2651,    2651,    2684,    2685,    2766,    2765,0
CQUAD4,    2652,    2652,    2685,    2686,    2767,    2766,0
CQUAD4,    2653,    2653,    2686,    2687,    2768,    2767,0
CQUAD4,    2654,    2654,    2687,    2688,    2769,    2768,0
CQUAD4,    2655,    2655,    2688,    2689,    2770,    2769,0
CQUAD4,    2656,    2656,    2689,    2690,    2771,    2770,0
CQUAD4,    2657,    2657,    2690,    2691,    2772,    2771,0
CQUAD4,    2658,    2658,    2691,    2692,    2773,    2772,0
CQUAD4,    2659,    2659,    2692,    2693,    2774,    2773,0
CQUAD4,    2660,    2660,    2693,    2694,    2775,    2774,0
CQUAD4,    2661,    2661,    2694,    2695,    2776,    2775,0
CQUAD4,    2662,    2662,    2695,    2696,    2777,    2776,0
CQUAD4,    2663,    2663,    2696,    2697,    2778,    2777,0
CQUAD4,    2664,    2664,    2697,    2698,    2779,    2778,0
CQUAD4,    2665,    2665,    2698,    2699,    2780,    2779,0
CQUAD4,    2666,    2666,    2699,    2700,    2781,    2780,0
CQUAD4,    2667,    2667,    2700,    2701,    2782,    2781,0
CQUAD4,    2668,    2668,    2701,    2702,    2783,    2782,0
CQUAD4,    2669,    2669,    2702,    2703,    2784,    2783,0
CQUAD4,    2670,    2670,    2703,    2704,    2785,    2784,0
CQUAD4,    2671,    2671,    2704,    2705,    2786,    2785,0
CQUAD4,    2672,    2672,    2705,    2706,    2787,    2786,0
CQUAD4,    2673,    2673,    2706,    2707,    2788,    2787,0
CQUAD4,    2674,    2674,    2707,    2708,    2789,    2788,0
CQUAD4,    2675,    2675,    2708,    2709,    2790,    2789,0
CQUAD4,    2676,    2676,    2709,    2710,    2791,    2790,0
CQUAD4,    2677,    2677,    2710,    2711,    2792,    2791,0
CQUAD4,    2678,    2678,    2711,    2712,    2793,    2792,0
CQUAD4,    2679,    2679,    2712,    2713,    2794,    2793,0
CQUAD4,    2680,    2680,    2713,    2714,    2795,    2794,0
CQUAD4,    2681,    2681,    2714,    2715,    2796,    2795,0
CQUAD4,    2682,    2682,    2715,    2716,    2797,    2796,0
CQUAD4,    2683,    2683,    2716,    2717,    2798,    2797,0
CQUAD4,    2684,    2684,    2717,    2718,    2799,    2798,0
CQUAD4,    2685,    2685,    2718,    2719,    2800,    2799,0
CQUAD4,    2686,    2686,    2719,    2720,    2801,    2800,0
CQUAD4,    2687,    2687,    2720,    2721,    2802,    2801,0
CQUAD4,    2688,    2688,    2721,    2722,    2803,    2802,0
CQUAD4,    2689,    2689,    2722,    2723,    2804,    2803,0
CQUAD4,    2690,    2690,    2723,    2724,    2805,    2804,0
CQUAD4,    2691,    2691,    2724,    2725,    2806,    2805,0
CQUAD4,    2692,    2692,    2725,    2726,    2807,    2806,0
CQUAD4,    2693,    2693,    2726,    2727,    2808,    2807,0
CQUAD4,    2694,    2694,    2727,    2728,    2809,    2808,0
CQUAD4,    2695,    2695,    2728,    2729,    2810,    2809,0
CQUAD4,    2696,    2696,    2729,    2730,    2811,    2810,0
CQUAD4,    2697,    2697,    2730,    2731,    2812,    2811,0
CQUAD4,    2698,    2698,    2731,    2732,    2813,    2812,0
CQUAD4,    2699,    2699,    2732,    2733,    2814,    2813,0
CQUAD4,    2700,    2700,    2733,    2734,    2815,    2814,0
CQUAD4,    2701,    2701,    2734,    2735,    2816,    2815,0
CQUAD4,    2702,    2702,    2735,    2736,    2817,    2816,0
CQUAD4,    2703,    2703,    2736,    2737,    2818,    2817,0
CQUAD4,    2704,    2704,    2737,    2738,    2819,    2818,0
CQUAD4,    2705,    2705,    2738,    2739,    2820,    2819,0
CQUAD4,    2706,    2706,    2739,    2740,    2821,    2820,0
CQUAD4,    2707,    2707,    2740,    2741,    2822,    2821,0
CQUAD4,    2708,    2708,    2741,    2742,    2823,    2822,0
CQUAD4,    2709,    2709,    2742,    2743,    2824,    2823,0
CQUAD4,    2710,    2710,    2743,    2744,    2825,    2824,0
CQUAD4,    2711,    2711,    2744,    2745,    2826,    2825,0
CQUAD4,    2712,    2712,    2745,    2746,    2827,    2826,0
CQUAD4,    2713,    2713,    2746,    2747,    2828,    2827,0
CQUAD4,    2714,    2714,    2747,    2748,    2829,    2828,0
CQUAD4,    2715,    2715,    2748,    2749,    2830,    2829,0
CQUAD4,    2716,    2716,    2749,    2750,    2831,    2830,0
CQUAD4,    2717,    2717,    2750,    2751,    2832,    2831,0
CQUAD4,    2718,    2718,    2751,    2752,    2833,    2832,0
CQUAD4,    2719,    2719,    2752,    2753,    2834,    2833,0
CQUAD4,    2720,    2720,    2753,    2754,    2835,    2834,0
CQUAD4,    2721,    2721,    2755,    2756,    2837,    2836,0
CQUAD4,    2722,    2722,    2756,    2757,    2838,    2837,0
CQUAD4,    2723,    2723,    2757,    2758,    2839,    2838,0
CQUAD4,    2724,    2724,    2758,    2759,    2840,    2839,0
CQUAD4,    2725,    2725,    2759,    2760,    2841,    2840,0
CQUAD4,    2726,    2726,    2760,    2761,    2842,    2841,0
CQUAD4,    2727,    2727,    2761,    2762,    2843,    2842,0
CQUAD4,    2728,    2728,    2762,    2763,    2844,    2843,0
CQUAD4,    2729,    2729,    2763,    2764,    2845,    2844,0
CQUAD4,    2730,    2730,    2764,    2765,    2846,    2845,0
CQUAD4,    2731,    2731,    2765,    2766,    2847,    2846,0
CQUAD4,    2732,    2732,    2766,    2767,    2848,    2847,0
CQUAD4,    2733,    2733,    2767,    2768,    2849,    2848,0
CQUAD4,    2734,    2734,    2768,    2769,    2850,    2849,0
CQUAD4,    2735,    2735,    2769,    2770,    2851,    2850,0
CQUAD4,    2736,    2736,    2770,    2771,    2852,    2851,0
CQUAD4,    2737,    2737,    2771,    2772,    2853,    2852,0
CQUAD4,    2738,    2738,    2772,    2773,    2854,    2853,0
CQUAD4,    2739,    2739,    2773,    2774,    2855,    2854,0
CQUAD4,    2740,    2740,    2774,    2775,    2856,    2855,0
CQUAD4,    2741,    2741,    2775,    2776,    2857,    2856,0
CQUAD4,    2742,    2742,    2776,    2777,    2858,    2857,0
CQUAD4,    2743,    2743,    2777,    2778,    2859,    2858,0
CQUAD4,    2744,    2744,    2778,    2779,    2860,    2859,0
CQUAD4,    2745,    2745,    2779,    2780,    2861,    2860,0
CQUAD4,    2746,    2746,    2780,    2781,    2862,    2861,0
CQUAD4,    2747,    2747,    2781,    2782,    2863,    2862,0
CQUAD4,    2748,    2748,    2782,    2783,    2864,    2863,0
CQUAD4,    2749,    2749,    2783,    2784,    2865,    2864,0
CQUAD4,    2750,    2750,    2784,    2785,    2866,    2865,0
CQUAD4,    2751,    2751,    2785,    2786,    2867,    2866,0
CQUAD4,    2752,    2752,    2786,    2787,    2868,    2867,0
CQUAD4,    2753,    2753,    2787,    2788,    2869,    2868,0
CQUAD4,    2754,    2754,    2788,    2789,    2870,    2869,0
CQUAD4,    2755,    2755,    2789,    2790,    2871,    2870,0
CQUAD4,    2756,    2756,    2790,    2791,    2872,    2871,0
CQUAD4,    2757,    2757,    2791,    2792,    2873,    2872,0
CQUAD4,    2758,    2758,    2792,    2793,    2874,    2873,0
CQUAD4,    2759,    2759,    2793,    2794,    2875,    2874,0
CQUAD4,    2760,    2760,    2794,    2795,    2876,    2875,0
CQUAD4,    2761,    2761,    2795,    2796,    2877,    2876,0
CQUAD4,    2762,    2762,    2796,    2797,    2878,    2877,0
CQUAD4,    2763,    2763,    2797,    2798,    2879,    2878,0
CQUAD4,    2764,    2764,    2798,    2799,    2880,    2879,0
CQUAD4,    2765,    2765,    2799,    2800,    2881,    2880,0
CQUAD4,    2766,    2766,    2800,    2801,    2882,    2881,0
CQUAD4,    2767,    2767,    2801,    2802,    2883,    2882,0
CQUAD4,    2768,    2768,    2802,    2803,    2884,    2883,0
CQUAD4,    2769,    2769,    2803,    2804,    2885,    2884,0
CQUAD4,    2770,    2770,    2804,    2805,    2886,    2885,0
CQUAD4,    2771,    2771,    2805,    2806,    2887,    2886,0
CQUAD4,    2772,    2772,    2806,    2807,    2888,    2887,0
CQUAD4,    2773,    2773,    2807,    2808,    2889,    2888,0
CQUAD4,    2774,    2774,    2808,    2809,    2890,    2889,0
CQUAD4,    2775,    2775,    2809,    2810,    2891,    2890,0
CQUAD4,    2776,    2776,    2810,    2811,    2892,    2891,0
CQUAD4,    2777,    2777,    2811,    2812,    2893,    2892,0
CQUAD4,    2778,    2778,    2812,    2813,    2894,    2893,0
CQUAD4,    2779,    2779,    2813,    2814,    2895,    2894,0
CQUAD4,    2780,    2780,    2814,    2815,    2896,    2895,0
CQUAD4,    2781,    2781,    2815,    2816,    2897,    2896,0
CQUAD4,    2782,    2782,    2816,    2817,    2898,    2897,0
CQUAD4,    2783,    2783,    2817,    2818,    2899,    2898,0
CQUAD4,    2784,    2784,    2818,    2819,    2900,    2899,0
CQUAD4,    2785,    2785,    2819,    2820,    2901,    2900,0
CQUAD4,    2786,    2786,    2820,    2821,    2902,    2901,0
CQUAD4,    2787,    2787,    2821,    2822,    2903,    2902,0
CQUAD4,    2788,    2788,    2822,    2823,    2904,    2903,0
CQUAD4,    2789,    2789,    2823,    2824,    2905,    2904,0
CQUAD4,    2790,    2790,    2824,    2825,    2906,    2905,0
CQUAD4,    2791,    2791,    2825,    2826,    2907,    2906,0
CQUAD4,    2792,    2792,    2826,    2827,    2908,    2907,0
CQUAD4,    2793,    2793,    2827,    2828,    2909,    2908,0
CQUAD4,    2794,    2794,    2828,    2829,    2910,    2909,0
CQUAD4,    2795,    2795,    2829,    2830,    2911,    2910,0
CQUAD4,    2796,    2796,    2830,    2831,    2912,    2911,0
CQUAD4,    2797,    2797,    2831,    2832,    2913,    2912,0
CQUAD4,    2798,    2798,    2832,    2833,    2914,    2913,0
CQUAD4,    2799,    2799,    2833,    2834,    2915,    2914,0
CQUAD4,    2800,    2800,    2834,    2835,    2916,    2915,0
CQUAD4,    2801,    2801,    2836,    2837,    2918,    2917,0
CQUAD4,    2802,    2802,    2837,    2838,    2919,    2918,0
CQUAD4,    2803,    2803,    2838,    2839,    2920,    2919,0
CQUAD4,    2804,    2804,    2839,    2840,    2921,    2920,0
CQUAD4,    2805,    2805,    2840,    2841,    2922,    2921,0
CQUAD4,    2806,    2806,    2841,    2842,    2923,    2922,0
CQUAD4,    2807,    2807,    2842,    2843,    2924,    2923,0
CQUAD4,    2808,    2808,    2843,    2844,    2925,    2924,0
CQUAD4,    2809,    2809,    2844,    2845,    2926,    2925,0
CQUAD4,    2810,    2810,    2845,    2846,    2927,    2926,0
CQUAD4,    2811,    2811,    2846,    2847,    2928,    2927,0
CQUAD4,    2812,    2812,    2847,    2848,    2929,    2928,0
CQUAD4,    2813,    2813,    2848,    2849,    2930,    2929,0
CQUAD4,    2814,    2814,    2849,    2850,    2931,    2930,0
CQUAD4,    2815,    2815,    2850,    2851,    2932,    2931,0
CQUAD4,    2816,    2816,    2851,    2852,    2933,    2932,0
CQUAD4,    2817,    2817,    2852,    2853,    2934,    2933,0
CQUAD4,    2818,    2818,    2853,    2854,    2935,    2934,0
CQUAD4,    2819,    2819,    2854,    2855,    2936,    2935,0
CQUAD4,    2820,    2820,    2855,    2856,    2937,    2936,0
CQUAD4,    2821,    2821,    2856,    2857,    2938,    2937,0
CQUAD4,    2822,    2822,    2857,    2858,    2939,    2938,0
CQUAD4,    2823,    2823,    2858,    2859,    2940,    2939,0
CQUAD4,    2824,    2824,    2859,    2860,    2941,    2940,0
CQUAD4,    2825,    2825,    2860,    2861,    2942,    2941,0
CQUAD4,    2826,    2826,    2861,    2862,    2943,    2942,0
CQUAD4,    2827,    2827,    2862,    2863,    2944,    2943,0
CQUAD4,    2828,    2828,    2863,    2864,    2945,    2944,0
CQUAD4,    2829,    2829,    2864,    2865,    2946,    2945,0
CQUAD4,    2830,    2830,    2865,    2866,    2947,    2946,0
CQUAD4,    2831,    2831,    2866,    2867,    2948,    2947,0
CQUAD4,    2832,    2832,    2867,    2868,    2949,    2948,0
CQUAD4,    2833,    2833,    2868,    2869,    2950,    2949,0
CQUAD4,    2834,    2834,    2869,    2870,    2951,    2950,0
CQUAD4,    2835,    2835,    2870,    2871,    2952,    2951,0
CQUAD4,    2836,    2836,    2871,    2872,    2953,    2952,0
CQUAD4,    2837,    2837,    2872,    2873,    2954,    2953,0
CQUAD4,    2838,    2838,    2873,    2874,    2955,    2954,0
CQUAD4,    2839,    2839,    2874,    2875,    2956,    2955,0
CQUAD4,    2840,    2840,    2875,    2876,    2957,    2956,0
CQUAD4,    2841,    2841,    2876,    2877,    2958,    2957,0
CQUAD4,    2842,    2842,    2877,    2878,    2959,    2958,0
CQUAD4,    2843,    2843,    2878,    2879,    2960,    2959,0
CQUAD4,    2844,    2844,    2879,    2880,    2961,    2960,0
CQUAD4,    2845,    2845,    2880,    2881,    2962,    2961,0
CQUAD4,    2846,    2846,    2881,    2882,    2963,    2962,0
CQUAD4,    2847,    2847,    2882,    2883,    2964,    2963,0
CQUAD4,    2848,    2848,    2883,    2884,    2965,    2964,0
CQUAD4,    2849,    2849,    2884,    2885,    2966,    2965,0
CQUAD4,    2850,    2850,    2885,    2886,    2967,    2966,0
CQUAD4,    2851,    2851,    2886,    2887,    2968,    2967,0
CQUAD4,    2852,    2852,    2887,    2888,    2969,    2968,0
CQUAD4,    2853,    2853,    2888,    2889,    2970,    2969,0
CQUAD4,    2854,    2854,    2889,    2890,    2971,    2970,0
CQUAD4,    2855,    2855,    2890,    2891,    2972,    2971,0
CQUAD4,    2856,    2856,    2891,    2892,    2973,    2972,0
CQUAD4,    2857,    2857,    2892,    2893,    2974,    2973,0
CQUAD4,    2858,    2858,    2893,    2894,    2975,    2974,0
CQUAD4,    2859,    2859,    2894,    2895,    2976,    2975,0
CQUAD4,    2860,    2860,    2895,    2896,    2977,    2976,0
CQUAD4,    2861,    2861,    2896,    2897,    2978,    2977,0
CQUAD4,    2862,    2862,    2897,    2898,    2979,    2978,0
CQUAD4,    2863,    2863,    2898,    2899,    2980,    2979,0
CQUAD4,    2864,    2864,    2899,    2900,    2981,    2980,0
CQUAD4,    2865,    2865,    2900,    2901,    2982,    2981,0
CQUAD4,    2866,    2866,    2901,    2902,    2983,    2982,0
CQUAD4,    2867,    2867,    2902,    2903,    2984,    2983,0
CQUAD4,    2868,    2868,    2903,    2904,    2985,    2984,0
CQUAD4,    2869,    2869,    2904,    2905,    2986,    2985,0
CQUAD4,    2870,    2870,    2905,    2906,    2987,    2986,0
CQUAD4,    2871,    2871,    2906,    2907,    2988,    2987,0
CQUAD4,    2872,    2872,    2907,    2908,    2989,    2988,0
CQUAD4,    2873,    2873,    2908,    2909,    2990,    2989,0
CQUAD4,    2874,    2874,    2909,    2910,    2991,    2990,0
CQUAD4,    2875,    2875,    2910,    2911,    2992,    2991,0
CQUAD4,    2876,    2876,    2911,    2912,    2993,    2992,0
CQUAD4,    2877,    2877,    2912,    2913,    2994,    2993,0
CQUAD4,    2878,    2878,    2913,    2914,    2995,    2994,0
CQUAD4,    2879,    2879,    2914,    2915,    2996,    2995,0
CQUAD4,    2880,    2880,    2915,    2916,    2997,    2996,0
CQUAD4,    2881,    2881,    2917,    2918,    2999,    2998,0
CQUAD4,    2882,    2882,    2918,    2919,    3000,    2999,0
CQUAD4,    2883,    2883,    2919,    2920,    3001,    3000,0
CQUAD4,    2884,    2884,    2920,    2921,    3002,    3001,0
CQUAD4,    2885,    2885,    2921,    2922,    3003,    3002,0
CQUAD4,    2886,    2886,    2922,    2923,    3004,    3003,0
CQUAD4,    2887,    2887,    2923,    2924,    3005,    3004,0
CQUAD4,    2888,    2888,    2924,    2925,    3006,    3005,0
CQUAD4,    2889,    2889,    2925,    2926,    3007,    3006,0
CQUAD4,    2890,    2890,    2926,    2927,    3008,    3007,0
CQUAD4,    2891,    2891,    2927,    2928,    3009,    3008,0
CQUAD4,    2892,    2892,    2928,    2929,    3010,    3009,0
CQUAD4,    2893,    2893,    2929,    2930,    3011,    3010,0
CQUAD4,    2894,    2894,    2930,    2931,    3012,    3011,0
CQUAD4,    2895,    2895,    2931,    2932,    3013,    3012,0
CQUAD4,    2896,    2896,    2932,    2933,    3014,    3013,0
CQUAD4,    2897,    2897,    2933,    2934,    3015,    3014,0
CQUAD4,    2898,    2898,    2934,    2935,    3016,    3015,0
CQUAD4,    2899,    2899,    2935,    2936,    3017,    3016,0
CQUAD4,    2900,    2900,    2936,    2937,    3018,    3017,0
CQUAD4,    2901,    2901,    2937,    2938,    3019,    3018,0
CQUAD4,    2902,    2902,    2938,    2939,    3020,    3019,0
CQUAD4,    2903,    2903,    2939,    2940,    3021,    3020,0
CQUAD4,    2904,    2904,    2940,    2941,    3022,    3021,0
CQUAD4,    2905,    2905,    2941,    2942,    3023,    3022,0
CQUAD4,    2906,    2906,    2942,    2943,    3024,    3023,0
CQUAD4,    2907,    2907,    2943,    2944,    3025,    3024,0
CQUAD4,    2908,    2908,    2944,    2945,    3026,    3025,0
CQUAD4,    2909,    2909,    2945,    2946,    3027,    3026,0
CQUAD4,    2910,    2910,    2946,    2947,    3028,    3027,0
CQUAD4,    2911,    2911,    2947,    2948,    3029,    3028,0
CQUAD4,    2912,    2912,    2948,    2949,    3030,    3029,0
CQUAD4,    2913,    2913,    2949,    2950,    3031,    3030,0
CQUAD4,    2914,    2914,    2950,    2951,    3032,    3031,0
CQUAD4,    2915,    2915,    2951,    2952,    3033,    3032,0
CQUAD4,    2916,    2916,    2952,    2953,    3034,    3033,0
CQUAD4,    2917,    2917,    2953,    2954,    3035,    3034,0
CQUAD4,    2918,    2918,    2954,    2955,    3036,    3035,0
CQUAD4,    2919,    2919,    2955,    2956,    3037,    3036,0
CQUAD4,    2920,    2920,    2956,    2957,    3038,    3037,0
CQUAD4,    2921,    2921,    2957,    2958,    3039,    3038,0
CQUAD4,    2922,    2922,    2958,    2959,    3040,    3039,0
CQUAD4,    2923,    2923,    2959,    2960,    3041,    3040,0
CQUAD4,    2924,    2924,    2960,    2961,    3042,    3041,0
CQUAD4,    2925,    2925,    2961,    2962,    3043,    3042,0
CQUAD4,    2926,    2926,    2962,    2963,    3044,    3043,0
CQUAD4,    2927,    2927,    2963,    2964,    3045,    3044,0
CQUAD4,    2928,    2928,    2964,    2965,    3046,    3045,0
CQUAD4,    2929,    2929,    2965,    2966,    3047,    3046,0
CQUAD4,    2930,    2930,    2966,    2967,    3048,    3047,0
CQUAD4,    2931,    2931,    2967,    2968,    3049,    3048,0
CQUAD4,    2932,    2932,    2968,    2969,    3050,    3049,0
CQUAD4,    2933,    2933,    2969,    2970,    3051,    3050,0
CQUAD4,    2934,    2934,    2970,    2971,    3052,    3051,0
CQUAD4,    2935,    2935,    2971,    2972,    3053,    3052,0
CQUAD4,    2936,    2936,    2972,    2973,    3054,    3053,0
CQUAD4,    2937,    2937,    2973,    2974,    3055,    3054,0
CQUAD4,    2938,    2938,    2974,    2975,    3056,    3055,0
CQUAD4,    2939,    2939,    2975,    2976,    3057,    3056,0
CQUAD4,    2940,    2940,    2976,    2977,    3058,    3057,0
CQUAD4,    2941,    2941,    2977,    2978,    3059,    3058,0
CQUAD4,    2942,    2942,    2978,    2979,    3060,    3059,0
CQUAD4,    2943,    2943,    2979,    2980,    3061,    3060,0
CQUAD4,    2944,    2944,    2980,    2981,    3062,    3061,0
CQUAD4,    2945,    2945,    2981,    2982,    3063,    3062,0
CQUAD4,    2946,    2946,    2982,    2983,    3064,    3063,0
CQUAD4,    2947,    2947,    2983,    2984,    3065,    3064,0
CQUAD4,    2948,    2948,    2984,    2985,    3066,    3065,0
CQUAD4,    2949,    2949,    2985,    2986,    3067,    3066,0
CQUAD4,    2950,    2950,    2986,    2987,    3068,    3067,0
CQUAD4,    2951,    2951,    2987,    2988,    3069,    3068,0
CQUAD4,    2952,    2952,    2988,    2989,    3070,    3069,0
CQUAD4,    2953,    2953,    2989,    2990,    3071,    3070,0
CQUAD4,    2954,    2954,    2990,    2991,    3072,    3071,0
CQUAD4,    2955,    2955,    2991,    2992,    3073,    3072,0
CQUAD4,    2956,    2956,    2992,    2993,    3074,    3073,0
CQUAD4,    2957,    2957,    2993,    2994,    3075,    3074,0
CQUAD4,    2958,    2958,    2994,    2995,    3076,    3075,0
CQUAD4,    2959,    2959,    2995,    2996,    3077,    3076,0
CQUAD4,    2960,    2960,    2996,    2997,    3078,    3077,0
CQUAD4,    2961,    2961,    2998,    2999,    3080,    3079,0
CQUAD4,    2962,    2962,    2999,    3000,    3081,    3080,0
CQUAD4,    2963,    2963,    3000,    3001,    3082,    3081,0
CQUAD4,    2964,    2964,    3001,    3002,    3083,    3082,0
CQUAD4,    2965,    2965,    3002,    3003,    3084,    3083,0
CQUAD4,    2966,    2966,    3003,    3004,    3085,    3084,0
CQUAD4,    2967,    2967,    3004,    3005,    3086,    3085,0
CQUAD4,    2968,    2968,    3005,    3006,    3087,    3086,0
CQUAD4,    2969,    2969,    3006,    3007,    3088,    3087,0
CQUAD4,    2970,    2970,    3007,    3008,    3089,    3088,0
CQUAD4,    2971,    2971,    3008,    3009,    3090,    3089,0
CQUAD4,    2972,    2972,    3009,    3010,    3091,    3090,0
CQUAD4,    2973,    2973,    3010,    3011,    3092,    3091,0
CQUAD4,    2974,    2974,    3011,    3012,    3093,    3092,0
CQUAD4,    2975,    2975,    3012,    3013,    3094,    3093,0
CQUAD4,    2976,    2976,    3013,    3014,    3095,    3094,0
CQUAD4,    2977,    2977,    3014,    3015,    3096,    3095,0
CQUAD4,    2978,    2978,    3015,    3016,    3097,    3096,0
CQUAD4,    2979,    2979,    3016,    3017,    3098,    3097,0
CQUAD4,    2980,    2980,    3017,    3018,    3099,    3098,0
CQUAD4,    2981,    2981,    3018,    3019,    3100,    3099,0
CQUAD4,    2982,    2982,    3019,    3020,    3101,    3100,0
CQUAD4,    2983,    2983,    3020,    3021,    3102,    3101,0
CQUAD4,    2984,    2984,    3021,    3022,    3103,    3102,0
CQUAD4,    2985,    2985,    3022,    3023,    3104,    3103,0
CQUAD4,    2986,    2986,    3023,    3024,    3105,    3104,0
CQUAD4,    2987,    2987,    3024,    3025,    3106,    3105,0
CQUAD4,    2988,    2988,    3025,    3026,    3107,    3106,0
CQUAD4,    2989,    2989,    3026,    3027,    3108,    3107,0
CQUAD4,    2990,    2990,    3027,    3028,    3109,    3108,0
CQUAD4,    2991,    2991,    3028,    3029,    3110,    3109,0
CQUAD4,    2992,    2992,    3029,    3030,    3111,    3110,0
CQUAD4,    2993,    2993,    3030,    3031,    3112,    3111,0
CQUAD4,    2994,    2994,    3031,    3032,    3113,    3112,0
CQUAD4,    2995,    2995,    3032,    3033,    3114,    3113,0
CQUAD4,    2996,    2996,    3033,    3034,    3115,    3114,0
CQUAD4,    2997,    2997,    3034,    3035,    3116,    3115,0
CQUAD4,    2998,    2998,    3035,    3036,    3117,    3116,0
CQUAD4,    2999,    2999,    3036,    3037,    3118,    3117,0
CQUAD4,    3000,    3000,    3037,    3038,    3119,    3118,0
CQUAD4,    3001,    3001,    3038,    3039,    3120,    3119,0
CQUAD4,    3002,    3002,    3039,    3040,    3121,    3120,0
CQUAD4,    3003,    3003,    3040,    3041,    3122,    3121,0
CQUAD4,    3004,    3004,    3041,    3042,    3123,    3122,0
CQUAD4,    3005,    3005,    3042,    3043,    3124,    3123,0
CQUAD4,    3006,    3006,    3043,    3044,    3125,    3124,0
CQUAD4,    3007,    3007,    3044,    3045,    3126,    3125,0
CQUAD4,    3008,    3008,    3045,    3046,    3127,    3126,0
CQUAD4,    3009,    3009,    3046,    3047,    3128,    3127,0
CQUAD4,    3010,    3010,    3047,    3048,    3129,    3128,0
CQUAD4,    3011,    3011,    3048,    3049,    3130,    3129,0
CQUAD4,    3012,    3012,    3049,    3050,    3131,    3130,0
CQUAD4,    3013,    3013,    3050,    3051,    3132,    3131,0
CQUAD4,    3014,    3014,    3051,    3052,    3133,    3132,0
CQUAD4,    3015,    3015,    3052,    3053,    3134,    3133,0
CQUAD4,    3016,    3016,    3053,    3054,    3135,    3134,0
CQUAD4,    3017,    3017,    3054,    3055,    3136,    3135,0
CQUAD4,    3018,    3018,    3055,    3056,    3137,    3136,0
CQUAD4,    3019,    3019,    3056,    3057,    3138,    3137,0
CQUAD4,    3020,    3020,    3057,    3058,    3139,    3138,0
CQUAD4,    3021,    3021,    3058,    3059,    3140,    3139,0
CQUAD4,    3022,    3022,    3059,    3060,    3141,    3140,0
CQUAD4,    3023,    3023,    3060,    3061,    3142,    3141,0
CQUAD4,    3024,    3024,    3061,    3062,    3143,    3142,0
CQUAD4,    3025,    3025,    3062,    3063,    3144,    3143,0
CQUAD4,    3026,    3026,    3063,    3064,    3145,    3144,0
CQUAD4,    3027,    3027,    3064,    3065,    3146,    3145,0
CQUAD4,    3028,    3028,    3065,    3066,    3147,    3146,0
CQUAD4,    3029,    3029,    3066,    3067,    3148,    3147,0
CQUAD4,    3030,    3030,    3067,    3068,    3149,    3148,0
CQUAD4,    3031,    3031,    3068,    3069,    3150,    3149,0
CQUAD4,    3032,    3032,    3069,    3070,    3151,    3150,0
CQUAD4,    3033,    3033,    3070,    3071,    3152,    3151,0
CQUAD4,    3034,    3034,    3071,    3072,    3153,    3152,0
CQUAD4,    3035,    3035,    3072,    3073,    3154,    3153,0
CQUAD4,    3036,    3036,    3073,    3074,    3155,    3154,0
CQUAD4,    3037,    3037,    3074,    3075,    3156,    3155,0
CQUAD4,    3038,    3038,    3075,    3076,    3157,    3156,0
CQUAD4,    3039,    3039,    3076,    3077,    3158,    3157,0
CQUAD4,    3040,    3040,    3077,    3078,    3159,    3158,0
CQUAD4,    3041,    3041,    3079,    3080,    3161,    3160,0
CQUAD4,    3042,    3042,    3080,    3081,    3162,    3161,0
CQUAD4,    3043,    3043,    3081,    3082,    3163,    3162,0
CQUAD4,    3044,    3044,    3082,    3083,    3164,    3163,0
CQUAD4,    3045,    3045,    3083,    3084,    3165,    3164,0
CQUAD4,    3046,    3046,    3084,    3085,    3166,    3165,0
CQUAD4,    3047,    3047,    3085,    3086,    3167,    3166,0
CQUAD4,    3048,    3048,    3086,    3087,    3168,    3167,0
CQUAD4,    3049,    3049,    3087,    3088,    3169,    3168,0
CQUAD4,    3050,    3050,    3088,    3089,    3170,    3169,0
CQUAD4,    3051,    3051,    3089,    3090,    3171,    3170,0
CQUAD4,    3052,    3052,    3090,    3091,    3172,    3171,0
CQUAD4,    3053,    3053,    3091,    3092,    3173,    3172,0
CQUAD4,    3054,    3054,    3092,    3093,    3174,    3173,0
CQUAD4,    3055,    3055,    3093,    3094,    3175,    3174,0
CQUAD4,    3056,    3056,    3094,    3095,    3176,    3175,0
CQUAD4,    3057,    3057,    3095,    3096,    3177,    3176,0
CQUAD4,    3058,    3058,    3096,    3097,    3178,    3177,0
CQUAD4,    3059,    3059,    3097,    3098,    3179,    3178,0
CQUAD4,    3060,    3060,    3098,    3099,    3180,    3179,0
CQUAD4,    3061,    3061,    3099,    3100,    3181,    3180,0
CQUAD4,    3062,    3062,    3100,    3101,    3182,    3181,0
CQUAD4,    3063,    3063,    3101,    3102,    3183,    3182,0
CQUAD4,    3064,    3064,    3102,    3103,    3184,    3183,0
CQUAD4,    3065,    3065,    3103,    3104,    3185,    3184,0
CQUAD4,    3066,    3066,    3104,    3105,    3186,    3185,0
CQUAD4,    3067,    3067,    3105,    3106,    3187,    3186,0
CQUAD4,    3068,    3068,    3106,    3107,    3188,    3187,0
CQUAD4,    3069,    3069,    3107,    3108,    3189,    3188,0
CQUAD4,    3070,    3070,    3108,    3109,    3190,    3189,0
CQUAD4,    3071,    3071,    3109,    3110,    3191,    3190,0
CQUAD4,    3072,    3072,    3110,    3111,    3192,    3191,0
CQUAD4,    3073,    3073,    3111,    3112,    3193,    3192,0
CQUAD4,    3074,    3074,    3112,    3113,    3194,    3193,0
CQUAD4,    3075,    3075,    3113,    3114,    3195,    3194,0
CQUAD4,    3076,    3076,    3114,    3115,    3196,    3195,0
CQUAD4,    3077,    3077,    3115,    3116,    3197,    3196,0
CQUAD4,    3078,    3078,    3116,    3117,    3198,    3197,0
CQUAD4,    3079,    3079,    3117,    3118,    3199,    3198,0
CQUAD4,    3080,    3080,    3118,    3119,    3200,    3199,0
CQUAD4,    3081,    3081,    3119,    3120,    3201,    3200,0
CQUAD4,    3082,    3082,    3120,    3121,    3202,    3201,0
CQUAD4,    3083,    3083,    3121,    3122,    3203,    3202,0
CQUAD4,    3084,    3084,    3122,    3123,    3204,    3203,0
CQUAD4,    3085,    3085,    3123,    3124,    3205,    3204,0
CQUAD4,    3086,    3086,    3124,    3125,    3206,    3205,0
CQUAD4,    3087,    3087,    3125,    3126,    3207,    3206,0
CQUAD4,    3088,    3088,    3126,    3127,    3208,    3207,0
CQUAD4,    3089,    3089,    3127,    3128,    3209,    3208,0
CQUAD4,    3090,    3090,    3128,    3129,    3210,    3209,0
CQUAD4,    3091,    3091,    3129,    3130,    3211,    3210,0
CQUAD4,    3092,    3092,    3130,    3131,    3212,    3211,0
CQUAD4,    3093,    3093,    3131,    3132,    3213,    3212,0
CQUAD4,    3094,    3094,    3132,    3133,    3214,    3213,0
CQUAD4,    3095,    3095,    3133,    3134,    3215,    3214,0
CQUAD4,    3096,    3096,    3134,    3135,    3216,    3215,0
CQUAD4,    3097,    3097,    3135,    3136,    3217,    3216,0
CQUAD4,    3098,    3098,    3136,    3137,    3218,    3217,0
CQUAD4,    3099,    3099,    3137,    3138,    3219,    3218,0
CQUAD4,    3100,    3100,    3138,    3139,    3220,    3219,0
CQUAD4,    3101,    3101,    3139,    3140,    3221,    3220,0
CQUAD4,    3102,    3102,    3140,    3141,    3222,    3221,0
CQUAD4,    3103,    3103,    3141,    3142,    3223,    3222,0
CQUAD4,    3104,    3104,    3142,    3143,    3224,    3223,0
CQUAD4,    3105,    3105,    3143,    3144,    3225,    3224,0
CQUAD4,    3106,    3106,    3144,    3145,    3226,    3225,0
CQUAD4,    3107,    3107,    3145,    3146,    3227,    3226,0
CQUAD4,    3108,    3108,    3146,    3147,    3228,    3227,0
CQUAD4,    3109,    3109,    3147,    3148,    3229,    3228,0
CQUAD4,    3110,    3110,    3148,    3149,    3230,    3229,0
CQUAD4,    3111,    3111,    3149,    3150,    3231,    3230,0
CQUAD4,    3112,    3112,    3150,    3151,    3232,    3231,0
CQUAD4,    3113,    3113,    3151,    3152,    3233,    3232,0
CQUAD4,    3114,    3114,    3152,    3153,    3234,    3233,0
CQUAD4,    3115,    3115,    3153,    3154,    3235,    3234,0
CQUAD4,    3116,    3116,    3154,    3155,    3236,    3235,0
CQUAD4,    3117,    3117,    3155,    3156,    3237,    3236,0
CQUAD4,    3118,    3118,    3156,    3157,    3238,    3237,0
CQUAD4,    3119,    3119,    3157,    3158,    3239,    3238,0
CQUAD4,    3120,    3120,    3158,    3159,    3240,    3239,0
CQUAD4,    3121,    3121,    3160,    3161,    3242,    3241,0
CQUAD4,    3122,    3122,    3161,    3162,    3243,    3242,0
CQUAD4,    3123,    3123,    3162,    3163,    3244,    3243,0
CQUAD4,    3124,    3124,    3163,    3164,    3245,    3244,0
CQUAD4,    3125,    3125,    3164,    3165,    3246,    3245,0
CQUAD4,    3126,    3126,    3165,    3166,    3247,    3246,0
CQUAD4,    3127,    3127,    3166,    3167,    3248,    3247,0
CQUAD4,    3128,    3128,    3167,    3168,    3249,    3248,0
CQUAD4,    3129,    3129,    3168,    3169,    3250,    3249,0
CQUAD4,    3130,    3130,    3169,    3170,    3251,    3250,0
CQUAD4,    3131,    3131,    3170,    3171,    3252,    3251,0
CQUAD4,    3132,    3132,    3171,    3172,    3253,    3252,0
CQUAD4,    3133,    3133,    3172,    3173,    3254,    3253,0
CQUAD4,    3134,    3134,    3173,    3174,    3255,    3254,0
CQUAD4,    3135,    3135,    3174,    3175,    3256,    3255,0
CQUAD4,    3136,    3136,    3175,    3176,    3257,    3256,0
CQUAD4,    3137,    3137,    3176,    3177,    3258,    3257,0
CQUAD4,    3138,    3138,    3177,    3178,    3259,    3258,0
CQUAD4,    3139,    3139,    3178,    3179,    3260,    3259,0
CQUAD4,    3140,    3140,    3179,    3180,    3261,    3260,0
CQUAD4,    3141,    3141,    3180,    3181,    3262,    3261,0
CQUAD4,    3142,    3142,    3181,    3182,    3263,    3262,0
CQUAD4,    3143,    3143,    3182,    3183,    3264,    3263,0
CQUAD4,    3144,    3144,    3183,    3184,    3265,    3264,0
CQUAD4,    3145,    3145,    3184,    3185,    3266,    3265,0
CQUAD4,    3146,    3146,    3185,    3186,    3267,    3266,0
CQUAD4,    3147,    3147,    3186,    3187,    3268,    3267,0
CQUAD4,    3148,    3148,    3187,    3188,    3269,    3268,0
CQUAD4,    3149,    3149,    3188,    3189,    3270,    3269,0
CQUAD4,    3150,    3150,    3189,    3190,    3271,    3270,0
CQUAD4,    3151,    3151,    3190,    3191,    3272,    3271,0
CQUAD4,    3152,    3152,    3191,    3192,    3273,    3272,0
CQUAD4,    3153,    3153,    3192,    3193,    3274,    3273,0
CQUAD4,    3154,    3154,    3193,    3194,    3275,    3274,0
CQUAD4,    3155,    3155,    3194,    3195,    3276,    3275,0
CQUAD4,    3156,    3156,    3195,    3196,    3277,    3276,0
CQUAD4,    3157,    3157,    3196,    3197,    3278,    3277,0
CQUAD4,    3158,    3158,    3197,    3198,    3279,    3278,0
CQUAD4,    3159,    3159,    3198,    3199,    3280,    3279,0
CQUAD4,    3160,    3160,    3199,    3200,    3281,    3280,0
CQUAD4,    3161,    3161,    3200,    3201,    3282,    3281,0
CQUAD4,    3162,    3162,    3201,    3202,    3283,    3282,0
CQUAD4,    3163,    3163,    3202,    3203,    3284,    3283,0
CQUAD4,    3164,    3164,    3203,    3204,    3285,    3284,0
CQUAD4,    3165,    3165,    3204,    3205,    3286,    3285,0
CQUAD4,    3166,    3166,    3205,    3206,    3287,    3286,0
CQUAD4,    3167,    3167,    3206,    3207,    3288,    3287,0
CQUAD4,    3168,    3168,    3207,    3208,    3289,    3288,0
CQUAD4,    3169,    3169,    3208,    3209,    3290,    3289,0
CQUAD4,    3170,    3170,    3209,    3210,    3291,    3290,0
CQUAD4,    3171,    3171,    3210,    3211,    3292,    3291,0
CQUAD4,    3172,    3172,    3211,    3212,    3293,    3292,0
CQUAD4,    3173,    3173,    3212,    3213,    3294,    3293,0
CQUAD4,    3174,    3174,    3213,    3214,    3295,    3294,0
CQUAD4,    3175,    3175,    3214,    3215,    3296,    3295,0
CQUAD4,    3176,    3176,    3215,    3216,    3297,    3296,0
CQUAD4,    3177,    3177,    3216,    3217,    3298,    3297,0
CQUAD4,    3178,    3178,    3217,    3218,    3299,    3298,0
CQUAD4,    3179,    3179,    3218,    3219,    3300,    3299,0
CQUAD4,    3180,    3180,    3219,    3220,    3301,    3300,0
CQUAD4,    3181,    3181,    3220,    3221,    3302,    3301,0
CQUAD4,    3182,    3182,    3221,    3222,    3303,    3302,0
CQUAD4,    3183,    3183,    3222,    3223,    3304,    3303,0
CQUAD4,    3184,    3184,    3223,    3224,    3305,    3304,0
CQUAD4,    3185,    3185,    3224,    3225,    3306,    3305,0
CQUAD4,    3186,    3186,    3225,    3226,    3307,    3306,0
CQUAD4,    3187,    3187,    3226,    3227,    3308,    3307,0
CQUAD4,    3188,    3188,    3227,    3228,    3309,    3308,0
CQUAD4,    3189,    3189,    3228,    3229,    3310,    3309,0
CQUAD4,    3190,    3190,    3229,    3230,    3311,    3310,0
CQUAD4,    3191,    3191,    3230,    3231,    3312,    3311,0
CQUAD4,    3192,    3192,    3231,    3232,    3313,    3312,0
CQUAD4,    3193,    3193,    3232,    3233,    3314,    3313,0
CQUAD4,    3194,    3194,    3233,    3234,    3315,    3314,0
CQUAD4,    3195,    3195,    3234,    3235,    3316,    3315,0
CQUAD4,    3196,    3196,    3235,    3236,    3317,    3316,0
CQUAD4,    3197,    3197,    3236,    3237,    3318,    3317,0
CQUAD4,    3198,    3198,    3237,    3238,    3319,    3318,0
CQUAD4,    3199,    3199,    3238,    3239,    3320,    3319,0
CQUAD4,    3200,    3200,    3239,    3240,    3321,    3320,0
CQUAD4,    3201,    3201,    3241,    3242,    3323,    3322,0
CQUAD4,    3202,    3202,    3242,    3243,    3324,    3323,0
CQUAD4,    3203,    3203,    3243,    3244,    3325,    3324,0
CQUAD4,    3204,    3204,    3244,    3245,    3326,    3325,0
CQUAD4,    3205,    3205,    3245,    3246,    3327,    3326,0
CQUAD4,    3206,    3206,    3246,    3247,    3328,    3327,0
CQUAD4,    3207,    3207,    3247,    3248,    3329,    3328,0
CQUAD4,    3208,    3208,    3248,    3249,    3330,    3329,0
CQUAD4,    3209,    3209,    3249,    3250,    3331,    3330,0
CQUAD4,    3210,    3210,    3250,    3251,    3332,    3331,0
CQUAD4,    3211,    3211,    3251,    3252,    3333,    3332,0
CQUAD4,    3212,    3212,    3252,    3253,    3334,    3333,0
CQUAD4,    3213,    3213,    3253,    3254,    3335,    3334,0
CQUAD4,    3214,    3214,    3254,    3255,    3336,    3335,0
CQUAD4,    3215,    3215,    3255,    3256,    3337,    3336,0
CQUAD4,    3216,    3216,    3256,    3257,    3338,    3337,0
CQUAD4,    3217,    3217,    3257,    3258,    3339,    3338,0
CQUAD4,    3218,    3218,    3258,    3259,    3340,    3339,0
CQUAD4,    3219,    3219,    3259,    3260,    3341,    3340,0
CQUAD4,    3220,    3220,    3260,    3261,    3342,    3341,0
CQUAD4,    3221,    3221,    3261,    3262,    3343,    3342,0
CQUAD4,    3222,    3222,    3262,    3263,    3344,    3343,0
CQUAD4,    3223,    3223,    3263,    3264,    3345,    3344,0
CQUAD4,    3224,    3224,    3264,    3265,    3346,    3345,0
CQUAD4,    3225,    3225,    3265,    3266,    3347,    3346,0
CQUAD4,    3226,    3226,    3266,    3267,    3348,    3347,0
CQUAD4,    3227,    3227,    3267,    3268,    3349,    3348,0
CQUAD4,    3228,    3228,    3268,    3269,    3350,    3349,0
CQUAD4,    3229,    3229,    3269,    3270,    3351,    3350,0
CQUAD4,    3230,    3230,    3270,    3271,    3352,    3351,0
CQUAD4,    3231,    3231,    3271,    3272,    3353,    3352,0
CQUAD4,    3232,    3232,    3272,    3273,    3354,    3353,0
CQUAD4,    3233,    3233,    3273,    3274,    3355,    3354,0
CQUAD4,    3234,    3234,    3274,    3275,    3356,    3355,0
CQUAD4,    3235,    3235,    3275,    3276,    3357,    3356,0
CQUAD4,    3236,    3236,    3276,    3277,    3358,    3357,0
CQUAD4,    3237,    3237,    3277,    3278,    3359,    3358,0
CQUAD4,    3238,    3238,    3278,    3279,    3360,    3359,0
CQUAD4,    3239,    3239,    3279,    3280,    3361,    3360,0
CQUAD4,    3240,    3240,    3280,    3281,    3362,    3361,0
CQUAD4,    3241,    3241,    3281,    3282,    3363,    3362,0
CQUAD4,    3242,    3242,    3282,    3283,    3364,    3363,0
CQUAD4,    3243,    3243,    3283,    3284,    3365,    3364,0
CQUAD4,    3244,    3244,    3284,    3285,    3366,    3365,0
CQUAD4,    3245,    3245,    3285,    3286,    3367,    3366,0
CQUAD4,    3246,    3246,    3286,    3287,    3368,    3367,0
CQUAD4,    3247,    3247,    3287,    3288,    3369,    3368,0
CQUAD4,    3248,    3248,    3288,    3289,    3370,    3369,0
CQUAD4,    3249,    3249,    3289,    3290,    3371,    3370,0
CQUAD4,    3250,    3250,    3290,    3291,    3372,    3371,0
CQUAD4,    3251,    3251,    3291,    3292,    3373,    3372,0
CQUAD4,    3252,    3252,    3292,    3293,    3374,    3373,0
CQUAD4,    3253,    3253,    3293,    3294,    3375,    3374,0
CQUAD4,    3254,    3254,    3294,    3295,    3376,    3375,0
CQUAD4,    3255,    3255,    3295,    3296,    3377,    3376,0
CQUAD4,    3256,    3256,    3296,    3297,    3378,    3377,0
CQUAD4,    3257,    3257,    3297,    3298,    3379,    3378,0
CQUAD4,    3258,    3258,    3298,    3299,    3380,    3379,0
CQUAD4,    3259,    3259,    3299,    3300,    3381,    3380,0
CQUAD4,    3260,    3260,    3300,    3301,    3382,    3381,0
CQUAD4,    3261,    3261,    3301,    3302,    3383,    3382,0
CQUAD4,    3262,    3262,    3302,    3303,    3384,    3383,0
CQUAD4,    3263,    3263,    3303,    3304,    3385,    3384,0
CQUAD4,    3264,    3264,    3304,    3305,    3386,    3385,0
CQUAD4,    3265,    3265,    3305,    3306,    3387,    3386,0
CQUAD4,    3266,    3266,    3306,    3307,    3388,    3387,0
CQUAD4,    3267,    3267,    3307,    3308,    3389,    3388,0
CQUAD4,    3268,    3268,    3308,    3309,    3390,    3389,0
CQUAD4,    3269,    3269,    3309,    3310,    3391,    3390,0
CQUAD4,    3270,    3270,    3310,    3311,    3392,    3391,0
CQUAD4,    3271,    3271,    3311,    3312,    3393,    3392,0
CQUAD4,    3272,    3272,    3312,    3313,    3394,    3393,0
CQUAD4,    3273,    3273,    3313,    3314,    3395,    3394,0
CQUAD4,    3274,    3274,    3314,    3315,    3396,    3395,0
CQUAD4,    3275,    3275,    3315,    3316,    3397,    3396,0
CQUAD4,    3276,    3276,    3316,    3317,    3398,    3397,0
CQUAD4,    3277,    3277,    3317,    3318,    3399,    3398,0
CQUAD4,    3278,    3278,    3318,    3319,    3400,    3399,0
CQUAD4,    3279,    3279,    3319,    3320,    3401,    3400,0
CQUAD4,    3280,    3280,    3320,    3321,    3402,    3401,0
CQUAD4,    3281,    3281,    3322,    3323,    3404,    3403,0
CQUAD4,    3282,    3282,    3323,    3324,    3405,    3404,0
CQUAD4,    3283,    3283,    3324,    3325,    3406,    3405,0
CQUAD4,    3284,    3284,    3325,    3326,    3407,    3406,0
CQUAD4,    3285,    3285,    3326,    3327,    3408,    3407,0
CQUAD4,    3286,    3286,    3327,    3328,    3409,    3408,0
CQUAD4,    3287,    3287,    3328,    3329,    3410,    3409,0
CQUAD4,    3288,    3288,    3329,    3330,    3411,    3410,0
CQUAD4,    3289,    3289,    3330,    3331,    3412,    3411,0
CQUAD4,    3290,    3290,    3331,    3332,    3413,    3412,0
CQUAD4,    3291,    3291,    3332,    3333,    3414,    3413,0
CQUAD4,    3292,    3292,    3333,    3334,    3415,    3414,0
CQUAD4,    3293,    3293,    3334,    3335,    3416,    3415,0
CQUAD4,    3294,    3294,    3335,    3336,    3417,    3416,0
CQUAD4,    3295,    3295,    3336,    3337,    3418,    3417,0
CQUAD4,    3296,    3296,    3337,    3338,    3419,    3418,0
CQUAD4,    3297,    3297,    3338,    3339,    3420,    3419,0
CQUAD4,    3298,    3298,    3339,    3340,    3421,    3420,0
CQUAD4,    3299,    3299,    3340,    3341,    3422,    3421,0
CQUAD4,    3300,    3300,    3341,    3342,    3423,    3422,0
CQUAD4,    3301,    3301,    3342,    3343,    3424,    3423,0
CQUAD4,    3302,    3302,    3343,    3344,    3425,    3424,0
CQUAD4,    3303,    3303,    3344,    3345,    3426,    3425,0
CQUAD4,    3304,    3304,    3345,    3346,    3427,    3426,0
CQUAD4,    3305,    3305,    3346,    3347,    3428,    3427,0
CQUAD4,    3306,    3306,    3347,    3348,    3429,    3428,0
CQUAD4,    3307,    3307,    3348,    3349,    3430,    3429,0
CQUAD4,    3308,    3308,    3349,    3350,    3431,    3430,0
CQUAD4,    3309,    3309,    3350,    3351,    3432,    3431,0
CQUAD4,    3310,    3310,    3351,    3352,    3433,    3432,0
CQUAD4,    3311,    3311,    3352,    3353,    3434,    3433,0
CQUAD4,    3312,    3312,    3353,    3354,    3435,    3434,0
CQUAD4,    3313,    3313,    3354,    3355,    3436,    3435,0
CQUAD4,    3314,    3314,    3355,    3356,    3437,    3436,0
CQUAD4,    3315,    3315,    3356,    3357,    3438,    3437,0
CQUAD4,    3316,    3316,    3357,    3358,    3439,    3438,0
CQUAD4,    3317,    3317,    3358,    3359,    3440,    3439,0
CQUAD4,    3318,    3318,    3359,    3360,    3441,    3440,0
CQUAD4,    3319,    3319,    3360,    3361,    3442,    3441,0
CQUAD4,    3320,    3320,    3361,    3362,    3443,    3442,0
CQUAD4,    3321,    3321,    3362,    3363,    3444,    3443,0
CQUAD4,    3322,    3322,    3363,    3364,    3445,    3444,0
CQUAD4,    3323,    3323,    3364,    3365,    3446,    3445,0
CQUAD4,    3324,    3324,    3365,    3366,    3447,    3446,0
CQUAD4,    3325,    3325,    3366,    3367,    3448,    3447,0
CQUAD4,    3326,    3326,    3367,    3368,    3449,    3448,0
CQUAD4,    3327,    3327,    3368,    3369,    3450,    3449,0
CQUAD4,    3328,    3328,    3369,    3370,    3451,    3450,0
CQUAD4,    3329,    3329,    3370,    3371,    3452,    3451,0
CQUAD4,    3330,    3330,    3371,    3372,    3453,    3452,0
CQUAD4,    3331,    3331,    3372,    3373,    3454,    3453,0
CQUAD4,    3332,    3332,    3373,    3374,    3455,    3454,0
CQUAD4,    3333,    3333,    3374,    3375,    3456,    3455,0
CQUAD4,    3334,    3334,    3375,    3376,    3457,    3456,0
CQUAD4,    3335,    3335,    3376,    3377,    3458,    3457,0
CQUAD4,    3336,    3336,    3377,    3378,    3459,    3458,0
CQUAD4,    3337,    3337,    3378,    3379,    3460,    3459,0
CQUAD4,    3338,    3338,    3379,    3380,    3461,    3460,0
CQUAD4,    3339,    3339,    3380,    3381,    3462,    3461,0
CQUAD4,    3340,    3340,    3381,    3382,    3463,    3462,0
CQUAD4,    3341,    3341,    3382,    3383,    3464,    3463,0
CQUAD4,    3342,    3342,    3383,    3384,    3465,    3464,0
CQUAD4,    3343,    3343,    3384,    3385,    3466,    3465,0
CQUAD4,    3344,    3344,    3385,    3386,    3467,    3466,0
CQUAD4,    3345,    3345,    3386,    3387,    3468,    3467,0
CQUAD4,    3346,    3346,    3387,    3388,    3469,    3468,0
CQUAD4,    3347,    3347,    3388,    3389,    3470,    3469,0
CQUAD4,    3348,    3348,    3389,    3390,    3471,    3470,0
CQUAD4,    3349,    3349,    3390,    3391,    3472,    3471,0
CQUAD4,    3350,    3350,    3391,    3392,    3473,    3472,0
CQUAD4,    3351,    3351,    3392,    3393,    3474,    3473,0
CQUAD4,    3352,    3352,    3393,    3394,    3475,    3474,0
CQUAD4,    3353,    3353,    3394,    3395,    3476,    3475,0
CQUAD4,    3354,    3354,    3395,    3396,    3477,    3476,0
CQUAD4,    3355,    3355,    3396,    3397,    3478,    3477,0
CQUAD4,    3356,    3356,    3397,    3398,    3479,    3478,0
CQUAD4,    3357,    3357,    3398,    3399,    3480,    3479,0
CQUAD4,    3358,    3358,    3399,    3400,    3481,    3480,0
CQUAD4,    3359,    3359,    3400,    3401,    3482,    3481,0
CQUAD4,    3360,    3360,    3401,    3402,    3483,    3482,0
CQUAD4,    3361,    3361,    3403,    3404,    3485,    3484,0
CQUAD4,    3362,    3362,    3404,    3405,    3486,    3485,0
CQUAD4,    3363,    3363,    3405,    3406,    3487,    3486,0
CQUAD4,    3364,    3364,    3406,    3407,    3488,    3487,0
CQUAD4,    3365,    3365,    3407,    3408,    3489,    3488,0
CQUAD4,    3366,    3366,    3408,    3409,    3490,    3489,0
CQUAD4,    3367,    3367,    3409,    3410,    3491,    3490,0
CQUAD4,    3368,    3368,    3410,    3411,    3492,    3491,0
CQUAD4,    3369,    3369,    3411,    3412,    3493,    3492,0
CQUAD4,    3370,    3370,    3412,    3413,    3494,    3493,0
CQUAD4,    3371,    3371,    3413,    3414,    3495,    3494,0
CQUAD4,    3372,    3372,    3414,    3415,    3496,    3495,0
CQUAD4,    3373,    3373,    3415,    3416,    3497,    3496,0
CQUAD4,    3374,    3374,    3416,    3417,    3498,    3497,0
CQUAD4,    3375,    3375,    3417,    3418,    3499,    3498,0
CQUAD4,    3376,    3376,    3418,    3419,    3500,    3499,0
CQUAD4,    3377,    3377,    3419,    3420,    3501,    3500,0
CQUAD4,    3378,    3378,    3420,    3421,    3502,    3501,0
CQUAD4,    3379,    3379,    3421,    3422,    3503,    3502,0
CQUAD4,    3380,    3380,    3422,    3423,    3504,    3503,0
CQUAD4,    3381,    3381,    3423,    3424,    3505,    3504,0
CQUAD4,    3382,    3382,    3424,    3425,    3506,    3505,0
CQUAD4,    3383,    3383,    3425,    3426,    3507,    3506,0
CQUAD4,    3384,    3384,    3426,    3427,    3508,    3507,0
CQUAD4,    3385,    3385,    3427,    3428,    3509,    3508,0
CQUAD4,    3386,    3386,    3428,    3429,    3510,    3509,0
CQUAD4,    3387,    3387,    3429,    3430,    3511,    3510,0
CQUAD4,    3388,    3388,    3430,    3431,    3512,    3511,0
CQUAD4,    3389,    3389,    3431,    3432,    3513,    3512,0
CQUAD4,    3390,    3390,    3432,    3433,    3514,    3513,0
CQUAD4,    3391,    3391,    3433,    3434,    3515,    3514,0
CQUAD4,    3392,    3392,    3434,    3435,    3516,    3515,0
CQUAD4,    3393,    3393,    3435,    3436,    3517,    3516,0
CQUAD4,    3394,    3394,    3436,    3437,    3518,    3517,0
CQUAD4,    3395,    3395,    3437,    3438,    3519,    3518,0
CQUAD4,    3396,    3396,    3438,    3439,    3520,    3519,0
CQUAD4,    3397,    3397,    3439,    3440,    3521,    3520,0
CQUAD4,    3398,    3398,    3440,    3441,    3522,    3521,0
CQUAD4,    3399,    3399,    3441,    3442,    3523,    3522,0
CQUAD4,    3400,    3400,    3442,    3443,    3524,    3523,0
CQUAD4,    3401,    3401,    3443,    3444,    3525,    3524,0
CQUAD4,    3402,    3402,    3444,    3445,    3526,    3525,0
CQUAD4,    3403,    3403,    3445,    3446,    3527,    3526,0
CQUAD4,    3404,    3404,    3446,    3447,    3528,    3527,0
CQUAD4,    3405,    3405,    3447,    3448,    3529,    3528,0
CQUAD4,    3406,    3406,    3448,    3449,    3530,    3529,0
CQUAD4,    3407,    3407,    3449,    3450,    3531,    3530,0
CQUAD4,    3408,    3408,    3450,    3451,    3532,    3531,0
CQUAD4,    3409,    3409,    3451,    3452,    3533,    3532,0
CQUAD4,    3410,    3410,    3452,    3453,    3534,    3533,0
CQUAD4,    3411,    3411,    3453,    3454,    3535,    3534,0
CQUAD4,    3412,    3412,    3454,    3455,    3536,    3535,0
CQUAD4,    3413,    3413,    3455,    3456,    3537,    3536,0
CQUAD4,    3414,    3414,    3456,    3457,    3538,    3537,0
CQUAD4,    3415,    3415,    3457,    3458,    3539,    3538,0
CQUAD4,    3416,    3416,    3458,    3459,    3540,    3539,0
CQUAD4,    3417,    3417,    3459,    3460,    3541,    3540,0
CQUAD4,    3418,    3418,    3460,    3461,    3542,    3541,0
CQUAD4,    3419,    3419,    3461,    3462,    3543,    3542,0
CQUAD4,    3420,    3420,    3462,    3463,    3544,    3543,0
CQUAD4,    3421,    3421,    3463,    3464,    3545,    3544,0
CQUAD4,    3422,    3422,    3464,    3465,    3546,    3545,0
CQUAD4,    3423,    3423,    3465,    3466,    3547,    3546,0
CQUAD4,    3424,    3424,    3466,    3467,    3548,    3547,0
CQUAD4,    3425,    3425,    3467,    3468,    3549,    3548,0
CQUAD4,    3426,    3426,    3468,    3469,    3550,    3549,0
CQUAD4,    3427,    3427,    3469,    3470,    3551,    3550,0
CQUAD4,    3428,    3428,    3470,    3471,    3552,    3551,0
CQUAD4,    3429,    3429,    3471,    3472,    3553,    3552,0
CQUAD4,    3430,    3430,    3472,    3473,    3554,    3553,0
CQUAD4,    3431,    3431,    3473,    3474,    3555,    3554,0
CQUAD4,    3432,    3432,    3474,    3475,    3556,    3555,0
CQUAD4,    3433,    3433,    3475,    3476,    3557,    3556,0
CQUAD4,    3434,    3434,    3476,    3477,    3558,    3557,0
CQUAD4,    3435,    3435,    3477,    3478,    3559,    3558,0
CQUAD4,    3436,    3436,    3478,    3479,    3560,    3559,0
CQUAD4,    3437,    3437,    3479,    3480,    3561,    3560,0
CQUAD4,    3438,    3438,    3480,    3481,    3562,    3561,0
CQUAD4,    3439,    3439,    3481,    3482,    3563,    3562,0
CQUAD4,    3440,    3440,    3482,    3483,    3564,    3563,0
CQUAD4,    3441,    3441,    3484,    3485,    3566,    3565,0
CQUAD4,    3442,    3442,    3485,    3486,    3567,    3566,0
CQUAD4,    3443,    3443,    3486,    3487,    3568,    3567,0
CQUAD4,    3444,    3444,    3487,    3488,    3569,    3568,0
CQUAD4,    3445,    3445,    3488,    3489,    3570,    3569,0
CQUAD4,    3446,    3446,    3489,    3490,    3571,    3570,0
CQUAD4,    3447,    3447,    3490,    3491,    3572,    3571,0
CQUAD4,    3448,    3448,    3491,    3492,    3573,    3572,0
CQUAD4,    3449,    3449,    3492,    3493,    3574,    3573,0
CQUAD4,    3450,    3450,    3493,    3494,    3575,    3574,0
CQUAD4,    3451,    3451,    3494,    3495,    3576,    3575,0
CQUAD4,    3452,    3452,    3495,    3496,    3577,    3576,0
CQUAD4,    3453,    3453,    3496,    3497,    3578,    3577,0
CQUAD4,    3454,    3454,    3497,    3498,    3579,    3578,0
CQUAD4,    3455,    3455,    3498,    3499,    3580,    3579,0
CQUAD4,    3456,    3456,    3499,    3500,    3581,    3580,0
CQUAD4,    3457,    3457,    3500,    3501,    3582,    3581,0
CQUAD4,    3458,    3458,    3501,    3502,    3583,    3582,0
CQUAD4,    3459,    3459,    3502,    3503,    3584,    3583,0
CQUAD4,    3460,    3460,    3503,    3504,    3585,    3584,0
CQUAD4,    3461,    3461,    3504,    3505,    3586,    3585,0
CQUAD4,    3462,    3462,    3505,    3506,    3587,    3586,0
CQUAD4,    3463,    3463,    3506,    3507,    3588,    3587,0
CQUAD4,    3464,    3464,    3507,    3508,    3589,    3588,0
CQUAD4,    3465,    3465,    3508,    3509,    3590,    3589,0
CQUAD4,    3466,    3466,    3509,    3510,    3591,    3590,0
CQUAD4,    3467,    3467,    3510,    3511,    3592,    3591,0
CQUAD4,    3468,    3468,    3511,    3512,    3593,    3592,0
CQUAD4,    3469,    3469,    3512,    3513,    3594,    3593,0
CQUAD4,    3470,    3470,    3513,    3514,    3595,    3594,0
CQUAD4,    3471,    3471,    3514,    3515,    3596,    3595,0
CQUAD4,    3472,    3472,    3515,    3516,    3597,    3596,0
CQUAD4,    3473,    3473,    3516,    3517,    3598,    3597,0
CQUAD4,    3474,    3474,    3517,    3518,    3599,    3598,0
CQUAD4,    3475,    3475,    3518,    3519,    3600,    3599,0
CQUAD4,    3476,    3476,    3519,    3520,    3601,    3600,0
CQUAD4,    3477,    3477,    3520,    3521,    3602,    3601,0
CQUAD4,    3478,    3478,    3521,    3522,    3603,    3602,0
CQUAD4,    3479,    3479,    3522,    3523,    3604,    3603,0
CQUAD4,    3480,    3480,    3523,    3524,    3605,    3604,0
CQUAD4,    3481,    3481,    3524,    3525,    3606,    3605,0
CQUAD4,    3482,    3482,    3525,    3526,    3607,    3606,0
CQUAD4,    3483,    3483,    3526,    3527,    3608,    3607,0
CQUAD4,    3484,    3484,    3527,    3528,    3609,    3608,0
CQUAD4,    3485,    3485,    3528,    3529,    3610,    3609,0
CQUAD4,    3486,    3486,    3529,    3530,    3611,    3610,0
CQUAD4,    3487,    3487,    3530,    3531,    3612,    3611,0
CQUAD4,    3488,    3488,    3531,    3532,    3613,    3612,0
CQUAD4,    3489,    3489,    3532,    3533,    3614,    3613,0
CQUAD4,    3490,    3490,    3533,    3534,    3615,    3614,0
CQUAD4,    3491,    3491,    3534,    3535,    3616,    3615,0
CQUAD4,    3492,    3492,    3535,    3536,    3617,    3616,0
CQUAD4,    3493,    3493,    3536,    3537,    3618,    3617,0
CQUAD4,    3494,    3494,    3537,    3538,    3619,    3618,0
CQUAD4,    3495,    3495,    3538,    3539,    3620,    3619,0
CQUAD4,    3496,    3496,    3539,    3540,    3621,    3620,0
CQUAD4,    3497,    3497,    3540,    3541,    3622,    3621,0
CQUAD4,    3498,    3498,    3541,    3542,    3623,    3622,0
CQUAD4,    3499,    3499,    3542,    3543,    3624,    3623,0
CQUAD4,    3500,    3500,    3543,    3544,    3625,    3624,0
CQUAD4,    3501,    3501,    3544,    3545,    3626,    3625,0
CQUAD4,    3502,    3502,    3545,    3546,    3627,    3626,0
CQUAD4,    3503,    3503,    3546,    3547,    3628,    3627,0
CQUAD4,    3504,    3504,    3547,    3548,    3629,    3628,0
CQUAD4,    3505,    3505,    3548,    3549,    3630,    3629,0
CQUAD4,    3506,    3506,    3549,    3550,    3631,    3630,0
CQUAD4,    3507,    3507,    3550,    3551,    3632,    3631,0
CQUAD4,    3508,    3508,    3551,    3552,    3633,    3632,0
CQUAD4,    3509,    3509,    3552,    3553,    3634,    3633,0
CQUAD4,    3510,    3510,    3553,    3554,    3635,    3634,0
CQUAD4,    3511,    3511,    3554,    3555,    3636,    3635,0
CQUAD4,    3512,    3512,    3555,    3556,    3637,    3636,0
CQUAD4,    3513,    3513,    3556,    3557,    3638,    3637,0
CQUAD4,    3514,    3514,    3557,    3558,    3639,    3638,0
CQUAD4,    3515,    3515,    3558,    3559,    3640,    3639,0
CQUAD4,    3516,    3516,    3559,    3560,    3641,    3640,0
CQUAD4,    3517,    3517,    3560,    3561,    3642,    3641,0
CQUAD4,    3518,    3518,    3561,    3562,    3643,    3642,0
CQUAD4,    3519,    3519,    3562,    3563,    3644,    3643,0
CQUAD4,    3520,    3520,    3563,    3564,    3645,    3644,0
CQUAD4,    3521,    3521,    3565,    3566,    3647,    3646,0
CQUAD4,    3522,    3522,    3566,    3567,    3648,    3647,0
CQUAD4,    3523,    3523,    3567,    3568,    3649,    3648,0
CQUAD4,    3524,    3524,    3568,    3569,    3650,    3649,0
CQUAD4,    3525,    3525,    3569,    3570,    3651,    3650,0
CQUAD4,    3526,    3526,    3570,    3571,    3652,    3651,0
CQUAD4,    3527,    3527,    3571,    3572,    3653,    3652,0
CQUAD4,    3528,    3528,    3572,    3573,    3654,    3653,0
CQUAD4,    3529,    3529,    3573,    3574,    3655,    3654,0
CQUAD4,    3530,    3530,    3574,    3575,    3656,    3655,0
CQUAD4,    3531,    3531,    3575,    3576,    3657,    3656,0
CQUAD4,    3532,    3532,    3576,    3577,    3658,    3657,0
CQUAD4,    3533,    3533,    3577,    3578,    3659,    3658,0
CQUAD4,    3534,    3534,    3578,    3579,    3660,    3659,0
CQUAD4,    3535,    3535,    3579,    3580,    3661,    3660,0
CQUAD4,    3536,    3536,    3580,    3581,    3662,    3661,0
CQUAD4,    3537,    3537,    3581,    3582,    3663,    3662,0
CQUAD4,    3538,    3538,    3582,    3583,    3664,    3663,0
CQUAD4,    3539,    3539,    3583,    3584,    3665,    3664,0
CQUAD4,    3540,    3540,    3584,    3585,    3666,    3665,0
CQUAD4,    3541,    3541,    3585,    3586,    3667,    3666,0
CQUAD4,    3542,    3542,    3586,    3587,    3668,    3667,0
CQUAD4,    3543,    3543,    3587,    3588,    3669,    3668,0
CQUAD4,    3544,    3544,    3588,    3589,    3670,    3669,0
CQUAD4,    3545,    3545,    3589,    3590,    3671,    3670,0
CQUAD4,    3546,    3546,    3590,    3591,    3672,    3671,0
CQUAD4,    3547,    3547,    3591,    3592,    3673,    3672,0
CQUAD4,    3548,    3548,    3592,    3593,    3674,    3673,0
CQUAD4,    3549,    3549,    3593,    3594,    3675,    3674,0
CQUAD4,    3550,    3550,    3594,    3595,    3676,    3675,0
CQUAD4,    3551,    3551,    3595,    3596,    3677,    3676,0
CQUAD4,    3552,    3552,    3596,    3597,    3678,    3677,0
CQUAD4,    3553,    3553,    3597,    3598,    3679,    3678,0
CQUAD4,    3554,    3554,    3598,    3599,    3680,    3679,0
CQUAD4,    3555,    3555,    3599,    3600,    3681,    3680,0
CQUAD4,    3556,    3556,    3600,    3601,    3682,    3681,0
CQUAD4,    3557,    3557,    3601,    3602,    3683,    3682,0
CQUAD4,    3558,    3558,    3602,    3603,    3684,    3683,0
CQUAD4,    3559,    3559,    3603,    3604,    3685,    3684,0
CQUAD4,    3560,    3560,    3604,    3605,    3686,    3685,0
CQUAD4,    3561,    3561,    3605,    3606,    3687,    3686,0
CQUAD4,    3562,    3562,    3606,    3607,    3688,    3687,0
CQUAD4,    3563,    3563,    3607,    3608,    3689,    3688,0
CQUAD4,    3564,    3564,    3608,    3609,    3690,    3689,0
CQUAD4,    3565,    3565,    3609,    3610,    3691,    3690,0
CQUAD4,    3566,    3566,    3610,    3611,    3692,    3691,0
CQUAD4,    3567,    3567,    3611,    3612,    3693,    3692,0
CQUAD4,    3568,    3568,    3612,    3613,    3694,    3693,0
CQUAD4,    3569,    3569,    3613,    3614,    3695,    3694,0
CQUAD4,    3570,    3570,    3614,    3615,    3696,    3695,0
CQUAD4,    3571,    3571,    3615,    3616,    3697,    3696,0
CQUAD4,    3572,    3572,    3616,    3617,    3698,    3697,0
CQUAD4,    3573,    3573,    3617,    3618,    3699,    3698,0
CQUAD4,    3574,    3574,    3618,    3619,    3700,    3699,0
CQUAD4,    3575,    3575,    3619,    3620,    3701,    3700,0
CQUAD4,    3576,    3576,    3620,    3621,    3702,    3701,0
CQUAD4,    3577,    3577,    3621,    3622,    3703,    3702,0
CQUAD4,    3578,    3578,    3622,    3623,    3704,    3703,0
CQUAD4,    3579,    3579,    3623,    3624,    3705,    3704,0
CQUAD4,    3580,    3580,    3624,    3625,    3706,    3705,0
CQUAD4,    3581,    3581,    3625,    3626,    3707,    3706,0
CQUAD4,    3582,    3582,    3626,    3627,    3708,    3707,0
CQUAD4,    3583,    3583,    3627,    3628,    3709,    3708,0
CQUAD4,    3584,    3584,    3628,    3629,    3710,    3709,0
CQUAD4,    3585,    3585,    3629,    3630,    3711,    3710,0
CQUAD4,    3586,    3586,    3630,    3631,    3712,    3711,0
CQUAD4,    3587,    3587,    3631,    3632,    3713,    3712,0
CQUAD4,    3588,    3588,    3632,    3633,    3714,    3713,0
CQUAD4,    3589,    3589,    3633,    3634,    3715,    3714,0
CQUAD4,    3590,    3590,    3634,    3635,    3716,    3715,0
CQUAD4,    3591,    3591,    3635,    3636,    3717,    3716,0
CQUAD4,    3592,    3592,    3636,    3637,    3718,    3717,0
CQUAD4,    3593,    3593,    3637,    3638,    3719,    3718,0
CQUAD4,    3594,    3594,    3638,    3639,    3720,    3719,0
CQUAD4,    3595,    3595,    3639,    3640,    3721,    3720,0
CQUAD4,    3596,    3596,    3640,    3641,    3722,    3721,0
CQUAD4,    3597,    3597,    3641,    3642,    3723,    3722,0
CQUAD4,    3598,    3598,    3642,    3643,    3724,    3723,0
CQUAD4,    3599,    3599,    3643,    3644,    3725,    3724,0
CQUAD4,    3600,    3600,    3644,    3645,    3726,    3725,0
CQUAD4,    3601,    3601,    3646,    3647,    3728,    3727,0
CQUAD4,    3602,    3602,    3647,    3648,    3729,    3728,0
CQUAD4,    3603,    3603,    3648,    3649,    3730,    3729,0
CQUAD4,    3604,    3604,    3649,    3650,    3731,    3730,0
CQUAD4,    3605,    3605,    3650,    3651,    3732,    3731,0
CQUAD4,    3606,    3606,    3651,    3652,    3733,    3732,0
CQUAD4,    3607,    3607,    3652,    3653,    3734,    3733,0
CQUAD4,    3608,    3608,    3653,    3654,    3735,    3734,0
CQUAD4,    3609,    3609,    3654,    3655,    3736,    3735,0
CQUAD4,    3610,    3610,    3655,    3656,    3737,    3736,0
CQUAD4,    3611,    3611,    3656,    3657,    3738,    3737,0
CQUAD4,    3612,    3612,    3657,    3658,    3739,    3738,0
CQUAD4,    3613,    3613,    3658,    3659,    3740,    3739,0
CQUAD4,    3614,    3614,    3659,    3660,    3741,    3740,0
CQUAD4,    3615,    3615,    3660,    3661,    3742,    3741,0
CQUAD4,    3616,    3616,    3661,    3662,    3743,    3742,0
CQUAD4,    3617,    3617,    3662,    3663,    3744,    3743,0
CQUAD4,    3618,    3618,    3663,    3664,    3745,    3744,0
CQUAD4,    3619,    3619,    3664,    3665,    3746,    3745,0
CQUAD4,    3620,    3620,    3665,    3666,    3747,    3746,0
CQUAD4,    3621,    3621,    3666,    3667,    3748,    3747,0
CQUAD4,    3622,    3622,    3667,    3668,    3749,    3748,0
CQUAD4,    3623,    3623,    3668,    3669,    3750,    3749,0
CQUAD4,    3624,    3624,    3669,    3670,    3751,    3750,0
CQUAD4,    3625,    3625,    3670,    3671,    3752,    3751,0
CQUAD4,    3626,    3626,    3671,    3672,    3753,    3752,0
CQUAD4,    3627,    3627,    3672,    3673,    3754,    3753,0
CQUAD4,    3628,    3628,    3673,    3674,    3755,    3754,0
CQUAD4,    3629,    3629,    3674,    3675,    3756,    3755,0
CQUAD4,    3630,    3630,    3675,    3676,    3757,    3756,0
CQUAD4,    3631,    3631,    3676,    3677,    3758,    3757,0
CQUAD4,    3632,    3632,    3677,    3678,    3759,    3758,0
CQUAD4,    3633,    3633,    3678,    3679,    3760,    3759,0
CQUAD4,    3634,    3634,    3679,    3680,    3761,    3760,0
CQUAD4,    3635,    3635,    3680,    3681,    3762,    3761,0
CQUAD4,    3636,    3636,    3681,    3682,    3763,    3762,0
CQUAD4,    3637,    3637,    3682,    3683,    3764,    3763,0
CQUAD4,    3638,    3638,    3683,    3684,    3765,    3764,0
CQUAD4,    3639,    3639,    3684,    3685,    3766,    3765,0
CQUAD4,    3640,    3640,    3685,    3686,    3767,    3766,0
CQUAD4,    3641,    3641,    3686,    3687,    3768,    3767,0
CQUAD4,    3642,    3642,    3687,    3688,    3769,    3768,0
CQUAD4,    3643,    3643,    3688,    3689,    3770,    3769,0
CQUAD4,    3644,    3644,    3689,    3690,    3771,    3770,0
CQUAD4,    3645,    3645,    3690,    3691,    3772,    3771,0
CQUAD4,    3646,    3646,    3691,    3692,    3773,    3772,0
CQUAD4,    3647,    3647,    3692,    3693,    3774,    3773,0
CQUAD4,    3648,    3648,    3693,    3694,    3775,    3774,0
CQUAD4,    3649,    3649,    3694,    3695,    3776,    3775,0
CQUAD4,    3650,    3650,    3695,    3696,    3777,    3776,0
CQUAD4,    3651,    3651,    3696,    3697,    3778,    3777,0
CQUAD4,    3652,    3652,    3697,    3698,    3779,    3778,0
CQUAD4,    3653,    3653,    3698,    3699,    3780,    3779,0
CQUAD4,    3654,    3654,    3699,    3700,    3781,    3780,0
CQUAD4,    3655,    3655,    3700,    3701,    3782,    3781,0
CQUAD4,    3656,    3656,    3701,    3702,    3783,    3782,0
CQUAD4,    3657,    3657,    3702,    3703,    3784,    3783,0
CQUAD4,    3658,    3658,    3703,    3704,    3785,    3784,0
CQUAD4,    3659,    3659,    3704,    3705,    3786,    3785,0
CQUAD4,    3660,    3660,    3705,    3706,    3787,    3786,0
CQUAD4,    3661,    3661,    3706,    3707,    3788,    3787,0
CQUAD4,    3662,    3662,    3707,    3708,    3789,    3788,0
CQUAD4,    3663,    3663,    3708,    3709,    3790,    3789,0
CQUAD4,    3664,    3664,    3709,    3710,    3791,    3790,0
CQUAD4,    3665,    3665,    3710,    3711,    3792,    3791,0
CQUAD4,    3666,    3666,    3711,    3712,    3793,    3792,0
CQUAD4,    3667,    3667,    3712,    3713,    3794,    3793,0
CQUAD4,    3668,    3668,    3713,    3714,    3795,    3794,0
CQUAD4,    3669,    3669,    3714,    3715,    3796,    3795,0
CQUAD4,    3670,    3670,    3715,    3716,    3797,    3796,0
CQUAD4,    3671,    3671,    3716,    3717,    3798,    3797,0
CQUAD4,    3672,    3672,    3717,    3718,    3799,    3798,0
CQUAD4,    3673,    3673,    3718,    3719,    3800,    3799,0
CQUAD4,    3674,    3674,    3719,    3720,    3801,    3800,0
CQUAD4,    3675,    3675,    3720,    3721,    3802,    3801,0
CQUAD4,    3676,    3676,    3721,    3722,    3803,    3802,0
CQUAD4,    3677,    3677,    3722,    3723,    3804,    3803,0
CQUAD4,    3678,    3678,    3723,    3724,    3805,    3804,0
CQUAD4,    3679,    3679,    3724,    3725,    3806,    3805,0
CQUAD4,    3680,    3680,    3725,    3726,    3807,    3806,0
CQUAD4,    3681,    3681,    3727,    3728,    3809,    3808,0
CQUAD4,    3682,    3682,    3728,    3729,    3810,    3809,0
CQUAD4,    3683,    3683,    3729,    3730,    3811,    3810,0
CQUAD4,    3684,    3684,    3730,    3731,    3812,    3811,0
CQUAD4,    3685,    3685,    3731,    3732,    3813,    3812,0
CQUAD4,    3686,    3686,    3732,    3733,    3814,    3813,0
CQUAD4,    3687,    3687,    3733,    3734,    3815,    3814,0
CQUAD4,    3688,    3688,    3734,    3735,    3816,    3815,0
CQUAD4,    3689,    3689,    3735,    3736,    3817,    3816,0
CQUAD4,    3690,    3690,    3736,    3737,    3818,    3817,0
CQUAD4,    3691,    3691,    3737,    3738,    3819,    3818,0
CQUAD4,    3692,    3692,    3738,    3739,    3820,    3819,0
CQUAD4,    3693,    3693,    3739,    3740,    3821,    3820,0
CQUAD4,    3694,    3694,    3740,    3741,    3822,    3821,0
CQUAD4,    3695,    3695,    3741,    3742,    3823,    3822,0
CQUAD4,    3696,    3696,    3742,    3743,    3824,    3823,0
CQUAD4,    3697,    3697,    3743,    3744,    3825,    3824,0
CQUAD4,    3698,    3698,    3744,    3745,    3826,    3825,0
CQUAD4,    3699,    3699,    3745,    3746,    3827,    3826,0
CQUAD4,    3700,    3700,    3746,    3747,    3828,    3827,0
CQUAD4,    3701,    3701,    3747,    3748,    3829,    3828,0
CQUAD4,    3702,    3702,    3748,    3749,    3830,    3829,0
CQUAD4,    3703,    3703,    3749,    3750,    3831,    3830,0
CQUAD4,    3704,    3704,    3750,    3751,    3832,    3831,0
CQUAD4,    3705,    3705,    3751,    3752,    3833,    3832,0
CQUAD4,    3706,    3706,    3752,    3753,    3834,    3833,0
CQUAD4,    3707,    3707,    3753,    3754,    3835,    3834,0
CQUAD4,    3708,    3708,    3754,    3755,    3836,    3835,0
CQUAD4,    3709,    3709,    3755,    3756,    3837,    3836,0
CQUAD4,    3710,    3710,    3756,    3757,    3838,    3837,0
CQUAD4,    3711,    3711,    3757,    3758,    3839,    3838,0
CQUAD4,    3712,    3712,    3758,    3759,    3840,    3839,0
CQUAD4,    3713,    3713,    3759,    3760,    3841,    3840,0
CQUAD4,    3714,    3714,    3760,    3761,    3842,    3841,0
CQUAD4,    3715,    3715,    3761,    3762,    3843,    3842,0
CQUAD4,    3716,    3716,    3762,    3763,    3844,    3843,0
CQUAD4,    3717,    3717,    3763,    3764,    3845,    3844,0
CQUAD4,    3718,    3718,    3764,    3765,    3846,    3845,0
CQUAD4,    3719,    3719,    3765,    3766,    3847,    3846,0
CQUAD4,    3720,    3720,    3766,    3767,    3848,    3847,0
CQUAD4,    3721,    3721,    3767,    3768,    3849,    3848,0
CQUAD4,    3722,    3722,    3768,    3769,    3850,    3849,0
CQUAD4,    3723,    3723,    3769,    3770,    3851,    3850,0
CQUAD4,    3724,    3724,    3770,    3771,    3852,    3851,0
CQUAD4,    3725,    3725,    3771,    3772,    3853,    3852,0
CQUAD4,    3726,    3726,    3772,    3773,    3854,    3853,0
CQUAD4,    3727,    3727,    3773,    3774,    3855,    3854,0
CQUAD4,    3728,    3728,    3774,    3775,    3856,    3855,0
CQUAD4,    3729,    3729,    3775,    3776,    3857,    3856,0
CQUAD4,    3730,    3730,    3776,    3777,    3858,    3857,0
CQUAD4,    3731,    3731,    3777,    3778,    3859,    3858,0
CQUAD4,    3732,    3732,    3778,    3779,    3860,    3859,0
CQUAD4,    3733,    3733,    3779,    3780,    3861,    3860,0
CQUAD4,    3734,    3734,    3780,    3781,    3862,    3861,0
CQUAD4,    3735,    3735,    3781,    3782,    3863,    3862,0
CQUAD4,    3736,    3736,    3782,    3783,    3864,    3863,0
CQUAD4,    3737,    3737,    3783,    3784,    3865,    3864,0
CQUAD4,    3738,    3738,    3784,    3785,    3866,    3865,0
CQUAD4,    3739,    3739,    3785,    3786,    3867,    3866,0
CQUAD4,    3740,    3740,    3786,    3787,    3868,    3867,0
CQUAD4,    3741,    3741,    3787,    3788,    3869,    3868,0
CQUAD4,    3742,    3742,    3788,    3789,    3870,    3869,0
CQUAD4,    3743,    3743,    3789,    3790,    3871,    3870,0
CQUAD4,    3744,    3744,    3790,    3791,    3872,    3871,0
CQUAD4,    3745,    3745,    3791,    3792,    3873,    3872,0
CQUAD4,    3746,    3746,    3792,    3793,    3874,    3873,0
CQUAD4,    3747,    3747,    3793,    3794,    3875,    3874,0
CQUAD4,    3748,    3748,    3794,    3795,    3876,    3875,0
CQUAD4,    3749,    3749,    3795,    3796,    3877,    3876,0
CQUAD4,    3750,    3750,    3796,    3797,    3878,    3877,0
CQUAD4,    3751,    3751,    3797,    3798,    3879,    3878,0
CQUAD4,    3752,    3752,    3798,    3799,    3880,    3879,0
CQUAD4,    3753,    3753,    3799,    3800,    3881,    3880,0
CQUAD4,    3754,    3754,    3800,    3801,    3882,    3881,0
CQUAD4,    3755,    3755,    3801,    3802,    3883,    3882,0
CQUAD4,    3756,    3756,    3802,    3803,    3884,    3883,0
CQUAD4,    3757,    3757,    3803,    3804,    3885,    3884,0
CQUAD4,    3758,    3758,    3804,    3805,    3886,    3885,0
CQUAD4,    3759,    3759,    3805,    3806,    3887,    3886,0
CQUAD4,    3760,    3760,    3806,    3807,    3888,    3887,0
CQUAD4,    3761,    3761,    3808,    3809,    3890,    3889,0
CQUAD4,    3762,    3762,    3809,    3810,    3891,    3890,0
CQUAD4,    3763,    3763,    3810,    3811,    3892,    3891,0
CQUAD4,    3764,    3764,    3811,    3812,    3893,    3892,0
CQUAD4,    3765,    3765,    3812,    3813,    3894,    3893,0
CQUAD4,    3766,    3766,    3813,    3814,    3895,    3894,0
CQUAD4,    3767,    3767,    3814,    3815,    3896,    3895,0
CQUAD4,    3768,    3768,    3815,    3816,    3897,    3896,0
CQUAD4,    3769,    3769,    3816,    3817,    3898,    3897,0
CQUAD4,    3770,    3770,    3817,    3818,    3899,    3898,0
CQUAD4,    3771,    3771,    3818,    3819,    3900,    3899,0
CQUAD4,    3772,    3772,    3819,    3820,    3901,    3900,0
CQUAD4,    3773,    3773,    3820,    3821,    3902,    3901,0
CQUAD4,    3774,    3774,    3821,    3822,    3903,    3902,0
CQUAD4,    3775,    3775,    3822,    3823,    3904,    3903,0
CQUAD4,    3776,    3776,    3823,    3824,    3905,    3904,0
CQUAD4,    3777,    3777,    3824,    3825,    3906,    3905,0
CQUAD4,    3778,    3778,    3825,    3826,    3907,    3906,0
CQUAD4,    3779,    3779,    3826,    3827,    3908,    3907,0
CQUAD4,    3780,    3780,    3827,    3828,    3909,    3908,0
CQUAD4,    3781,    3781,    3828,    3829,    3910,    3909,0
CQUAD4,    3782,    3782,    3829,    3830,    3911,    3910,0
CQUAD4,    3783,    3783,    3830,    3831,    3912,    3911,0
CQUAD4,    3784,    3784,    3831,    3832,    3913,    3912,0
CQUAD4,    3785,    3785,    3832,    3833,    3914,    3913,0
CQUAD4,    3786,    3786,    3833,    3834,    3915,    3914,0
CQUAD4,    3787,    3787,    3834,    3835,    3916,    3915,0
CQUAD4,    3788,    3788,    3835,    3836,    3917,    3916,0
CQUAD4,    3789,    3789,    3836,    3837,    3918,    3917,0
CQUAD4,    3790,    3790,    3837,    3838,    3919,    3918,0
CQUAD4,    3791,    3791,    3838,    3839,    3920,    3919,0
CQUAD4,    3792,    3792,    3839,    3840,    3921,    3920,0
CQUAD4,    3793,    3793,    3840,    3841,    3922,    3921,0
CQUAD4,    3794,    3794,    3841,    3842,    3923,    3922,0
CQUAD4,    3795,    3795,    3842,    3843,    3924,    3923,0
CQUAD4,    3796,    3796,    3843,    3844,    3925,    3924,0
CQUAD4,    3797,    3797,    3844,    3845,    3926,    3925,0
CQUAD4,    3798,    3798,    3845,    3846,    3927,    3926,0
CQUAD4,    3799,    3799,    3846,    3847,    3928,    3927,0
CQUAD4,    3800,    3800,    3847,    3848,    3929,    3928,0
CQUAD4,    3801,    3801,    3848,    3849,    3930,    3929,0
CQUAD4,    3802,    3802,    3849,    3850,    3931,    3930,0
CQUAD4,    3803,    3803,    3850,    3851,    3932,    3931,0
CQUAD4,    3804,    3804,    3851,    3852,    3933,    3932,0
CQUAD4,    3805,    3805,    3852,    3853,    3934,    3933,0
CQUAD4,    3806,    3806,    3853,    3854,    3935,    3934,0
CQUAD4,    3807,    3807,    3854,    3855,    3936,    3935,0
CQUAD4,    3808,    3808,    3855,    3856,    3937,    3936,0
CQUAD4,    3809,    3809,    3856,    3857,    3938,    3937,0
CQUAD4,    3810,    3810,    3857,    3858,    3939,    3938,0
CQUAD4,    3811,    3811,    3858,    3859,    3940,    3939,0
CQUAD4,    3812,    3812,    3859,    3860,    3941,    3940,0
CQUAD4,    3813,    3813,    3860,    3861,    3942,    3941,0
CQUAD4,    3814,    3814,    3861,    3862,    3943,    3942,0
CQUAD4,    3815,    3815,    3862,    3863,    3944,    3943,0
CQUAD4,    3816,    3816,    3863,    3864,    3945,    3944,0
CQUAD4,    3817,    3817,    3864,    3865,    3946,    3945,0
CQUAD4,    3818,    3818,    3865,    3866,    3947,    3946,0
CQUAD4,    3819,    3819,    3866,    3867,    3948,    3947,0
CQUAD4,    3820,    3820,    3867,    3868,    3949,    3948,0
CQUAD4,    3821,    3821,    3868,    3869,    3950,    3949,0
CQUAD4,    3822,    3822,    3869,    3870,    3951,    3950,0
CQUAD4,    3823,    3823,    3870,    3871,    3952,    3951,0
CQUAD4,    3824,    3824,    3871,    3872,    3953,    3952,0
CQUAD4,    3825,    3825,    3872,    3873,    3954,    3953,0
CQUAD4,    3826,    3826,    3873,    3874,    3955,    3954,0
CQUAD4,    3827,    3827,    3874,    3875,    3956,    3955,0
CQUAD4,    3828,    3828,    3875,    3876,    3957,    3956,0
CQUAD4,    3829,    3829,    3876,    3877,    3958,    3957,0
CQUAD4,    3830,    3830,    3877,    3878,    3959,    3958,0
CQUAD4,    3831,    3831,    3878,    3879,    3960,    3959,0
CQUAD4,    3832,    3832,    3879,    3880,    3961,    3960,0
CQUAD4,    3833,    3833,    3880,    3881,    3962,    3961,0
CQUAD4,    3834,    3834,    3881,    3882,    3963,    3962,0
CQUAD4,    3835,    3835,    3882,    3883,    3964,    3963,0
CQUAD4,    3836,    3836,    3883,    3884,    3965,    3964,0
CQUAD4,    3837,    3837,    3884,    3885,    3966,    3965,0
CQUAD4,    3838,    3838,    3885,    3886,    3967,    3966,0
CQUAD4,    3839,    3839,    3886,    3887,    3968,    3967,0
CQUAD4,    3840,    3840,    3887,    3888,    3969,    3968,0
CQUAD4,    3841,    3841,    3889,    3890,    3971,    3970,0
CQUAD4,    3842,    3842,    3890,    3891,    3972,    3971,0
CQUAD4,    3843,    3843,    3891,    3892,    3973,    3972,0
CQUAD4,    3844,    3844,    3892,    3893,    3974,    3973,0
CQUAD4,    3845,    3845,    3893,    3894,    3975,    3974,0
CQUAD4,    3846,    3846,    3894,    3895,    3976,    3975,0
CQUAD4,    3847,    3847,    3895,    3896,    3977,    3976,0
CQUAD4,    3848,    3848,    3896,    3897,    3978,    3977,0
CQUAD4,    3849,    3849,    3897,    3898,    3979,    3978,0
CQUAD4,    3850,    3850,    3898,    3899,    3980,    3979,0
CQUAD4,    3851,    3851,    3899,    3900,    3981,    3980,0
CQUAD4,    3852,    3852,    3900,    3901,    3982,    3981,0
CQUAD4,    3853,    3853,    3901,    3902,    3983,    3982,0
CQUAD4,    3854,    3854,    3902,    3903,    3984,    3983,0
CQUAD4,    3855,    3855,    3903,    3904,    3985,    3984,0
CQUAD4,    3856,    3856,    3904,    3905,    3986,    3985,0
CQUAD4,    3857,    3857,    3905,    3906,    3987,    3986,0
CQUAD4,    3858,    3858,    3906,    3907,    3988,    3987,0
CQUAD4,    3859,    3859,    3907,    3908,    3989,    3988,0
CQUAD4,    3860,    3860,    3908,    3909,    3990,    3989,0
CQUAD4,    3861,    3861,    3909,    3910,    3991,    3990,0
CQUAD4,    3862,    3862,    3910,    3911,    3992,    3991,0
CQUAD4,    3863,    3863,    3911,    3912,    3993,    3992,0
CQUAD4,    3864,    3864,    3912,    3913,    3994,    3993,0
CQUAD4,    3865,    3865,    3913,    3914,    3995,    3994,0
CQUAD4,    3866,    3866,    3914,    3915,    3996,    3995,0
CQUAD4,    3867,    3867,    3915,    3916,    3997,    3996,0
CQUAD4,    3868,    3868,    3916,    3917,    3998,    3997,0
CQUAD4,    3869,    3869,    3917,    3918,    3999,    3998,0
CQUAD4,    3870,    3870,    3918,    3919,    4000,    3999,0
CQUAD4,    3871,    3871,    3919,    3920,    4001,    4000,0
CQUAD4,    3872,    3872,    3920,    3921,    4002,    4001,0
CQUAD4,    3873,    3873,    3921,    3922,    4003,    4002,0
CQUAD4,    3874,    3874,    3922,    3923,    4004,    4003,0
CQUAD4,    3875,    3875,    3923,    3924,    4005,    4004,0
CQUAD4,    3876,    3876,    3924,    3925,    4006,    4005,0
CQUAD4,    3877,    3877,    3925,    3926,    4007,    4006,0
CQUAD4,    3878,    3878,    3926,    3927,    4008,    4007,0
CQUAD4,    3879,    3879,    3927,    3928,    4009,    4008,0
CQUAD4,    3880,    3880,    3928,    3929,    4010,    4009,0
CQUAD4,    3881,    3881,    3929,    3930,    4011,    4010,0
CQUAD4,    3882,    3882,    3930,    3931,    4012,    4011,0
CQUAD4,    3883,    3883,    3931,    3932,    4013,    4012,0
CQUAD4,    3884,    3884,    3932,    3933,    4014,    4013,0
CQUAD4,    3885,    3885,    3933,    3934,    4015,    4014,0
CQUAD4,    3886,    3886,    3934,    3935,    4016,    4015,0
CQUAD4,    3887,    3887,    3935,    3936,    4017,    4016,0
CQUAD4,    3888,    3888,    3936,    3937,    4018,    4017,0
CQUAD4,    3889,    3889,    3937,    3938,    4019,    4018,0
CQUAD4,    3890,    3890,    3938,    3939,    4020,    4019,0
CQUAD4,    3891,    3891,    3939,    3940,    4021,    4020,0
CQUAD4,    3892,    3892,    3940,    3941,    4022,    4021,0
CQUAD4,    3893,    3893,    3941,    3942,    4023,    4022,0
CQUAD4,    3894,    3894,    3942,    3943,    4024,    4023,0
CQUAD4,    3895,    3895,    3943,    3944,    4025,    4024,0
CQUAD4,    3896,    3896,    3944,    3945,    4026,    4025,0
CQUAD4,    3897,    3897,    3945,    3946,    4027,    4026,0
CQUAD4,    3898,    3898,    3946,    3947,    4028,    4027,0
CQUAD4,    3899,    3899,    3947,    3948,    4029,    4028,0
CQUAD4,    3900,    3900,    3948,    3949,    4030,    4029,0
CQUAD4,    3901,    3901,    3949,    3950,    4031,    4030,0
CQUAD4,    3902,    3902,    3950,    3951,    4032,    4031,0
CQUAD4,    3903,    3903,    3951,    3952,    4033,    4032,0
CQUAD4,    3904,    3904,    3952,    3953,    4034,    4033,0
CQUAD4,    3905,    3905,    3953,    3954,    4035,    4034,0
CQUAD4,    3906,    3906,    3954,    3955,    4036,    4035,0
CQUAD4,    3907,    3907,    3955,    3956,    4037,    4036,0
CQUAD4,    3908,    3908,    3956,    3957,    4038,    4037,0
CQUAD4,    3909,    3909,    3957,    3958,    4039,    4038,0
CQUAD4,    3910,    3910,    3958,    3959,    4040,    4039,0
CQUAD4,    3911,    3911,    3959,    3960,    4041,    4040,0
CQUAD4,    3912,    3912,    3960,    3961,    4042,    4041,0
CQUAD4,    3913,    3913,    3961,    3962,    4043,    4042,0
CQUAD4,    3914,    3914,    3962,    3963,    4044,    4043,0
CQUAD4,    3915,    3915,    3963,    3964,    4045,    4044,0
CQUAD4,    3916,    3916,    3964,    3965,    4046,    4045,0
CQUAD4,    3917,    3917,    3965,    3966,    4047,    4046,0
CQUAD4,    3918,    3918,    3966,    3967,    4048,    4047,0
CQUAD4,    3919,    3919,    3967,    3968,    4049,    4048,0
CQUAD4,    3920,    3920,    3968,    3969,    4050,    4049,0
CQUAD4,    3921,    3921,    3970,    3971,    4052,    4051,0
CQUAD4,    3922,    3922,    3971,    3972,    4053,    4052,0
CQUAD4,    3923,    3923,    3972,    3973,    4054,    4053,0
CQUAD4,    3924,    3924,    3973,    3974,    4055,    4054,0
CQUAD4,    3925,    3925,    3974,    3975,    4056,    4055,0
CQUAD4,    3926,    3926,    3975,    3976,    4057,    4056,0
CQUAD4,    3927,    3927,    3976,    3977,    4058,    4057,0
CQUAD4,    3928,    3928,    3977,    3978,    4059,    4058,0
CQUAD4,    3929,    3929,    3978,    3979,    4060,    4059,0
CQUAD4,    3930,    3930,    3979,    3980,    4061,    4060,0
CQUAD4,    3931,    3931,    3980,    3981,    4062,    4061,0
CQUAD4,    3932,    3932,    3981,    3982,    4063,    4062,0
CQUAD4,    3933,    3933,    3982,    3983,    4064,    4063,0
CQUAD4,    3934,    3934,    3983,    3984,    4065,    4064,0
CQUAD4,    3935,    3935,    3984,    3985,    4066,    4065,0
CQUAD4,    3936,    3936,    3985,    3986,    4067,    4066,0
CQUAD4,    3937,    3937,    3986,    3987,    4068,    4067,0
CQUAD4,    3938,    3938,    3987,    3988,    4069,    4068,0
CQUAD4,    3939,    3939,    3988,    3989,    4070,    4069,0
CQUAD4,    3940,    3940,    3989,    3990,    4071,    4070,0
CQUAD4,    3941,    3941,    3990,    3991,    4072,    4071,0
CQUAD4,    3942,    3942,    3991,    3992,    4073,    4072,0
CQUAD4,    3943,    3943,    3992,    3993,    4074,    4073,0
CQUAD4,    3944,    3944,    3993,    3994,    4075,    4074,0
CQUAD4,    3945,    3945,    3994,    3995,    4076,    4075,0
CQUAD4,    3946,    3946,    3995,    3996,    4077,    4076,0
CQUAD4,    3947,    3947,    3996,    3997,    4078,    4077,0
CQUAD4,    3948,    3948,    3997,    3998,    4079,    4078,0
CQUAD4,    3949,    3949,    3998,    3999,    4080,    4079,0
CQUAD4,    3950,    3950,    3999,    4000,    4081,    4080,0
CQUAD4,    3951,    3951,    4000,    4001,    4082,    4081,0
CQUAD4,    3952,    3952,    4001,    4002,    4083,    4082,0
CQUAD4,    3953,    3953,    4002,    4003,    4084,    4083,0
CQUAD4,    3954,    3954,    4003,    4004,    4085,    4084,0
CQUAD4,    3955,    3955,    4004,    4005,    4086,    4085,0
CQUAD4,    3956,    3956,    4005,    4006,    4087,    4086,0
CQUAD4,    3957,    3957,    4006,    4007,    4088,    4087,0
CQUAD4,    3958,    3958,    4007,    4008,    4089,    4088,0
CQUAD4,    3959,    3959,    4008,    4009,    4090,    4089,0
CQUAD4,    3960,    3960,    4009,    4010,    4091,    4090,0
CQUAD4,    3961,    3961,    4010,    4011,    4092,    4091,0
CQUAD4,    3962,    3962,    4011,    4012,    4093,    4092,0
CQUAD4,    3963,    3963,    4012,    4013,    4094,    4093,0
CQUAD4,    3964,    3964,    4013,    4014,    4095,    4094,0
CQUAD4,    3965,    3965,    4014,    4015,    4096,    4095,0
CQUAD4,    3966,    3966,    4015,    4016,    4097,    4096,0
CQUAD4,    3967,    3967,    4016,    4017,    4098,    4097,0
CQUAD4,    3968,    3968,    4017,    4018,    4099,    4098,0
CQUAD4,    3969,    3969,    4018,    4019,    4100,    4099,0
CQUAD4,    3970,    3970,    4019,    4020,    4101,    4100,0
CQUAD4,    3971,    3971,    4020,    4021,    4102,    4101,0
CQUAD4,    3972,    3972,    4021,    4022,    4103,    4102,0
CQUAD4,    3973,    3973,    4022,    4023,    4104,    4103,0
CQUAD4,    3974,    3974,    4023,    4024,    4105,    4104,0
CQUAD4,    3975,    3975,    4024,    4025,    4106,    4105,0
CQUAD4,    3976,    3976,    4025,    4026,    4107,    4106,0
CQUAD4,    3977,    3977,    4026,    4027,    4108,    4107,0
CQUAD4,    3978,    3978,    4027,    4028,    4109,    4108,0
CQUAD4,    3979,    3979,    4028,    4029,    4110,    4109,0
CQUAD4,    3980,    3980,    4029,    4030,    4111,    4110,0
CQUAD4,    3981,    3981,    4030,    4031,    4112,    4111,0
CQUAD4,    3982,    3982,    4031,    4032,    4113,    4112,0
CQUAD4,    3983,    3983,    4032,    4033,    4114,    4113,0
CQUAD4,    3984,    3984,    4033,    4034,    4115,    4114,0
CQUAD4,    3985,    3985,    4034,    4035,    4116,    4115,0
CQUAD4,    3986,    3986,    4035,    4036,    4117,    4116,0
CQUAD4,    3987,    3987,    4036,    4037,    4118,    4117,0
CQUAD4,    3988,    3988,    4037,    4038,    4119,    4118,0
CQUAD4,    3989,    3989,    4038,    4039,    4120,    4119,0
CQUAD4,    3990,    3990,    4039,    4040,    4121,    4120,0
CQUAD4,    3991,    3991,    4040,    4041,    4122,    4121,0
CQUAD4,    3992,    3992,    4041,    4042,    4123,    4122,0
CQUAD4,    3993,    3993,    4042,    4043,    4124,    4123,0
CQUAD4,    3994,    3994,    4043,    4044,    4125,    4124,0
CQUAD4,    3995,    3995,    4044,    4045,    4126,    4125,0
CQUAD4,    3996,    3996,    4045,    4046,    4127,    4126,0
CQUAD4,    3997,    3997,    4046,    4047,    4128,    4127,0
CQUAD4,    3998,    3998,    4047,    4048,    4129,    4128,0
CQUAD4,    3999,    3999,    4048,    4049,    4130,    4129,0
CQUAD4,    4000,    4000,    4049,    4050,    4131,    4130,0
CQUAD4,    4001,    4001,    4051,    4052,    4133,    4132,0
CQUAD4,    4002,    4002,    4052,    4053,    4134,    4133,0
CQUAD4,    4003,    4003,    4053,    4054,    4135,    4134,0
CQUAD4,    4004,    4004,    4054,    4055,    4136,    4135,0
CQUAD4,    4005,    4005,    4055,    4056,    4137,    4136,0
CQUAD4,    4006,    4006,    4056,    4057,    4138,    4137,0
CQUAD4,    4007,    4007,    4057,    4058,    4139,    4138,0
CQUAD4,    4008,    4008,    4058,    4059,    4140,    4139,0
CQUAD4,    4009,    4009,    4059,    4060,    4141,    4140,0
CQUAD4,    4010,    4010,    4060,    4061,    4142,    4141,0
CQUAD4,    4011,    4011,    4061,    4062,    4143,    4142,0
CQUAD4,    4012,    4012,    4062,    4063,    4144,    4143,0
CQUAD4,    4013,    4013,    4063,    4064,    4145,    4144,0
CQUAD4,    4014,    4014,    4064,    4065,    4146,    4145,0
CQUAD4,    4015,    4015,    4065,    4066,    4147,    4146,0
CQUAD4,    4016,    4016,    4066,    4067,    4148,    4147,0
CQUAD4,    4017,    4017,    4067,    4068,    4149,    4148,0
CQUAD4,    4018,    4018,    4068,    4069,    4150,    4149,0
CQUAD4,    4019,    4019,    4069,    4070,    4151,    4150,0
CQUAD4,    4020,    4020,    4070,    4071,    4152,    4151,0
CQUAD4,    4021,    4021,    4071,    4072,    4153,    4152,0
CQUAD4,    4022,    4022,    4072,    4073,    4154,    4153,0
CQUAD4,    4023,    4023,    4073,    4074,    4155,    4154,0
CQUAD4,    4024,    4024,    4074,    4075,    4156,    4155,0
CQUAD4,    4025,    4025,    4075,    4076,    4157,    4156,0
CQUAD4,    4026,    4026,    4076,    4077,    4158,    4157,0
CQUAD4,    4027,    4027,    4077,    4078,    4159,    4158,0
CQUAD4,    4028,    4028,    4078,    4079,    4160,    4159,0
CQUAD4,    4029,    4029,    4079,    4080,    4161,    4160,0
CQUAD4,    4030,    4030,    4080,    4081,    4162,    4161,0
CQUAD4,    4031,    4031,    4081,    4082,    4163,    4162,0
CQUAD4,    4032,    4032,    4082,    4083,    4164,    4163,0
CQUAD4,    4033,    4033,    4083,    4084,    4165,    4164,0
CQUAD4,    4034,    4034,    4084,    4085,    4166,    4165,0
CQUAD4,    4035,    4035,    4085,    4086,    4167,    4166,0
CQUAD4,    4036,    4036,    4086,    4087,    4168,    4167,0
CQUAD4,    4037,    4037,    4087,    4088,    4169,    4168,0
CQUAD4,    4038,    4038,    4088,    4089,    4170,    4169,0
CQUAD4,    4039,    4039,    4089,    4090,    4171,    4170,0
CQUAD4,    4040,    4040,    4090,    4091,    4172,    4171,0
CQUAD4,    4041,    4041,    4091,    4092,    4173,    4172,0
CQUAD4,    4042,    4042,    4092,    4093,    4174,    4173,0
CQUAD4,    4043,    4043,    4093,    4094,    4175,    4174,0
CQUAD4,    4044,    4044,    4094,    4095,    4176,    4175,0
CQUAD4,    4045,    4045,    4095,    4096,    4177,    4176,0
CQUAD4,    4046,    4046,    4096,    4097,    4178,    4177,0
CQUAD4,    4047,    4047,    4097,    4098,    4179,    4178,0
CQUAD4,    4048,    4048,    4098,    4099,    4180,    4179,0
CQUAD4,    4049,    4049,    4099,    4100,    4181,    4180,0
CQUAD4,    4050,    4050,    4100,    4101,    4182,    4181,0
CQUAD4,    4051,    4051,    4101,    4102,    4183,    4182,0
CQUAD4,    4052,    4052,    4102,    4103,    4184,    4183,0
CQUAD4,    4053,    4053,    4103,    4104,    4185,    4184,0
CQUAD4,    4054,    4054,    4104,    4105,    4186,    4185,0
CQUAD4,    4055,    4055,    4105,    4106,    4187,    4186,0
CQUAD4,    4056,    4056,    4106,    4107,    4188,    4187,0
CQUAD4,    4057,    4057,    4107,    4108,    4189,    4188,0
CQUAD4,    4058,    4058,    4108,    4109,    4190,    4189,0
CQUAD4,    4059,    4059,    4109,    4110,    4191,    4190,0
CQUAD4,    4060,    4060,    4110,    4111,    4192,    4191,0
CQUAD4,    4061,    4061,    4111,    4112,    4193,    4192,0
CQUAD4,    4062,    4062,    4112,    4113,    4194,    4193,0
CQUAD4,    4063,    4063,    4113,    4114,    4195,    4194,0
CQUAD4,    4064,    4064,    4114,    4115,    4196,    4195,0
CQUAD4,    4065,    4065,    4115,    4116,    4197,    4196,0
CQUAD4,    4066,    4066,    4116,    4117,    4198,    4197,0
CQUAD4,    4067,    4067,    4117,    4118,    4199,    4198,0
CQUAD4,    4068,    4068,    4118,    4119,    4200,    4199,0
CQUAD4,    4069,    4069,    4119,    4120,    4201,    4200,0
CQUAD4,    4070,    4070,    4120,    4121,    4202,    4201,0
CQUAD4,    4071,    4071,    4121,    4122,    4203,    4202,0
CQUAD4,    4072,    4072,    4122,    4123,    4204,    4203,0
CQUAD4,    4073,    4073,    4123,    4124,    4205,    4204,0
CQUAD4,    4074,    4074,    4124,    4125,    4206,    4205,0
CQUAD4,    4075,    4075,    4125,    4126,    4207,    4206,0
CQUAD4,    4076,    4076,    4126,    4127,    4208,    4207,0
CQUAD4,    4077,    4077,    4127,    4128,    4209,    4208,0
CQUAD4,    4078,    4078,    4128,    4129,    4210,    4209,0
CQUAD4,    4079,    4079,    4129,    4130,    4211,    4210,0
CQUAD4,    4080,    4080,    4130,    4131,    4212,    4211,0
CQUAD4,    4081,    4081,    4132,    4133,    4214,    4213,0
CQUAD4,    4082,    4082,    4133,    4134,    4215,    4214,0
CQUAD4,    4083,    4083,    4134,    4135,    4216,    4215,0
CQUAD4,    4084,    4084,    4135,    4136,    4217,    4216,0
CQUAD4,    4085,    4085,    4136,    4137,    4218,    4217,0
CQUAD4,    4086,    4086,    4137,    4138,    4219,    4218,0
CQUAD4,    4087,    4087,    4138,    4139,    4220,    4219,0
CQUAD4,    4088,    4088,    4139,    4140,    4221,    4220,0
CQUAD4,    4089,    4089,    4140,    4141,    4222,    4221,0
CQUAD4,    4090,    4090,    4141,    4142,    4223,    4222,0
CQUAD4,    4091,    4091,    4142,    4143,    4224,    4223,0
CQUAD4,    4092,    4092,    4143,    4144,    4225,    4224,0
CQUAD4,    4093,    4093,    4144,    4145,    4226,    4225,0
CQUAD4,    4094,    4094,    4145,    4146,    4227,    4226,0
CQUAD4,    4095,    4095,    4146,    4147,    4228,    4227,0
CQUAD4,    4096,    4096,    4147,    4148,    4229,    4228,0
CQUAD4,    4097,    4097,    4148,    4149,    4230,    4229,0
CQUAD4,    4098,    4098,    4149,    4150,    4231,    4230,0
CQUAD4,    4099,    4099,    4150,    4151,    4232,    4231,0
CQUAD4,    4100,    4100,    4151,    4152,    4233,    4232,0
CQUAD4,    4101,    4101,    4152,    4153,    4234,    4233,0
CQUAD4,    4102,    4102,    4153,    4154,    4235,    4234,0
CQUAD4,    4103,    4103,    4154,    4155,    4236,    4235,0
CQUAD4,    4104,    4104,    4155,    4156,    4237,    4236,0
CQUAD4,    4105,    4105,    4156,    4157,    4238,    4237,0
CQUAD4,    4106,    4106,    4157,    4158,    4239,    4238,0
CQUAD4,    4107,    4107,    4158,    4159,    4240,    4239,0
CQUAD4,    4108,    4108,    4159,    4160,    4241,    4240,0
CQUAD4,    4109,    4109,    4160,    4161,    4242,    4241,0
CQUAD4,    4110,    4110,    4161,    4162,    4243,    4242,0
CQUAD4,    4111,    4111,    4162,    4163,    4244,    4243,0
CQUAD4,    4112,    4112,    4163,    4164,    4245,    4244,0
CQUAD4,    4113,    4113,    4164,    4165,    4246,    4245,0
CQUAD4,    4114,    4114,    4165,    4166,    4247,    4246,0
CQUAD4,    4115,    4115,    4166,    4167,    4248,    4247,0
CQUAD4,    4116,    4116,    4167,    4168,    4249,    4248,0
CQUAD4,    4117,    4117,    4168,    4169,    4250,    4249,0
CQUAD4,    4118,    4118,    4169,    4170,    4251,    4250,0
CQUAD4,    4119,    4119,    4170,    4171,    4252,    4251,0
CQUAD4,    4120,    4120,    4171,    4172,    4253,    4252,0
CQUAD4,    4121,    4121,    4172,    4173,    4254,    4253,0
CQUAD4,    4122,    4122,    4173,    4174,    4255,    4254,0
CQUAD4,    4123,    4123,    4174,    4175,    4256,    4255,0
CQUAD4,    4124,    4124,    4175,    4176,    4257,    4256,0
CQUAD4,    4125,    4125,    4176,    4177,    4258,    4257,0
CQUAD4,    4126,    4126,    4177,    4178,    4259,    4258,0
CQUAD4,    4127,    4127,    4178,    4179,    4260,    4259,0
CQUAD4,    4128,    4128,    4179,    4180,    4261,    4260,0
CQUAD4,    4129,    4129,    4180,    4181,    4262,    4261,0
CQUAD4,    4130,    4130,    4181,    4182,    4263,    4262,0
CQUAD4,    4131,    4131,    4182,    4183,    4264,    4263,0
CQUAD4,    4132,    4132,    4183,    4184,    4265,    4264,0
CQUAD4,    4133,    4133,    4184,    4185,    4266,    4265,0
CQUAD4,    4134,    4134,    4185,    4186,    4267,    4266,0
CQUAD4,    4135,    4135,    4186,    4187,    4268,    4267,0
CQUAD4,    4136,    4136,    4187,    4188,    4269,    4268,0
CQUAD4,    4137,    4137,    4188,    4189,    4270,    4269,0
CQUAD4,    4138,    4138,    4189,    4190,    4271,    4270,0
CQUAD4,    4139,    4139,    4190,    4191,    4272,    4271,0
CQUAD4,    4140,    4140,    4191,    4192,    4273,    4272,0
CQUAD4,    4141,    4141,    4192,    4193,    4274,    4273,0
CQUAD4,    4142,    4142,    4193,    4194,    4275,    4274,0
CQUAD4,    4143,    4143,    4194,    4195,    4276,    4275,0
CQUAD4,    4144,    4144,    4195,    4196,    4277,    4276,0
CQUAD4,    4145,    4145,    4196,    4197,    4278,    4277,0
CQUAD4,    4146,    4146,    4197,    4198,    4279,    4278,0
CQUAD4,    4147,    4147,    4198,    4199,    4280,    4279,0
CQUAD4,    4148,    4148,    4199,    4200,    4281,    4280,0
CQUAD4,    4149,    4149,    4200,    4201,    4282,    4281,0
CQUAD4,    4150,    4150,    4201,    4202,    4283,    4282,0
CQUAD4,    4151,    4151,    4202,    4203,    4284,    4283,0
CQUAD4,    4152,    4152,    4203,    4204,    4285,    4284,0
CQUAD4,    4153,    4153,    4204,    4205,    4286,    4285,0
CQUAD4,    4154,    4154,    4205,    4206,    4287,    4286,0
CQUAD4,    4155,    4155,    4206,    4207,    4288,    4287,0
CQUAD4,    4156,    4156,    4207,    4208,    4289,    4288,0
CQUAD4,    4157,    4157,    4208,    4209,    4290,    4289,0
CQUAD4,    4158,    4158,    4209,    4210,    4291,    4290,0
CQUAD4,    4159,    4159,    4210,    4211,    4292,    4291,0
CQUAD4,    4160,    4160,    4211,    4212,    4293,    4292,0
CQUAD4,    4161,    4161,    4213,    4214,    4295,    4294,0
CQUAD4,    4162,    4162,    4214,    4215,    4296,    4295,0
CQUAD4,    4163,    4163,    4215,    4216,    4297,    4296,0
CQUAD4,    4164,    4164,    4216,    4217,    4298,    4297,0
CQUAD4,    4165,    4165,    4217,    4218,    4299,    4298,0
CQUAD4,    4166,    4166,    4218,    4219,    4300,    4299,0
CQUAD4,    4167,    4167,    4219,    4220,    4301,    4300,0
CQUAD4,    4168,    4168,    4220,    4221,    4302,    4301,0
CQUAD4,    4169,    4169,    4221,    4222,    4303,    4302,0
CQUAD4,    4170,    4170,    4222,    4223,    4304,    4303,0
CQUAD4,    4171,    4171,    4223,    4224,    4305,    4304,0
CQUAD4,    4172,    4172,    4224,    4225,    4306,    4305,0
CQUAD4,    4173,    4173,    4225,    4226,    4307,    4306,0
CQUAD4,    4174,    4174,    4226,    4227,    4308,    4307,0
CQUAD4,    4175,    4175,    4227,    4228,    4309,    4308,0
CQUAD4,    4176,    4176,    4228,    4229,    4310,    4309,0
CQUAD4,    4177,    4177,    4229,    4230,    4311,    4310,0
CQUAD4,    4178,    4178,    4230,    4231,    4312,    4311,0
CQUAD4,    4179,    4179,    4231,    4232,    4313,    4312,0
CQUAD4,    4180,    4180,    4232,    4233,    4314,    4313,0
CQUAD4,    4181,    4181,    4233,    4234,    4315,    4314,0
CQUAD4,    4182,    4182,    4234,    4235,    4316,    4315,0
CQUAD4,    4183,    4183,    4235,    4236,    4317,    4316,0
CQUAD4,    4184,    4184,    4236,    4237,    4318,    4317,0
CQUAD4,    4185,    4185,    4237,    4238,    4319,    4318,0
CQUAD4,    4186,    4186,    4238,    4239,    4320,    4319,0
CQUAD4,    4187,    4187,    4239,    4240,    4321,    4320,0
CQUAD4,    4188,    4188,    4240,    4241,    4322,    4321,0
CQUAD4,    4189,    4189,    4241,    4242,    4323,    4322,0
CQUAD4,    4190,    4190,    4242,    4243,    4324,    4323,0
CQUAD4,    4191,    4191,    4243,    4244,    4325,    4324,0
CQUAD4,    4192,    4192,    4244,    4245,    4326,    4325,0
CQUAD4,    4193,    4193,    4245,    4246,    4327,    4326,0
CQUAD4,    4194,    4194,    4246,    4247,    4328,    4327,0
CQUAD4,    4195,    4195,    4247,    4248,    4329,    4328,0
CQUAD4,    4196,    4196,    4248,    4249,    4330,    4329,0
CQUAD4,    4197,    4197,    4249,    4250,    4331,    4330,0
CQUAD4,    4198,    4198,    4250,    4251,    4332,    4331,0
CQUAD4,    4199,    4199,    4251,    4252,    4333,    4332,0
CQUAD4,    4200,    4200,    4252,    4253,    4334,    4333,0
CQUAD4,    4201,    4201,    4253,    4254,    4335,    4334,0
CQUAD4,    4202,    4202,    4254,    4255,    4336,    4335,0
CQUAD4,    4203,    4203,    4255,    4256,    4337,    4336,0
CQUAD4,    4204,    4204,    4256,    4257,    4338,    4337,0
CQUAD4,    4205,    4205,    4257,    4258,    4339,    4338,0
CQUAD4,    4206,    4206,    4258,    4259,    4340,    4339,0
CQUAD4,    4207,    4207,    4259,    4260,    4341,    4340,0
CQUAD4,    4208,    4208,    4260,    4261,    4342,    4341,0
CQUAD4,    4209,    4209,    4261,    4262,    4343,    4342,0
CQUAD4,    4210,    4210,    4262,    4263,    4344,    4343,0
CQUAD4,    4211,    4211,    4263,    4264,    4345,    4344,0
CQUAD4,    4212,    4212,    4264,    4265,    4346,    4345,0
CQUAD4,    4213,    4213,    4265,    4266,    4347,    4346,0
CQUAD4,    4214,    4214,    4266,    4267,    4348,    4347,0
CQUAD4,    4215,    4215,    4267,    4268,    4349,    4348,0
CQUAD4,    4216,    4216,    4268,    4269,    4350,    4349,0
CQUAD4,    4217,    4217,    4269,    4270,    4351,    4350,0
CQUAD4,    4218,    4218,    4270,    4271,    4352,    4351,0
CQUAD4,    4219,    4219,    4271,    4272,    4353,    4352,0
CQUAD4,    4220,    4220,    4272,    4273,    4354,    4353,0
CQUAD4,    4221,    4221,    4273,    4274,    4355,    4354,0
CQUAD4,    4222,    4222,    4274,    4275,    4356,    4355,0
CQUAD4,    4223,    4223,    4275,    4276,    4357,    4356,0
CQUAD4,    4224,    4224,    4276,    4277,    4358,    4357,0
CQUAD4,    4225,    4225,    4277,    4278,    4359,    4358,0
CQUAD4,    4226,    4226,    4278,    4279,    4360,    4359,0
CQUAD4,    4227,    4227,    4279,    4280,    4361,    4360,0
CQUAD4,    4228,    4228,    4280,    4281,    4362,    4361,0
CQUAD4,    4229,    4229,    4281,    4282,    4363,    4362,0
CQUAD4,    4230,    4230,    4282,    4283,    4364,    4363,0
CQUAD4,    4231,    4231,    4283,    4284,    4365,    4364,0
CQUAD4,    4232,    4232,    4284,    4285,    4366,    4365,0
CQUAD4,    4233,    4233,    4285,    4286,    4367,    4366,0
CQUAD4,    4234,    4234,    4286,    4287,    4368,    4367,0
CQUAD4,    4235,    4235,    4287,    4288,    4369,    4368,0
CQUAD4,    4236,    4236,    4288,    4289,    4370,    4369,0
CQUAD4,    4237,    4237,    4289,    4290,    4371,    4370,0
CQUAD4,    4238,    4238,    4290,    4291,    4372,    4371,0
CQUAD4,    4239,    4239,    4291,    4292,    4373,    4372,0
CQUAD4,    4240,    4240,    4292,    4293,    4374,    4373,0
CQUAD4,    4241,    4241,    4294,    4295,    4376,    4375,0
CQUAD4,    4242,    4242,    4295,    4296,    4377,    4376,0
CQUAD4,    4243,    4243,    4296,    4297,    4378,    4377,0
CQUAD4,    4244,    4244,    4297,    4298,    4379,    4378,0
CQUAD4,    4245,    4245,    4298,    4299,    4380,    4379,0
CQUAD4,    4246,    4246,    4299,    4300,    4381,    4380,0
CQUAD4,    4247,    4247,    4300,    4301,    4382,    4381,0
CQUAD4,    4248,    4248,    4301,    4302,    4383,    4382,0
CQUAD4,    4249,    4249,    4302,    4303,    4384,    4383,0
CQUAD4,    4250,    4250,    4303,    4304,    4385,    4384,0
CQUAD4,    4251,    4251,    4304,    4305,    4386,    4385,0
CQUAD4,    4252,    4252,    4305,    4306,    4387,    4386,0
CQUAD4,    4253,    4253,    4306,    4307,    4388,    4387,0
CQUAD4,    4254,    4254,    4307,    4308,    4389,    4388,0
CQUAD4,    4255,    4255,    4308,    4309,    4390,    4389,0
CQUAD4,    4256,    4256,    4309,    4310,    4391,    4390,0
CQUAD4,    4257,    4257,    4310,    4311,    4392,    4391,0
CQUAD4,    4258,    4258,    4311,    4312,    4393,    4392,0
CQUAD4,    4259,    4259,    4312,    4313,    4394,    4393,0
CQUAD4,    4260,    4260,    4313,    4314,    4395,    4394,0
CQUAD4,    4261,    4261,    4314,    4315,    4396,    4395,0
CQUAD4,    4262,    4262,    4315,    4316,    4397,    4396,0
CQUAD4,    4263,    4263,    4316,    4317,    4398,    4397,0
CQUAD4,    4264,    4264,    4317,    4318,    4399,    4398,0
CQUAD4,    4265,    4265,    4318,    4319,    4400,    4399,0
CQUAD4,    4266,    4266,    4319,    4320,    4401,    4400,0
CQUAD4,    4267,    4267,    4320,    4321,    4402,    4401,0
CQUAD4,    4268,    4268,    4321,    4322,    4403,    4402,0
CQUAD4,    4269,    4269,    4322,    4323,    4404,    4403,0
CQUAD4,    4270,    4270,    4323,    4324,    4405,    4404,0
CQUAD4,    4271,    4271,    4324,    4325,    4406,    4405,0
CQUAD4,    4272,    4272,    4325,    4326,    4407,    4406,0
CQUAD4,    4273,    4273,    4326,    4327,    4408,    4407,0
CQUAD4,    4274,    4274,    4327,    4328,    4409,    4408,0
CQUAD4,    4275,    4275,    4328,    4329,    4410,    4409,0
CQUAD4,    4276,    4276,    4329,    4330,    4411,    4410,0
CQUAD4,    4277,    4277,    4330,    4331,    4412,    4411,0
CQUAD4,    4278,    4278,    4331,    4332,    4413,    4412,0
CQUAD4,    4279,    4279,    4332,    4333,    4414,    4413,0
CQUAD4,    4280,    4280,    4333,    4334,    4415,    4414,0
CQUAD4,    4281,    4281,    4334,    4335,    4416,    4415,0
CQUAD4,    4282,    4282,    4335,    4336,    4417,    4416,0
CQUAD4,    4283,    4283,    4336,    4337,    4418,    4417,0
CQUAD4,    4284,    4284,    4337,    4338,    4419,    4418,0
CQUAD4,    4285,    4285,    4338,    4339,    4420,    4419,0
CQUAD4,    4286,    4286,    4339,    4340,    4421,    4420,0
CQUAD4,    4287,    4287,    4340,    4341,    4422,    4421,0
CQUAD4,    4288,    4288,    4341,    4342,    4423,    4422,0
CQUAD4,    4289,    4289,    4342,    4343,    4424,    4423,0
CQUAD4,    4290,    4290,    4343,    4344,    4425,    4424,0
CQUAD4,    4291,    4291,    4344,    4345,    4426,    4425,0
CQUAD4,    4292,    4292,    4345,    4346,    4427,    4426,0
CQUAD4,    4293,    4293,    4346,    4347,    4428,    4427,0
CQUAD4,    4294,    4294,    4347,    4348,    4429,    4428,0
CQUAD4,    4295,    4295,    4348,    4349,    4430,    4429,0
CQUAD4,    4296,    4296,    4349,    4350,    4431,    4430,0
CQUAD4,    4297,    4297,    4350,    4351,    4432,    4431,0
CQUAD4,    4298,    4298,    4351,    4352,    4433,    4432,0
CQUAD4,    4299,    4299,    4352,    4353,    4434,    4433,0
CQUAD4,    4300,    4300,    4353,    4354,    4435,    4434,0
CQUAD4,    4301,    4301,    4354,    4355,    4436,    4435,0
CQUAD4,    4302,    4302,    4355,    4356,    4437,    4436,0
CQUAD4,    4303,    4303,    4356,    4357,    4438,    4437,0
CQUAD4,    4304,    4304,    4357,    4358,    4439,    4438,0
CQUAD4,    4305,    4305,    4358,    4359,    4440,    4439,0
CQUAD4,    4306,    4306,    4359,    4360,    4441,    4440,0
CQUAD4,    4307,    4307,    4360,    4361,    4442,    4441,0
CQUAD4,    4308,    4308,    4361,    4362,    4443,    4442,0
CQUAD4,    4309,    4309,    4362,    4363,    4444,    4443,0
CQUAD4,    4310,    4310,    4363,    4364,    4445,    4444,0
CQUAD4,    4311,    4311,    4364,    4365,    4446,    4445,0
CQUAD4,    4312,    4312,    4365,    4366,    4447,    4446,0
CQUAD4,    4313,    4313,    4366,    4367,    4448,    4447,0
CQUAD4,    4314,    4314,    4367,    4368,    4449,    4448,0
CQUAD4,    4315,    4315,    4368,    4369,    4450,    4449,0
CQUAD4,    4316,    4316,    4369,    4370,    4451,    4450,0
CQUAD4,    4317,    4317,    4370,    4371,    4452,    4451,0
CQUAD4,    4318,    4318,    4371,    4372,    4453,    4452,0
CQUAD4,    4319,    4319,    4372,    4373,    4454,    4453,0
CQUAD4,    4320,    4320,    4373,    4374,    4455,    4454,0
CQUAD4,    4321,    4321,    4375,    4376,    4457,    4456,0
CQUAD4,    4322,    4322,    4376,    4377,    4458,    4457,0
CQUAD4,    4323,    4323,    4377,    4378,    4459,    4458,0
CQUAD4,    4324,    4324,    4378,    4379,    4460,    4459,0
CQUAD4,    4325,    4325,    4379,    4380,    4461,    4460,0
CQUAD4,    4326,    4326,    4380,    4381,    4462,    4461,0
CQUAD4,    4327,    4327,    4381,    4382,    4463,    4462,0
CQUAD4,    4328,    4328,    4382,    4383,    4464,    4463,0
CQUAD4,    4329,    4329,    4383,    4384,    4465,    4464,0
CQUAD4,    4330,    4330,    4384,    4385,    4466,    4465,0
CQUAD4,    4331,    4331,    4385,    4386,    4467,    4466,0
CQUAD4,    4332,    4332,    4386,    4387,    4468,    4467,0
CQUAD4,    4333,    4333,    4387,    4388,    4469,    4468,0
CQUAD4,    4334,    4334,    4388,    4389,    4470,    4469,0
CQUAD4,    4335,    4335,    4389,    4390,    4471,    4470,0
CQUAD4,    4336,    4336,    4390,    4391,    4472,    4471,0
CQUAD4,    4337,    4337,    4391,    4392,    4473,    4472,0
CQUAD4,    4338,    4338,    4392,    4393,    4474,    4473,0
CQUAD4,    4339,    4339,    4393,    4394,    4475,    4474,0
CQUAD4,    4340,    4340,    4394,    4395,    4476,    4475,0
CQUAD4,    4341,    4341,    4395,    4396,    4477,    4476,0
CQUAD4,    4342,    4342,    4396,    4397,    4478,    4477,0
CQUAD4,    4343,    4343,    4397,    4398,    4479,    4478,0
CQUAD4,    4344,    4344,    4398,    4399,    4480,    4479,0
CQUAD4,    4345,    4345,    4399,    4400,    4481,    4480,0
CQUAD4,    4346,    4346,    4400,    4401,    4482,    4481,0
CQUAD4,    4347,    4347,    4401,    4402,    4483,    4482,0
CQUAD4,    4348,    4348,    4402,    4403,    4484,    4483,0
CQUAD4,    4349,    4349,    4403,    4404,    4485,    4484,0
CQUAD4,    4350,    4350,    4404,    4405,    4486,    4485,0
CQUAD4,    4351,    4351,    4405,    4406,    4487,    4486,0
CQUAD4,    4352,    4352,    4406,    4407,    4488,    4487,0
CQUAD4,    4353,    4353,    4407,    4408,    4489,    4488,0
CQUAD4,    4354,    4354,    4408,    4409,    4490,    4489,0
CQUAD4,    4355,    4355,    4409,    4410,    4491,    4490,0
CQUAD4,    4356,    4356,    4410,    4411,    4492,    4491,0
CQUAD4,    4357,    4357,    4411,    4412,    4493,    4492,0
CQUAD4,    4358,    4358,    4412,    4413,    4494,    4493,0
CQUAD4,    4359,    4359,    4413,    4414,    4495,    4494,0
CQUAD4,    4360,    4360,    4414,    4415,    4496,    4495,0
CQUAD4,    4361,    4361,    4415,    4416,    4497,    4496,0
CQUAD4,    4362,    4362,    4416,    4417,    4498,    4497,0
CQUAD4,    4363,    4363,    4417,    4418,    4499,    4498,0
CQUAD4,    4364,    4364,    4418,    4419,    4500,    4499,0
CQUAD4,    4365,    4365,    4419,    4420,    4501,    4500,0
CQUAD4,    4366,    4366,    4420,    4421,    4502,    4501,0
CQUAD4,    4367,    4367,    4421,    4422,    4503,    4502,0
CQUAD4,    4368,    4368,    4422,    4423,    4504,    4503,0
CQUAD4,    4369,    4369,    4423,    4424,    4505,    4504,0
CQUAD4,    4370,    4370,    4424,    4425,    4506,    4505,0
CQUAD4,    4371,    4371,    4425,    4426,    4507,    4506,0
CQUAD4,    4372,    4372,    4426,    4427,    4508,    4507,0
CQUAD4,    4373,    4373,    4427,    4428,    4509,    4508,0
CQUAD4,    4374,    4374,    4428,    4429,    4510,    4509,0
CQUAD4,    4375,    4375,    4429,    4430,    4511,    4510,0
CQUAD4,    4376,    4376,    4430,    4431,    4512,    4511,0
CQUAD4,    4377,    4377,    4431,    4432,    4513,    4512,0
CQUAD4,    4378,    4378,    4432,    4433,    4514,    4513,0
CQUAD4,    4379,    4379,    4433,    4434,    4515,    4514,0
CQUAD4,    4380,    4380,    4434,    4435,    4516,    4515,0
CQUAD4,    4381,    4381,    4435,    4436,    4517,    4516,0
CQUAD4,    4382,    4382,    4436,    4437,    4518,    4517,0
CQUAD4,    4383,    4383,    4437,    4438,    4519,    4518,0
CQUAD4,    4384,    4384,    4438,    4439,    4520,    4519,0
CQUAD4,    4385,    4385,    4439,    4440,    4521,    4520,0
CQUAD4,    4386,    4386,    4440,    4441,    4522,    4521,0
CQUAD4,    4387,    4387,    4441,    4442,    4523,    4522,0
CQUAD4,    4388,    4388,    4442,    4443,    4524,    4523,0
CQUAD4,    4389,    4389,    4443,    4444,    4525,    4524,0
CQUAD4,    4390,    4390,    4444,    4445,    4526,    4525,0
CQUAD4,    4391,    4391,    4445,    4446,    4527,    4526,0
CQUAD4,    4392,    4392,    4446,    4447,    4528,    4527,0
CQUAD4,    4393,    4393,    4447,    4448,    4529,    4528,0
CQUAD4,    4394,    4394,    4448,    4449,    4530,    4529,0
CQUAD4,    4395,    4395,    4449,    4450,    4531,    4530,0
CQUAD4,    4396,    4396,    4450,    4451,    4532,    4531,0
CQUAD4,    4397,    4397,    4451,    4452,    4533,    4532,0
CQUAD4,    4398,    4398,    4452,    4453,    4534,    4533,0
CQUAD4,    4399,    4399,    4453,    4454,    4535,    4534,0
CQUAD4,    4400,    4400,    4454,    4455,    4536,    4535,0
CQUAD4,    4401,    4401,    4456,    4457,    4538,    4537,0
CQUAD4,    4402,    4402,    4457,    4458,    4539,    4538,0
CQUAD4,    4403,    4403,    4458,    4459,    4540,    4539,0
CQUAD4,    4404,    4404,    4459,    4460,    4541,    4540,0
CQUAD4,    4405,    4405,    4460,    4461,    4542,    4541,0
CQUAD4,    4406,    4406,    4461,    4462,    4543,    4542,0
CQUAD4,    4407,    4407,    4462,    4463,    4544,    4543,0
CQUAD4,    4408,    4408,    4463,    4464,    4545,    4544,0
CQUAD4,    4409,    4409,    4464,    4465,    4546,    4545,0
CQUAD4,    4410,    4410,    4465,    4466,    4547,    4546,0
CQUAD4,    4411,    4411,    4466,    4467,    4548,    4547,0
CQUAD4,    4412,    4412,    4467,    4468,    4549,    4548,0
CQUAD4,    4413,    4413,    4468,    4469,    4550,    4549,0
CQUAD4,    4414,    4414,    4469,    4470,    4551,    4550,0
CQUAD4,    4415,    4415,    4470,    4471,    4552,    4551,0
CQUAD4,    4416,    4416,    4471,    4472,    4553,    4552,0
CQUAD4,    4417,    4417,    4472,    4473,    4554,    4553,0
CQUAD4,    4418,    4418,    4473,    4474,    4555,    4554,0
CQUAD4,    4419,    4419,    4474,    4475,    4556,    4555,0
CQUAD4,    4420,    4420,    4475,    4476,    4557,    4556,0
CQUAD4,    4421,    4421,    4476,    4477,    4558,    4557,0
CQUAD4,    4422,    4422,    4477,    4478,    4559,    4558,0
CQUAD4,    4423,    4423,    4478,    4479,    4560,    4559,0
CQUAD4,    4424,    4424,    4479,    4480,    4561,    4560,0
CQUAD4,    4425,    4425,    4480,    4481,    4562,    4561,0
CQUAD4,    4426,    4426,    4481,    4482,    4563,    4562,0
CQUAD4,    4427,    4427,    4482,    4483,    4564,    4563,0
CQUAD4,    4428,    4428,    4483,    4484,    4565,    4564,0
CQUAD4,    4429,    4429,    4484,    4485,    4566,    4565,0
CQUAD4,    4430,    4430,    4485,    4486,    4567,    4566,0
CQUAD4,    4431,    4431,    4486,    4487,    4568,    4567,0
CQUAD4,    4432,    4432,    4487,    4488,    4569,    4568,0
CQUAD4,    4433,    4433,    4488,    4489,    4570,    4569,0
CQUAD4,    4434,    4434,    4489,    4490,    4571,    4570,0
CQUAD4,    4435,    4435,    4490,    4491,    4572,    4571,0
CQUAD4,    4436,    4436,    4491,    4492,    4573,    4572,0
CQUAD4,    4437,    4437,    4492,    4493,    4574,    4573,0
CQUAD4,    4438,    4438,    4493,    4494,    4575,    4574,0
CQUAD4,    4439,    4439,    4494,    4495,    4576,    4575,0
CQUAD4,    4440,    4440,    4495,    4496,    4577,    4576,0
CQUAD4,    4441,    4441,    4496,    4497,    4578,    4577,0
CQUAD4,    4442,    4442,    4497,    4498,    4579,    4578,0
CQUAD4,    4443,    4443,    4498,    4499,    4580,    4579,0
CQUAD4,    4444,    4444,    4499,    4500,    4581,    4580,0
CQUAD4,    4445,    4445,    4500,    4501,    4582,    4581,0
CQUAD4,    4446,    4446,    4501,    4502,    4583,    4582,0
CQUAD4,    4447,    4447,    4502,    4503,    4584,    4583,0
CQUAD4,    4448,    4448,    4503,    4504,    4585,    4584,0
CQUAD4,    4449,    4449,    4504,    4505,    4586,    4585,0
CQUAD4,    4450,    4450,    4505,    4506,    4587,    4586,0
CQUAD4,    4451,    4451,    4506,    4507,    4588,    4587,0
CQUAD4,    4452,    4452,    4507,    4508,    4589,    4588,0
CQUAD4,    4453,    4453,    4508,    4509,    4590,    4589,0
CQUAD4,    4454,    4454,    4509,    4510,    4591,    4590,0
CQUAD4,    4455,    4455,    4510,    4511,    4592,    4591,0
CQUAD4,    4456,    4456,    4511,    4512,    4593,    4592,0
CQUAD4,    4457,    4457,    4512,    4513,    4594,    4593,0
CQUAD4,    4458,    4458,    4513,    4514,    4595,    4594,0
CQUAD4,    4459,    4459,    4514,    4515,    4596,    4595,0
CQUAD4,    4460,    4460,    4515,    4516,    4597,    4596,0
CQUAD4,    4461,    4461,    4516,    4517,    4598,    4597,0
CQUAD4,    4462,    4462,    4517,    4518,    4599,    4598,0
CQUAD4,    4463,    4463,    4518,    4519,    4600,    4599,0
CQUAD4,    4464,    4464,    4519,    4520,    4601,    4600,0
CQUAD4,    4465,    4465,    4520,    4521,    4602,    4601,0
CQUAD4,    4466,    4466,    4521,    4522,    4603,    4602,0
CQUAD4,    4467,    4467,    4522,    4523,    4604,    4603,0
CQUAD4,    4468,    4468,    4523,    4524,    4605,    4604,0
CQUAD4,    4469,    4469,    4524,    4525,    4606,    4605,0
CQUAD4,    4470,    4470,    4525,    4526,    4607,    4606,0
CQUAD4,    4471,    4471,    4526,    4527,    4608,    4607,0
CQUAD4,    4472,    4472,    4527,    4528,    4609,    4608,0
CQUAD4,    4473,    4473,    4528,    4529,    4610,    4609,0
CQUAD4,    4474,    4474,    4529,    4530,    4611,    4610,0
CQUAD4,    4475,    4475,    4530,    4531,    4612,    4611,0
CQUAD4,    4476,    4476,    4531,    4532,    4613,    4612,0
CQUAD4,    4477,    4477,    4532,    4533,    4614,    4613,0
CQUAD4,    4478,    4478,    4533,    4534,    4615,    4614,0
CQUAD4,    4479,    4479,    4534,    4535,    4616,    4615,0
CQUAD4,    4480,    4480,    4535,    4536,    4617,    4616,0
CQUAD4,    4481,    4481,    4537,    4538,    4619,    4618,0
CQUAD4,    4482,    4482,    4538,    4539,    4620,    4619,0
CQUAD4,    4483,    4483,    4539,    4540,    4621,    4620,0
CQUAD4,    4484,    4484,    4540,    4541,    4622,    4621,0
CQUAD4,    4485,    4485,    4541,    4542,    4623,    4622,0
CQUAD4,    4486,    4486,    4542,    4543,    4624,    4623,0
CQUAD4,    4487,    4487,    4543,    4544,    4625,    4624,0
CQUAD4,    4488,    4488,    4544,    4545,    4626,    4625,0
CQUAD4,    4489,    4489,    4545,    4546,    4627,    4626,0
CQUAD4,    4490,    4490,    4546,    4547,    4628,    4627,0
CQUAD4,    4491,    4491,    4547,    4548,    4629,    4628,0
CQUAD4,    4492,    4492,    4548,    4549,    4630,    4629,0
CQUAD4,    4493,    4493,    4549,    4550,    4631,    4630,0
CQUAD4,    4494,    4494,    4550,    4551,    4632,    4631,0
CQUAD4,    4495,    4495,    4551,    4552,    4633,    4632,0
CQUAD4,    4496,    4496,    4552,    4553,    4634,    4633,0
CQUAD4,    4497,    4497,    4553,    4554,    4635,    4634,0
CQUAD4,    4498,    4498,    4554,    4555,    4636,    4635,0
CQUAD4,    4499,    4499,    4555,    4556,    4637,    4636,0
CQUAD4,    4500,    4500,    4556,    4557,    4638,    4637,0
CQUAD4,    4501,    4501,    4557,    4558,    4639,    4638,0
CQUAD4,    4502,    4502,    4558,    4559,    4640,    4639,0
CQUAD4,    4503,    4503,    4559,    4560,    4641,    4640,0
CQUAD4,    4504,    4504,    4560,    4561,    4642,    4641,0
CQUAD4,    4505,    4505,    4561,    4562,    4643,    4642,0
CQUAD4,    4506,    4506,    4562,    4563,    4644,    4643,0
CQUAD4,    4507,    4507,    4563,    4564,    4645,    4644,0
CQUAD4,    4508,    4508,    4564,    4565,    4646,    4645,0
CQUAD4,    4509,    4509,    4565,    4566,    4647,    4646,0
CQUAD4,    4510,    4510,    4566,    4567,    4648,    4647,0
CQUAD4,    4511,    4511,    4567,    4568,    4649,    4648,0
CQUAD4,    4512,    4512,    4568,    4569,    4650,    4649,0
CQUAD4,    4513,    4513,    4569,    4570,    4651,    4650,0
CQUAD4,    4514,    4514,    4570,    4571,    4652,    4651,0
CQUAD4,    4515,    4515,    4571,    4572,    4653,    4652,0
CQUAD4,    4516,    4516,    4572,    4573,    4654,    4653,0
CQUAD4,    4517,    4517,    4573,    4574,    4655,    4654,0
CQUAD4,    4518,    4518,    4574,    4575,    4656,    4655,0
CQUAD4,    4519,    4519,    4575,    4576,    4657,    4656,0
CQUAD4,    4520,    4520,    4576,    4577,    4658,    4657,0
CQUAD4,    4521,    4521,    4577,    4578,    4659,    4658,0
CQUAD4,    4522,    4522,    4578,    4579,    4660,    4659,0
CQUAD4,    4523,    4523,    4579,    4580,    4661,    4660,0
CQUAD4,    4524,    4524,    4580,    4581,    4662,    4661,0
CQUAD4,    4525,    4525,    4581,    4582,    4663,    4662,0
CQUAD4,    4526,    4526,    4582,    4583,    4664,    4663,0
CQUAD4,    4527,    4527,    4583,    4584,    4665,    4664,0
CQUAD4,    4528,    4528,    4584,    4585,    4666,    4665,0
CQUAD4,    4529,    4529,    4585,    4586,    4667,    4666,0
CQUAD4,    4530,    4530,    4586,    4587,    4668,    4667,0
CQUAD4,    4531,    4531,    4587,    4588,    4669,    4668,0
CQUAD4,    4532,    4532,    4588,    4589,    4670,    4669,0
CQUAD4,    4533,    4533,    4589,    4590,    4671,    4670,0
CQUAD4,    4534,    4534,    4590,    4591,    4672,    4671,0
CQUAD4,    4535,    4535,    4591,    4592,    4673,    4672,0
CQUAD4,    4536,    4536,    4592,    4593,    4674,    4673,0
CQUAD4,    4537,    4537,    4593,    4594,    4675,    4674,0
CQUAD4,    4538,    4538,    4594,    4595,    4676,    4675,0
CQUAD4,    4539,    4539,    4595,    4596,    4677,    4676,0
CQUAD4,    4540,    4540,    4596,    4597,    4678,    4677,0
CQUAD4,    4541,    4541,    4597,    4598,    4679,    4678,0
CQUAD4,    4542,    4542,    4598,    4599,    4680,    4679,0
CQUAD4,    4543,    4543,    4599,    4600,    4681,    4680,0
CQUAD4,    4544,    4544,    4600,    4601,    4682,    4681,0
CQUAD4,    4545,    4545,    4601,    4602,    4683,    4682,0
CQUAD4,    4546,    4546,    4602,    4603,    4684,    4683,0
CQUAD4,    4547,    4547,    4603,    4604,    4685,    4684,0
CQUAD4,    4548,    4548,    4604,    4605,    4686,    4685,0
CQUAD4,    4549,    4549,    4605,    4606,    4687,    4686,0
CQUAD4,    4550,    4550,    4606,    4607,    4688,    4687,0
CQUAD4,    4551,    4551,    4607,    4608,    4689,    4688,0
CQUAD4,    4552,    4552,    4608,    4609,    4690,    4689,0
CQUAD4,    4553,    4553,    4609,    4610,    4691,    4690,0
CQUAD4,    4554,    4554,    4610,    4611,    4692,    4691,0
CQUAD4,    4555,    4555,    4611,    4612,    4693,    4692,0
CQUAD4,    4556,    4556,    4612,    4613,    4694,    4693,0
CQUAD4,    4557,    4557,    4613,    4614,    4695,    4694,0
CQUAD4,    4558,    4558,    4614,    4615,    4696,    4695,0
CQUAD4,    4559,    4559,    4615,    4616,    4697,    4696,0
CQUAD4,    4560,    4560,    4616,    4617,    4698,    4697,0
CQUAD4,    4561,    4561,    4618,    4619,    4700,    4699,0
CQUAD4,    4562,    4562,    4619,    4620,    4701,    4700,0
CQUAD4,    4563,    4563,    4620,    4621,    4702,    4701,0
CQUAD4,    4564,    4564,    4621,    4622,    4703,    4702,0
CQUAD4,    4565,    4565,    4622,    4623,    4704,    4703,0
CQUAD4,    4566,    4566,    4623,    4624,    4705,    4704,0
CQUAD4,    4567,    4567,    4624,    4625,    4706,    4705,0
CQUAD4,    4568,    4568,    4625,    4626,    4707,    4706,0
CQUAD4,    4569,    4569,    4626,    4627,    4708,    4707,0
CQUAD4,    4570,    4570,    4627,    4628,    4709,    4708,0
CQUAD4,    4571,    4571,    4628,    4629,    4710,    4709,0
CQUAD4,    4572,    4572,    4629,    4630,    4711,    4710,0
CQUAD4,    4573,    4573,    4630,    4631,    4712,    4711,0
CQUAD4,    4574,    4574,    4631,    4632,    4713,    4712,0
CQUAD4,    4575,    4575,    4632,    4633,    4714,    4713,0
CQUAD4,    4576,    4576,    4633,    4634,    4715,    4714,0
CQUAD4,    4577,    4577,    4634,    4635,    4716,    4715,0
CQUAD4,    4578,    4578,    4635,    4636,    4717,    4716,0
CQUAD4,    4579,    4579,    4636,    4637,    4718,    4717,0
CQUAD4,    4580,    4580,    4637,    4638,    4719,    4718,0
CQUAD4,    4581,    4581,    4638,    4639,    4720,    4719,0
CQUAD4,    4582,    4582,    4639,    4640,    4721,    4720,0
CQUAD4,    4583,    4583,    4640,    4641,    4722,    4721,0
CQUAD4,    4584,    4584,    4641,    4642,    4723,    4722,0
CQUAD4,    4585,    4585,    4642,    4643,    4724,    4723,0
CQUAD4,    4586,    4586,    4643,    4644,    4725,    4724,0
CQUAD4,    4587,    4587,    4644,    4645,    4726,    4725,0
CQUAD4,    4588,    4588,    4645,    4646,    4727,    4726,0
CQUAD4,    4589,    4589,    4646,    4647,    4728,    4727,0
CQUAD4,    4590,    4590,    4647,    4648,    4729,    4728,0
CQUAD4,    4591,    4591,    4648,    4649,    4730,    4729,0
CQUAD4,    4592,    4592,    4649,    4650,    4731,    4730,0
CQUAD4,    4593,    4593,    4650,    4651,    4732,    4731,0
CQUAD4,    4594,    4594,    4651,    4652,    4733,    4732,0
CQUAD4,    4595,    4595,    4652,    4653,    4734,    4733,0
CQUAD4,    4596,    4596,    4653,    4654,    4735,    4734,0
CQUAD4,    4597,    4597,    4654,    4655,    4736,    4735,0
CQUAD4,    4598,    4598,    4655,    4656,    4737,    4736,0
CQUAD4,    4599,    4599,    4656,    4657,    4738,    4737,0
CQUAD4,    4600,    4600,    4657,    4658,    4739,    4738,0
CQUAD4,    4601,    4601,    4658,    4659,    4740,    4739,0
CQUAD4,    4602,    4602,    4659,    4660,    4741,    4740,0
CQUAD4,    4603,    4603,    4660,    4661,    4742,    4741,0
CQUAD4,    4604,    4604,    4661,    4662,    4743,    4742,0
CQUAD4,    4605,    4605,    4662,    4663,    4744,    4743,0
CQUAD4,    4606,    4606,    4663,    4664,    4745,    4744,0
CQUAD4,    4607,    4607,    4664,    4665,    4746,    4745,0
CQUAD4,    4608,    4608,    4665,    4666,    4747,    4746,0
CQUAD4,    4609,    4609,    4666,    4667,    4748,    4747,0
CQUAD4,    4610,    4610,    4667,    4668,    4749,    4748,0
CQUAD4,    4611,    4611,    4668,    4669,    4750,    4749,0
CQUAD4,    4612,    4612,    4669,    4670,    4751,    4750,0
CQUAD4,    4613,    4613,    4670,    4671,    4752,    4751,0
CQUAD4,    4614,    4614,    4671,    4672,    4753,    4752,0
CQUAD4,    4615,    4615,    4672,    4673,    4754,    4753,0
CQUAD4,    4616,    4616,    4673,    4674,    4755,    4754,0
CQUAD4,    4617,    4617,    4674,    4675,    4756,    4755,0
CQUAD4,    4618,    4618,    4675,    4676,    4757,    4756,0
CQUAD4,    4619,    4619,    4676,    4677,    4758,    4757,0
CQUAD4,    4620,    4620,    4677,    4678,    4759,    4758,0
CQUAD4,    4621,    4621,    4678,    4679,    4760,    4759,0
CQUAD4,    4622,    4622,    4679,    4680,    4761,    4760,0
CQUAD4,    4623,    4623,    4680,    4681,    4762,    4761,0
CQUAD4,    4624,    4624,    4681,    4682,    4763,    4762,0
CQUAD4,    4625,    4625,    4682,    4683,    4764,    4763,0
CQUAD4,    4626,    4626,    4683,    4684,    4765,    4764,0
CQUAD4,    4627,    4627,    4684,    4685,    4766,    4765,0
CQUAD4,    4628,    4628,    4685,    4686,    4767,    4766,0
CQUAD4,    4629,    4629,    4686,    4687,    4768,    4767,0
CQUAD4,    4630,    4630,    4687,    4688,    4769,    4768,0
CQUAD4,    4631,    4631,    4688,    4689,    4770,    4769,0
CQUAD4,    4632,    4632,    4689,    4690,    4771,    4770,0
CQUAD4,    4633,    4633,    4690,    4691,    4772,    4771,0
CQUAD4,    4634,    4634,    4691,    4692,    4773,    4772,0
CQUAD4,    4635,    4635,    4692,    4693,    4774,    4773,0
CQUAD4,    4636,    4636,    4693,    4694,    4775,    4774,0
CQUAD4,    4637,    4637,    4694,    4695,    4776,    4775,0
CQUAD4,    4638,    4638,    4695,    4696,    4777,    4776,0
CQUAD4,    4639,    4639,    4696,    4697,    4778,    4777,0
CQUAD4,    4640,    4640,    4697,    4698,    4779,    4778,0
CQUAD4,    4641,    4641,    4699,    4700,    4781,    4780,0
CQUAD4,    4642,    4642,    4700,    4701,    4782,    4781,0
CQUAD4,    4643,    4643,    4701,    4702,    4783,    4782,0
CQUAD4,    4644,    4644,    4702,    4703,    4784,    4783,0
CQUAD4,    4645,    4645,    4703,    4704,    4785,    4784,0
CQUAD4,    4646,    4646,    4704,    4705,    4786,    4785,0
CQUAD4,    4647,    4647,    4705,    4706,    4787,    4786,0
CQUAD4,    4648,    4648,    4706,    4707,    4788,    4787,0
CQUAD4,    4649,    4649,    4707,    4708,    4789,    4788,0
CQUAD4,    4650,    4650,    4708,    4709,    4790,    4789,0
CQUAD4,    4651,    4651,    4709,    4710,    4791,    4790,0
CQUAD4,    4652,    4652,    4710,    4711,    4792,    4791,0
CQUAD4,    4653,    4653,    4711,    4712,    4793,    4792,0
CQUAD4,    4654,    4654,    4712,    4713,    4794,    4793,0
CQUAD4,    4655,    4655,    4713,    4714,    4795,    4794,0
CQUAD4,    4656,    4656,    4714,    4715,    4796,    4795,0
CQUAD4,    4657,    4657,    4715,    4716,    4797,    4796,0
CQUAD4,    4658,    4658,    4716,    4717,    4798,    4797,0
CQUAD4,    4659,    4659,    4717,    4718,    4799,    4798,0
CQUAD4,    4660,    4660,    4718,    4719,    4800,    4799,0
CQUAD4,    4661,    4661,    4719,    4720,    4801,    4800,0
CQUAD4,    4662,    4662,    4720,    4721,    4802,    4801,0
CQUAD4,    4663,    4663,    4721,    4722,    4803,    4802,0
CQUAD4,    4664,    4664,    4722,    4723,    4804,    4803,0
CQUAD4,    4665,    4665,    4723,    4724,    4805,    4804,0
CQUAD4,    4666,    4666,    4724,    4725,    4806,    4805,0
CQUAD4,    4667,    4667,    4725,    4726,    4807,    4806,0
CQUAD4,    4668,    4668,    4726,    4727,    4808,    4807,0
CQUAD4,    4669,    4669,    4727,    4728,    4809,    4808,0
CQUAD4,    4670,    4670,    4728,    4729,    4810,    4809,0
CQUAD4,    4671,    4671,    4729,    4730,    4811,    4810,0
CQUAD4,    4672,    4672,    4730,    4731,    4812,    4811,0
CQUAD4,    4673,    4673,    4731,    4732,    4813,    4812,0
CQUAD4,    4674,    4674,    4732,    4733,    4814,    4813,0
CQUAD4,    4675,    4675,    4733,    4734,    4815,    4814,0
CQUAD4,    4676,    4676,    4734,    4735,    4816,    4815,0
CQUAD4,    4677,    4677,    4735,    4736,    4817,    4816,0
CQUAD4,    4678,    4678,    4736,    4737,    4818,    4817,0
CQUAD4,    4679,    4679,    4737,    4738,    4819,    4818,0
CQUAD4,    4680,    4680,    4738,    4739,    4820,    4819,0
CQUAD4,    4681,    4681,    4739,    4740,    4821,    4820,0
CQUAD4,    4682,    4682,    4740,    4741,    4822,    4821,0
CQUAD4,    4683,    4683,    4741,    4742,    4823,    4822,0
CQUAD4,    4684,    4684,    4742,    4743,    4824,    4823,0
CQUAD4,    4685,    4685,    4743,    4744,    4825,    4824,0
CQUAD4,    4686,    4686,    4744,    4745,    4826,    4825,0
CQUAD4,    4687,    4687,    4745,    4746,    4827,    4826,0
CQUAD4,    4688,    4688,    4746,    4747,    4828,    4827,0
CQUAD4,    4689,    4689,    4747,    4748,    4829,    4828,0
CQUAD4,    4690,    4690,    4748,    4749,    4830,    4829,0
CQUAD4,    4691,    4691,    4749,    4750,    4831,    4830,0
CQUAD4,    4692,    4692,    4750,    4751,    4832,    4831,0
CQUAD4,    4693,    4693,    4751,    4752,    4833,    4832,0
CQUAD4,    4694,    4694,    4752,    4753,    4834,    4833,0
CQUAD4,    4695,    4695,    4753,    4754,    4835,    4834,0
CQUAD4,    4696,    4696,    4754,    4755,    4836,    4835,0
CQUAD4,    4697,    4697,    4755,    4756,    4837,    4836,0
CQUAD4,    4698,    4698,    4756,    4757,    4838,    4837,0
CQUAD4,    4699,    4699,    4757,    4758,    4839,    4838,0
CQUAD4,    4700,    4700,    4758,    4759,    4840,    4839,0
CQUAD4,    4701,    4701,    4759,    4760,    4841,    4840,0
CQUAD4,    4702,    4702,    4760,    4761,    4842,    4841,0
CQUAD4,    4703,    4703,    4761,    4762,    4843,    4842,0
CQUAD4,    4704,    4704,    4762,    4763,    4844,    4843,0
CQUAD4,    4705,    4705,    4763,    4764,    4845,    4844,0
CQUAD4,    4706,    4706,    4764,    4765,    4846,    4845,0
CQUAD4,    4707,    4707,    4765,    4766,    4847,    4846,0
CQUAD4,    4708,    4708,    4766,    4767,    4848,    4847,0
CQUAD4,    4709,    4709,    4767,    4768,    4849,    4848,0
CQUAD4,    4710,    4710,    4768,    4769,    4850,    4849,0
CQUAD4,    4711,    4711,    4769,    4770,    4851,    4850,0
CQUAD4,    4712,    4712,    4770,    4771,    4852,    4851,0
CQUAD4,    4713,    4713,    4771,    4772,    4853,    4852,0
CQUAD4,    4714,    4714,    4772,    4773,    4854,    4853,0
CQUAD4,    4715,    4715,    4773,    4774,    4855,    4854,0
CQUAD4,    4716,    4716,    4774,    4775,    4856,    4855,0
CQUAD4,    4717,    4717,    4775,    4776,    4857,    4856,0
CQUAD4,    4718,    4718,    4776,    4777,    4858,    4857,0
CQUAD4,    4719,    4719,    4777,    4778,    4859,    4858,0
CQUAD4,    4720,    4720,    4778,    4779,    4860,    4859,0
CQUAD4,    4721,    4721,    4780,    4781,    4862,    4861,0
CQUAD4,    4722,    4722,    4781,    4782,    4863,    4862,0
CQUAD4,    4723,    4723,    4782,    4783,    4864,    4863,0
CQUAD4,    4724,    4724,    4783,    4784,    4865,    4864,0
CQUAD4,    4725,    4725,    4784,    4785,    4866,    4865,0
CQUAD4,    4726,    4726,    4785,    4786,    4867,    4866,0
CQUAD4,    4727,    4727,    4786,    4787,    4868,    4867,0
CQUAD4,    4728,    4728,    4787,    4788,    4869,    4868,0
CQUAD4,    4729,    4729,    4788,    4789,    4870,    4869,0
CQUAD4,    4730,    4730,    4789,    4790,    4871,    4870,0
CQUAD4,    4731,    4731,    4790,    4791,    4872,    4871,0
CQUAD4,    4732,    4732,    4791,    4792,    4873,    4872,0
CQUAD4,    4733,    4733,    4792,    4793,    4874,    4873,0
CQUAD4,    4734,    4734,    4793,    4794,    4875,    4874,0
CQUAD4,    4735,    4735,    4794,    4795,    4876,    4875,0
CQUAD4,    4736,    4736,    4795,    4796,    4877,    4876,0
CQUAD4,    4737,    4737,    4796,    4797,    4878,    4877,0
CQUAD4,    4738,    4738,    4797,    4798,    4879,    4878,0
CQUAD4,    4739,    4739,    4798,    4799,    4880,    4879,0
CQUAD4,    4740,    4740,    4799,    4800,    4881,    4880,0
CQUAD4,    4741,    4741,    4800,    4801,    4882,    4881,0
CQUAD4,    4742,    4742,    4801,    4802,    4883,    4882,0
CQUAD4,    4743,    4743,    4802,    4803,    4884,    4883,0
CQUAD4,    4744,    4744,    4803,    4804,    4885,    4884,0
CQUAD4,    4745,    4745,    4804,    4805,    4886,    4885,0
CQUAD4,    4746,    4746,    4805,    4806,    4887,    4886,0
CQUAD4,    4747,    4747,    4806,    4807,    4888,    4887,0
CQUAD4,    4748,    4748,    4807,    4808,    4889,    4888,0
CQUAD4,    4749,    4749,    4808,    4809,    4890,    4889,0
CQUAD4,    4750,    4750,    4809,    4810,    4891,    4890,0
CQUAD4,    4751,    4751,    4810,    4811,    4892,    4891,0
CQUAD4,    4752,    4752,    4811,    4812,    4893,    4892,0
CQUAD4,    4753,    4753,    4812,    4813,    4894,    4893,0
CQUAD4,    4754,    4754,    4813,    4814,    4895,    4894,0
CQUAD4,    4755,    4755,    4814,    4815,    4896,    4895,0
CQUAD4,    4756,    4756,    4815,    4816,    4897,    4896,0
CQUAD4,    4757,    4757,    4816,    4817,    4898,    4897,0
CQUAD4,    4758,    4758,    4817,    4818,    4899,    4898,0
CQUAD4,    4759,    4759,    4818,    4819,    4900,    4899,0
CQUAD4,    4760,    4760,    4819,    4820,    4901,    4900,0
CQUAD4,    4761,    4761,    4820,    4821,    4902,    4901,0
CQUAD4,    4762,    4762,    4821,    4822,    4903,    4902,0
CQUAD4,    4763,    4763,    4822,    4823,    4904,    4903,0
CQUAD4,    4764,    4764,    4823,    4824,    4905,    4904,0
CQUAD4,    4765,    4765,    4824,    4825,    4906,    4905,0
CQUAD4,    4766,    4766,    4825,    4826,    4907,    4906,0
CQUAD4,    4767,    4767,    4826,    4827,    4908,    4907,0
CQUAD4,    4768,    4768,    4827,    4828,    4909,    4908,0
CQUAD4,    4769,    4769,    4828,    4829,    4910,    4909,0
CQUAD4,    4770,    4770,    4829,    4830,    4911,    4910,0
CQUAD4,    4771,    4771,    4830,    4831,    4912,    4911,0
CQUAD4,    4772,    4772,    4831,    4832,    4913,    4912,0
CQUAD4,    4773,    4773,    4832,    4833,    4914,    4913,0
CQUAD4,    4774,    4774,    4833,    4834,    4915,    4914,0
CQUAD4,    4775,    4775,    4834,    4835,    4916,    4915,0
CQUAD4,    4776,    4776,    4835,    4836,    4917,    4916,0
CQUAD4,    4777,    4777,    4836,    4837,    4918,    4917,0
CQUAD4,    4778,    4778,    4837,    4838,    4919,    4918,0
CQUAD4,    4779,    4779,    4838,    4839,    4920,    4919,0
CQUAD4,    4780,    4780,    4839,    4840,    4921,    4920,0
CQUAD4,    4781,    4781,    4840,    4841,    4922,    4921,0
CQUAD4,    4782,    4782,    4841,    4842,    4923,    4922,0
CQUAD4,    4783,    4783,    4842,    4843,    4924,    4923,0
CQUAD4,    4784,    4784,    4843,    4844,    4925,    4924,0
CQUAD4,    4785,    4785,    4844,    4845,    4926,    4925,0
CQUAD4,    4786,    4786,    4845,    4846,    4927,    4926,0
CQUAD4,    4787,    4787,    4846,    4847,    4928,    4927,0
CQUAD4,    4788,    4788,    4847,    4848,    4929,    4928,0
CQUAD4,    4789,    4789,    4848,    4849,    4930,    4929,0
CQUAD4,    4790,    4790,    4849,    4850,    4931,    4930,0
CQUAD4,    4791,    4791,    4850,    4851,    4932,    4931,0
CQUAD4,    4792,    4792,    4851,    4852,    4933,    4932,0
CQUAD4,    4793,    4793,    4852,    4853,    4934,    4933,0
CQUAD4,    4794,    4794,    4853,    4854,    4935,    4934,0
CQUAD4,    4795,    4795,    4854,    4855,    4936,    4935,0
CQUAD4,    4796,    4796,    4855,    4856,    4937,    4936,0
CQUAD4,    4797,    4797,    4856,    4857,    4938,    4937,0
CQUAD4,    4798,    4798,    4857,    4858,    4939,    4938,0
CQUAD4,    4799,    4799,    4858,    4859,    4940,    4939,0
CQUAD4,    4800,    4800,    4859,    4860,    4941,    4940,0
