$1......2.......3.......4.......5.......6.......7.......8.......
GRID           1        0.      0.      0.      
GRID           2        0.005   0.      0.      
GRID           3        0.01    0.      0.      
GRID           4        0.015   0.      0.      
GRID           5        0.02    0.      0.      
GRID           6        0.025   0.      0.      
GRID           7        0.03    0.      0.      
GRID           8        0.035   0.      0.      
GRID           9        0.04    0.      0.      
GRID          10        0.045   0.      0.      
GRID          11        0.05    0.      0.      
GRID          12        0.055   0.      0.      
GRID          13        0.06    0.      0.      
GRID          14        0.065   0.      0.      
GRID          15        0.07    0.      0.      
GRID          16        0.075   0.      0.      
GRID          17        0.08    0.      0.      
GRID          18        0.085   0.      0.      
GRID          19        0.09    0.      0.      
GRID          20        0.095   0.      0.      
GRID          21        0.1     0.      0.      
GRID          22        0.105   0.      0.      
GRID          23        0.11    0.      0.      
GRID          24        0.115   0.      0.      
GRID          25        0.12    0.      0.      
GRID          26        0.125   0.      0.      
GRID          27        0.13    0.      0.      
GRID          28        0.135   0.      0.      
GRID          29        0.14    0.      0.      
GRID          30        0.145   0.      0.      
GRID          31        0.15    0.      0.      
GRID          32        0.155   0.      0.      
GRID          33        0.16    0.      0.      
GRID          34        0.165   0.      0.      
GRID          35        0.17    0.      0.      
GRID          36        0.175   0.      0.      
GRID          37        0.18    0.      0.      
GRID          38        0.185   0.      0.      
GRID          39        0.19    0.      0.      
GRID          40        0.195   0.      0.      
GRID          41        0.2     0.      0.      
GRID          42        0.205   0.      0.      
GRID          43        0.21    0.      0.      
GRID          44        0.215   0.      0.      
GRID          45        0.22    0.      0.      
GRID          46        0.225   0.      0.      
GRID          47        0.23    0.      0.      
GRID          48        0.235   0.      0.      
GRID          49        0.24    0.      0.      
GRID          50        0.245   0.      0.      
GRID          51        0.25    0.      0.      
GRID          52        0.255   0.      0.      
GRID          53        0.26    0.      0.      
GRID          54        0.265   0.      0.      
GRID          55        0.27    0.      0.      
GRID          56        0.275   0.      0.      
GRID          57        0.28    0.      0.      
GRID          58        0.285   0.      0.      
GRID          59        0.29    0.      0.      
GRID          60        0.295   0.      0.      
GRID          61        0.3     0.      0.      
GRID          62        0.305   0.      0.      
GRID          63        0.31    0.      0.      
GRID          64        0.315   0.      0.      
GRID          65        0.32    0.      0.      
GRID          66        0.325   0.      0.      
GRID          67        0.33    0.      0.      
GRID          68        0.335   0.      0.      
GRID          69        0.34    0.      0.      
GRID          70        0.345   0.      0.      
GRID          71        0.35    0.      0.      
GRID          72        0.355   0.      0.      
GRID          73        0.36    0.      0.      
GRID          74        0.365   0.      0.      
GRID          75        0.37    0.      0.      
GRID          76        0.375   0.      0.      
GRID          77        0.38    0.      0.      
GRID          78        0.385   0.      0.      
GRID          79        0.39    0.      0.      
GRID          80        0.395   0.      0.      
GRID          81        0.4     0.      0.      
GRID          82        0.      0.005   0.      
GRID          83        0.005   0.005   0.      
GRID          84        0.01    0.005   0.      
GRID          85        0.015   0.005   0.      
GRID          86        0.02    0.005   0.      
GRID          87        0.025   0.005   0.      
GRID          88        0.03    0.005   0.      
GRID          89        0.035   0.005   0.      
GRID          90        0.04    0.005   0.      
GRID          91        0.045   0.005   0.      
GRID          92        0.05    0.005   0.      
GRID          93        0.055   0.005   0.      
GRID          94        0.06    0.005   0.      
GRID          95        0.065   0.005   0.      
GRID          96        0.07    0.005   0.      
GRID          97        0.075   0.005   0.      
GRID          98        0.08    0.005   0.      
GRID          99        0.085   0.005   0.      
GRID         100        0.09    0.005   0.      
GRID         101        0.095   0.005   0.      
GRID         102        0.1     0.005   0.      
GRID         103        0.105   0.005   0.      
GRID         104        0.11    0.005   0.      
GRID         105        0.115   0.005   0.      
GRID         106        0.12    0.005   0.      
GRID         107        0.125   0.005   0.      
GRID         108        0.13    0.005   0.      
GRID         109        0.135   0.005   0.      
GRID         110        0.14    0.005   0.      
GRID         111        0.145   0.005   0.      
GRID         112        0.15    0.005   0.      
GRID         113        0.155   0.005   0.      
GRID         114        0.16    0.005   0.      
GRID         115        0.165   0.005   0.      
GRID         116        0.17    0.005   0.      
GRID         117        0.175   0.005   0.      
GRID         118        0.18    0.005   0.      
GRID         119        0.185   0.005   0.      
GRID         120        0.19    0.005   0.      
GRID         121        0.195   0.005   0.      
GRID         122        0.2     0.005   0.      
GRID         123        0.205   0.005   0.      
GRID         124        0.21    0.005   0.      
GRID         125        0.215   0.005   0.      
GRID         126        0.22    0.005   0.      
GRID         127        0.225   0.005   0.      
GRID         128        0.23    0.005   0.      
GRID         129        0.235   0.005   0.      
GRID         130        0.24    0.005   0.      
GRID         131        0.245   0.005   0.      
GRID         132        0.25    0.005   0.      
GRID         133        0.255   0.005   0.      
GRID         134        0.26    0.005   0.      
GRID         135        0.265   0.005   0.      
GRID         136        0.27    0.005   0.      
GRID         137        0.275   0.005   0.      
GRID         138        0.28    0.005   0.      
GRID         139        0.285   0.005   0.      
GRID         140        0.29    0.005   0.      
GRID         141        0.295   0.005   0.      
GRID         142        0.3     0.005   0.      
GRID         143        0.305   0.005   0.      
GRID         144        0.31    0.005   0.      
GRID         145        0.315   0.005   0.      
GRID         146        0.32    0.005   0.      
GRID         147        0.325   0.005   0.      
GRID         148        0.33    0.005   0.      
GRID         149        0.335   0.005   0.      
GRID         150        0.34    0.005   0.      
GRID         151        0.345   0.005   0.      
GRID         152        0.35    0.005   0.      
GRID         153        0.355   0.005   0.      
GRID         154        0.36    0.005   0.      
GRID         155        0.365   0.005   0.      
GRID         156        0.37    0.005   0.      
GRID         157        0.375   0.005   0.      
GRID         158        0.38    0.005   0.      
GRID         159        0.385   0.005   0.      
GRID         160        0.39    0.005   0.      
GRID         161        0.395   0.005   0.      
GRID         162        0.4     0.005   0.      
GRID         163        0.      0.01    0.      
GRID         164        0.005   0.01    0.      
GRID         165        0.01    0.01    0.      
GRID         166        0.015   0.01    0.      
GRID         167        0.02    0.01    0.      
GRID         168        0.025   0.01    0.      
GRID         169        0.03    0.01    0.      
GRID         170        0.035   0.01    0.      
GRID         171        0.04    0.01    0.      
GRID         172        0.045   0.01    0.      
GRID         173        0.05    0.01    0.      
GRID         174        0.055   0.01    0.      
GRID         175        0.06    0.01    0.      
GRID         176        0.065   0.01    0.      
GRID         177        0.07    0.01    0.      
GRID         178        0.075   0.01    0.      
GRID         179        0.08    0.01    0.      
GRID         180        0.085   0.01    0.      
GRID         181        0.09    0.01    0.      
GRID         182        0.095   0.01    0.      
GRID         183        0.1     0.01    0.      
GRID         184        0.105   0.01    0.      
GRID         185        0.11    0.01    0.      
GRID         186        0.115   0.01    0.      
GRID         187        0.12    0.01    0.      
GRID         188        0.125   0.01    0.      
GRID         189        0.13    0.01    0.      
GRID         190        0.135   0.01    0.      
GRID         191        0.14    0.01    0.      
GRID         192        0.145   0.01    0.      
GRID         193        0.15    0.01    0.      
GRID         194        0.155   0.01    0.      
GRID         195        0.16    0.01    0.      
GRID         196        0.165   0.01    0.      
GRID         197        0.17    0.01    0.      
GRID         198        0.175   0.01    0.      
GRID         199        0.18    0.01    0.      
GRID         200        0.185   0.01    0.      
GRID         201        0.19    0.01    0.      
GRID         202        0.195   0.01    0.      
GRID         203        0.2     0.01    0.      
GRID         204        0.205   0.01    0.      
GRID         205        0.21    0.01    0.      
GRID         206        0.215   0.01    0.      
GRID         207        0.22    0.01    0.      
GRID         208        0.225   0.01    0.      
GRID         209        0.23    0.01    0.      
GRID         210        0.235   0.01    0.      
GRID         211        0.24    0.01    0.      
GRID         212        0.245   0.01    0.      
GRID         213        0.25    0.01    0.      
GRID         214        0.255   0.01    0.      
GRID         215        0.26    0.01    0.      
GRID         216        0.265   0.01    0.      
GRID         217        0.27    0.01    0.      
GRID         218        0.275   0.01    0.      
GRID         219        0.28    0.01    0.      
GRID         220        0.285   0.01    0.      
GRID         221        0.29    0.01    0.      
GRID         222        0.295   0.01    0.      
GRID         223        0.3     0.01    0.      
GRID         224        0.305   0.01    0.      
GRID         225        0.31    0.01    0.      
GRID         226        0.315   0.01    0.      
GRID         227        0.32    0.01    0.      
GRID         228        0.325   0.01    0.      
GRID         229        0.33    0.01    0.      
GRID         230        0.335   0.01    0.      
GRID         231        0.34    0.01    0.      
GRID         232        0.345   0.01    0.      
GRID         233        0.35    0.01    0.      
GRID         234        0.355   0.01    0.      
GRID         235        0.36    0.01    0.      
GRID         236        0.365   0.01    0.      
GRID         237        0.37    0.01    0.      
GRID         238        0.375   0.01    0.      
GRID         239        0.38    0.01    0.      
GRID         240        0.385   0.01    0.      
GRID         241        0.39    0.01    0.      
GRID         242        0.395   0.01    0.      
GRID         243        0.4     0.01    0.      
GRID         244        0.      0.015   0.      
GRID         245        0.005   0.015   0.      
GRID         246        0.01    0.015   0.      
GRID         247        0.015   0.015   0.      
GRID         248        0.02    0.015   0.      
GRID         249        0.025   0.015   0.      
GRID         250        0.03    0.015   0.      
GRID         251        0.035   0.015   0.      
GRID         252        0.04    0.015   0.      
GRID         253        0.045   0.015   0.      
GRID         254        0.05    0.015   0.      
GRID         255        0.055   0.015   0.      
GRID         256        0.06    0.015   0.      
GRID         257        0.065   0.015   0.      
GRID         258        0.07    0.015   0.      
GRID         259        0.075   0.015   0.      
GRID         260        0.08    0.015   0.      
GRID         261        0.085   0.015   0.      
GRID         262        0.09    0.015   0.      
GRID         263        0.095   0.015   0.      
GRID         264        0.1     0.015   0.      
GRID         265        0.105   0.015   0.      
GRID         266        0.11    0.015   0.      
GRID         267        0.115   0.015   0.      
GRID         268        0.12    0.015   0.      
GRID         269        0.125   0.015   0.      
GRID         270        0.13    0.015   0.      
GRID         271        0.135   0.015   0.      
GRID         272        0.14    0.015   0.      
GRID         273        0.145   0.015   0.      
GRID         274        0.15    0.015   0.      
GRID         275        0.155   0.015   0.      
GRID         276        0.16    0.015   0.      
GRID         277        0.165   0.015   0.      
GRID         278        0.17    0.015   0.      
GRID         279        0.175   0.015   0.      
GRID         280        0.18    0.015   0.      
GRID         281        0.185   0.015   0.      
GRID         282        0.19    0.015   0.      
GRID         283        0.195   0.015   0.      
GRID         284        0.2     0.015   0.      
GRID         285        0.205   0.015   0.      
GRID         286        0.21    0.015   0.      
GRID         287        0.215   0.015   0.      
GRID         288        0.22    0.015   0.      
GRID         289        0.225   0.015   0.      
GRID         290        0.23    0.015   0.      
GRID         291        0.235   0.015   0.      
GRID         292        0.24    0.015   0.      
GRID         293        0.245   0.015   0.      
GRID         294        0.25    0.015   0.      
GRID         295        0.255   0.015   0.      
GRID         296        0.26    0.015   0.      
GRID         297        0.265   0.015   0.      
GRID         298        0.27    0.015   0.      
GRID         299        0.275   0.015   0.      
GRID         300        0.28    0.015   0.      
GRID         301        0.285   0.015   0.      
GRID         302        0.29    0.015   0.      
GRID         303        0.295   0.015   0.      
GRID         304        0.3     0.015   0.      
GRID         305        0.305   0.015   0.      
GRID         306        0.31    0.015   0.      
GRID         307        0.315   0.015   0.      
GRID         308        0.32    0.015   0.      
GRID         309        0.325   0.015   0.      
GRID         310        0.33    0.015   0.      
GRID         311        0.335   0.015   0.      
GRID         312        0.34    0.015   0.      
GRID         313        0.345   0.015   0.      
GRID         314        0.35    0.015   0.      
GRID         315        0.355   0.015   0.      
GRID         316        0.36    0.015   0.      
GRID         317        0.365   0.015   0.      
GRID         318        0.37    0.015   0.      
GRID         319        0.375   0.015   0.      
GRID         320        0.38    0.015   0.      
GRID         321        0.385   0.015   0.      
GRID         322        0.39    0.015   0.      
GRID         323        0.395   0.015   0.      
GRID         324        0.4     0.015   0.      
GRID         325        0.      0.02    0.      
GRID         326        0.005   0.02    0.      
GRID         327        0.01    0.02    0.      
GRID         328        0.015   0.02    0.      
GRID         329        0.02    0.02    0.      
GRID         330        0.025   0.02    0.      
GRID         331        0.03    0.02    0.      
GRID         332        0.035   0.02    0.      
GRID         333        0.04    0.02    0.      
GRID         334        0.045   0.02    0.      
GRID         335        0.05    0.02    0.      
GRID         336        0.055   0.02    0.      
GRID         337        0.06    0.02    0.      
GRID         338        0.065   0.02    0.      
GRID         339        0.07    0.02    0.      
GRID         340        0.075   0.02    0.      
GRID         341        0.08    0.02    0.      
GRID         342        0.085   0.02    0.      
GRID         343        0.09    0.02    0.      
GRID         344        0.095   0.02    0.      
GRID         345        0.1     0.02    0.      
GRID         346        0.105   0.02    0.      
GRID         347        0.11    0.02    0.      
GRID         348        0.115   0.02    0.      
GRID         349        0.12    0.02    0.      
GRID         350        0.125   0.02    0.      
GRID         351        0.13    0.02    0.      
GRID         352        0.135   0.02    0.      
GRID         353        0.14    0.02    0.      
GRID         354        0.145   0.02    0.      
GRID         355        0.15    0.02    0.      
GRID         356        0.155   0.02    0.      
GRID         357        0.16    0.02    0.      
GRID         358        0.165   0.02    0.      
GRID         359        0.17    0.02    0.      
GRID         360        0.175   0.02    0.      
GRID         361        0.18    0.02    0.      
GRID         362        0.185   0.02    0.      
GRID         363        0.19    0.02    0.      
GRID         364        0.195   0.02    0.      
GRID         365        0.2     0.02    0.      
GRID         366        0.205   0.02    0.      
GRID         367        0.21    0.02    0.      
GRID         368        0.215   0.02    0.      
GRID         369        0.22    0.02    0.      
GRID         370        0.225   0.02    0.      
GRID         371        0.23    0.02    0.      
GRID         372        0.235   0.02    0.      
GRID         373        0.24    0.02    0.      
GRID         374        0.245   0.02    0.      
GRID         375        0.25    0.02    0.      
GRID         376        0.255   0.02    0.      
GRID         377        0.26    0.02    0.      
GRID         378        0.265   0.02    0.      
GRID         379        0.27    0.02    0.      
GRID         380        0.275   0.02    0.      
GRID         381        0.28    0.02    0.      
GRID         382        0.285   0.02    0.      
GRID         383        0.29    0.02    0.      
GRID         384        0.295   0.02    0.      
GRID         385        0.3     0.02    0.      
GRID         386        0.305   0.02    0.      
GRID         387        0.31    0.02    0.      
GRID         388        0.315   0.02    0.      
GRID         389        0.32    0.02    0.      
GRID         390        0.325   0.02    0.      
GRID         391        0.33    0.02    0.      
GRID         392        0.335   0.02    0.      
GRID         393        0.34    0.02    0.      
GRID         394        0.345   0.02    0.      
GRID         395        0.35    0.02    0.      
GRID         396        0.355   0.02    0.      
GRID         397        0.36    0.02    0.      
GRID         398        0.365   0.02    0.      
GRID         399        0.37    0.02    0.      
GRID         400        0.375   0.02    0.      
GRID         401        0.38    0.02    0.      
GRID         402        0.385   0.02    0.      
GRID         403        0.39    0.02    0.      
GRID         404        0.395   0.02    0.      
GRID         405        0.4     0.02    0.      
GRID         406        0.      0.025   0.      
GRID         407        0.005   0.025   0.      
GRID         408        0.01    0.025   0.      
GRID         409        0.015   0.025   0.      
GRID         410        0.02    0.025   0.      
GRID         411        0.025   0.025   0.      
GRID         412        0.03    0.025   0.      
GRID         413        0.035   0.025   0.      
GRID         414        0.04    0.025   0.      
GRID         415        0.045   0.025   0.      
GRID         416        0.05    0.025   0.      
GRID         417        0.055   0.025   0.      
GRID         418        0.06    0.025   0.      
GRID         419        0.065   0.025   0.      
GRID         420        0.07    0.025   0.      
GRID         421        0.075   0.025   0.      
GRID         422        0.08    0.025   0.      
GRID         423        0.085   0.025   0.      
GRID         424        0.09    0.025   0.      
GRID         425        0.095   0.025   0.      
GRID         426        0.1     0.025   0.      
GRID         427        0.105   0.025   0.      
GRID         428        0.11    0.025   0.      
GRID         429        0.115   0.025   0.      
GRID         430        0.12    0.025   0.      
GRID         431        0.125   0.025   0.      
GRID         432        0.13    0.025   0.      
GRID         433        0.135   0.025   0.      
GRID         434        0.14    0.025   0.      
GRID         435        0.145   0.025   0.      
GRID         436        0.15    0.025   0.      
GRID         437        0.155   0.025   0.      
GRID         438        0.16    0.025   0.      
GRID         439        0.165   0.025   0.      
GRID         440        0.17    0.025   0.      
GRID         441        0.175   0.025   0.      
GRID         442        0.18    0.025   0.      
GRID         443        0.185   0.025   0.      
GRID         444        0.19    0.025   0.      
GRID         445        0.195   0.025   0.      
GRID         446        0.2     0.025   0.      
GRID         447        0.205   0.025   0.      
GRID         448        0.21    0.025   0.      
GRID         449        0.215   0.025   0.      
GRID         450        0.22    0.025   0.      
GRID         451        0.225   0.025   0.      
GRID         452        0.23    0.025   0.      
GRID         453        0.235   0.025   0.      
GRID         454        0.24    0.025   0.      
GRID         455        0.245   0.025   0.      
GRID         456        0.25    0.025   0.      
GRID         457        0.255   0.025   0.      
GRID         458        0.26    0.025   0.      
GRID         459        0.265   0.025   0.      
GRID         460        0.27    0.025   0.      
GRID         461        0.275   0.025   0.      
GRID         462        0.28    0.025   0.      
GRID         463        0.285   0.025   0.      
GRID         464        0.29    0.025   0.      
GRID         465        0.295   0.025   0.      
GRID         466        0.3     0.025   0.      
GRID         467        0.305   0.025   0.      
GRID         468        0.31    0.025   0.      
GRID         469        0.315   0.025   0.      
GRID         470        0.32    0.025   0.      
GRID         471        0.325   0.025   0.      
GRID         472        0.33    0.025   0.      
GRID         473        0.335   0.025   0.      
GRID         474        0.34    0.025   0.      
GRID         475        0.345   0.025   0.      
GRID         476        0.35    0.025   0.      
GRID         477        0.355   0.025   0.      
GRID         478        0.36    0.025   0.      
GRID         479        0.365   0.025   0.      
GRID         480        0.37    0.025   0.      
GRID         481        0.375   0.025   0.      
GRID         482        0.38    0.025   0.      
GRID         483        0.385   0.025   0.      
GRID         484        0.39    0.025   0.      
GRID         485        0.395   0.025   0.      
GRID         486        0.4     0.025   0.      
GRID         487        0.      0.03    0.      
GRID         488        0.005   0.03    0.      
GRID         489        0.01    0.03    0.      
GRID         490        0.015   0.03    0.      
GRID         491        0.02    0.03    0.      
GRID         492        0.025   0.03    0.      
GRID         493        0.03    0.03    0.      
GRID         494        0.035   0.03    0.      
GRID         495        0.04    0.03    0.      
GRID         496        0.045   0.03    0.      
GRID         497        0.05    0.03    0.      
GRID         498        0.055   0.03    0.      
GRID         499        0.06    0.03    0.      
GRID         500        0.065   0.03    0.      
GRID         501        0.07    0.03    0.      
GRID         502        0.075   0.03    0.      
GRID         503        0.08    0.03    0.      
GRID         504        0.085   0.03    0.      
GRID         505        0.09    0.03    0.      
GRID         506        0.095   0.03    0.      
GRID         507        0.1     0.03    0.      
GRID         508        0.105   0.03    0.      
GRID         509        0.11    0.03    0.      
GRID         510        0.115   0.03    0.      
GRID         511        0.12    0.03    0.      
GRID         512        0.125   0.03    0.      
GRID         513        0.13    0.03    0.      
GRID         514        0.135   0.03    0.      
GRID         515        0.14    0.03    0.      
GRID         516        0.145   0.03    0.      
GRID         517        0.15    0.03    0.      
GRID         518        0.155   0.03    0.      
GRID         519        0.16    0.03    0.      
GRID         520        0.165   0.03    0.      
GRID         521        0.17    0.03    0.      
GRID         522        0.175   0.03    0.      
GRID         523        0.18    0.03    0.      
GRID         524        0.185   0.03    0.      
GRID         525        0.19    0.03    0.      
GRID         526        0.195   0.03    0.      
GRID         527        0.2     0.03    0.      
GRID         528        0.205   0.03    0.      
GRID         529        0.21    0.03    0.      
GRID         530        0.215   0.03    0.      
GRID         531        0.22    0.03    0.      
GRID         532        0.225   0.03    0.      
GRID         533        0.23    0.03    0.      
GRID         534        0.235   0.03    0.      
GRID         535        0.24    0.03    0.      
GRID         536        0.245   0.03    0.      
GRID         537        0.25    0.03    0.      
GRID         538        0.255   0.03    0.      
GRID         539        0.26    0.03    0.      
GRID         540        0.265   0.03    0.      
GRID         541        0.27    0.03    0.      
GRID         542        0.275   0.03    0.      
GRID         543        0.28    0.03    0.      
GRID         544        0.285   0.03    0.      
GRID         545        0.29    0.03    0.      
GRID         546        0.295   0.03    0.      
GRID         547        0.3     0.03    0.      
GRID         548        0.305   0.03    0.      
GRID         549        0.31    0.03    0.      
GRID         550        0.315   0.03    0.      
GRID         551        0.32    0.03    0.      
GRID         552        0.325   0.03    0.      
GRID         553        0.33    0.03    0.      
GRID         554        0.335   0.03    0.      
GRID         555        0.34    0.03    0.      
GRID         556        0.345   0.03    0.      
GRID         557        0.35    0.03    0.      
GRID         558        0.355   0.03    0.      
GRID         559        0.36    0.03    0.      
GRID         560        0.365   0.03    0.      
GRID         561        0.37    0.03    0.      
GRID         562        0.375   0.03    0.      
GRID         563        0.38    0.03    0.      
GRID         564        0.385   0.03    0.      
GRID         565        0.39    0.03    0.      
GRID         566        0.395   0.03    0.      
GRID         567        0.4     0.03    0.      
GRID         568        0.      0.035   0.      
GRID         569        0.005   0.035   0.      
GRID         570        0.01    0.035   0.      
GRID         571        0.015   0.035   0.      
GRID         572        0.02    0.035   0.      
GRID         573        0.025   0.035   0.      
GRID         574        0.03    0.035   0.      
GRID         575        0.035   0.035   0.      
GRID         576        0.04    0.035   0.      
GRID         577        0.045   0.035   0.      
GRID         578        0.05    0.035   0.      
GRID         579        0.055   0.035   0.      
GRID         580        0.06    0.035   0.      
GRID         581        0.065   0.035   0.      
GRID         582        0.07    0.035   0.      
GRID         583        0.075   0.035   0.      
GRID         584        0.08    0.035   0.      
GRID         585        0.085   0.035   0.      
GRID         586        0.09    0.035   0.      
GRID         587        0.095   0.035   0.      
GRID         588        0.1     0.035   0.      
GRID         589        0.105   0.035   0.      
GRID         590        0.11    0.035   0.      
GRID         591        0.115   0.035   0.      
GRID         592        0.12    0.035   0.      
GRID         593        0.125   0.035   0.      
GRID         594        0.13    0.035   0.      
GRID         595        0.135   0.035   0.      
GRID         596        0.14    0.035   0.      
GRID         597        0.145   0.035   0.      
GRID         598        0.15    0.035   0.      
GRID         599        0.155   0.035   0.      
GRID         600        0.16    0.035   0.      
GRID         601        0.165   0.035   0.      
GRID         602        0.17    0.035   0.      
GRID         603        0.175   0.035   0.      
GRID         604        0.18    0.035   0.      
GRID         605        0.185   0.035   0.      
GRID         606        0.19    0.035   0.      
GRID         607        0.195   0.035   0.      
GRID         608        0.2     0.035   0.      
GRID         609        0.205   0.035   0.      
GRID         610        0.21    0.035   0.      
GRID         611        0.215   0.035   0.      
GRID         612        0.22    0.035   0.      
GRID         613        0.225   0.035   0.      
GRID         614        0.23    0.035   0.      
GRID         615        0.235   0.035   0.      
GRID         616        0.24    0.035   0.      
GRID         617        0.245   0.035   0.      
GRID         618        0.25    0.035   0.      
GRID         619        0.255   0.035   0.      
GRID         620        0.26    0.035   0.      
GRID         621        0.265   0.035   0.      
GRID         622        0.27    0.035   0.      
GRID         623        0.275   0.035   0.      
GRID         624        0.28    0.035   0.      
GRID         625        0.285   0.035   0.      
GRID         626        0.29    0.035   0.      
GRID         627        0.295   0.035   0.      
GRID         628        0.3     0.035   0.      
GRID         629        0.305   0.035   0.      
GRID         630        0.31    0.035   0.      
GRID         631        0.315   0.035   0.      
GRID         632        0.32    0.035   0.      
GRID         633        0.325   0.035   0.      
GRID         634        0.33    0.035   0.      
GRID         635        0.335   0.035   0.      
GRID         636        0.34    0.035   0.      
GRID         637        0.345   0.035   0.      
GRID         638        0.35    0.035   0.      
GRID         639        0.355   0.035   0.      
GRID         640        0.36    0.035   0.      
GRID         641        0.365   0.035   0.      
GRID         642        0.37    0.035   0.      
GRID         643        0.375   0.035   0.      
GRID         644        0.38    0.035   0.      
GRID         645        0.385   0.035   0.      
GRID         646        0.39    0.035   0.      
GRID         647        0.395   0.035   0.      
GRID         648        0.4     0.035   0.      
GRID         649        0.      0.04    0.      
GRID         650        0.005   0.04    0.      
GRID         651        0.01    0.04    0.      
GRID         652        0.015   0.04    0.      
GRID         653        0.02    0.04    0.      
GRID         654        0.025   0.04    0.      
GRID         655        0.03    0.04    0.      
GRID         656        0.035   0.04    0.      
GRID         657        0.04    0.04    0.      
GRID         658        0.045   0.04    0.      
GRID         659        0.05    0.04    0.      
GRID         660        0.055   0.04    0.      
GRID         661        0.06    0.04    0.      
GRID         662        0.065   0.04    0.      
GRID         663        0.07    0.04    0.      
GRID         664        0.075   0.04    0.      
GRID         665        0.08    0.04    0.      
GRID         666        0.085   0.04    0.      
GRID         667        0.09    0.04    0.      
GRID         668        0.095   0.04    0.      
GRID         669        0.1     0.04    0.      
GRID         670        0.105   0.04    0.      
GRID         671        0.11    0.04    0.      
GRID         672        0.115   0.04    0.      
GRID         673        0.12    0.04    0.      
GRID         674        0.125   0.04    0.      
GRID         675        0.13    0.04    0.      
GRID         676        0.135   0.04    0.      
GRID         677        0.14    0.04    0.      
GRID         678        0.145   0.04    0.      
GRID         679        0.15    0.04    0.      
GRID         680        0.155   0.04    0.      
GRID         681        0.16    0.04    0.      
GRID         682        0.165   0.04    0.      
GRID         683        0.17    0.04    0.      
GRID         684        0.175   0.04    0.      
GRID         685        0.18    0.04    0.      
GRID         686        0.185   0.04    0.      
GRID         687        0.19    0.04    0.      
GRID         688        0.195   0.04    0.      
GRID         689        0.2     0.04    0.      
GRID         690        0.205   0.04    0.      
GRID         691        0.21    0.04    0.      
GRID         692        0.215   0.04    0.      
GRID         693        0.22    0.04    0.      
GRID         694        0.225   0.04    0.      
GRID         695        0.23    0.04    0.      
GRID         696        0.235   0.04    0.      
GRID         697        0.24    0.04    0.      
GRID         698        0.245   0.04    0.      
GRID         699        0.25    0.04    0.      
GRID         700        0.255   0.04    0.      
GRID         701        0.26    0.04    0.      
GRID         702        0.265   0.04    0.      
GRID         703        0.27    0.04    0.      
GRID         704        0.275   0.04    0.      
GRID         705        0.28    0.04    0.      
GRID         706        0.285   0.04    0.      
GRID         707        0.29    0.04    0.      
GRID         708        0.295   0.04    0.      
GRID         709        0.3     0.04    0.      
GRID         710        0.305   0.04    0.      
GRID         711        0.31    0.04    0.      
GRID         712        0.315   0.04    0.      
GRID         713        0.32    0.04    0.      
GRID         714        0.325   0.04    0.      
GRID         715        0.33    0.04    0.      
GRID         716        0.335   0.04    0.      
GRID         717        0.34    0.04    0.      
GRID         718        0.345   0.04    0.      
GRID         719        0.35    0.04    0.      
GRID         720        0.355   0.04    0.      
GRID         721        0.36    0.04    0.      
GRID         722        0.365   0.04    0.      
GRID         723        0.37    0.04    0.      
GRID         724        0.375   0.04    0.      
GRID         725        0.38    0.04    0.      
GRID         726        0.385   0.04    0.      
GRID         727        0.39    0.04    0.      
GRID         728        0.395   0.04    0.      
GRID         729        0.4     0.04    0.      
GRID         730        0.      0.045   0.      
GRID         731        0.005   0.045   0.      
GRID         732        0.01    0.045   0.      
GRID         733        0.015   0.045   0.      
GRID         734        0.02    0.045   0.      
GRID         735        0.025   0.045   0.      
GRID         736        0.03    0.045   0.      
GRID         737        0.035   0.045   0.      
GRID         738        0.04    0.045   0.      
GRID         739        0.045   0.045   0.      
GRID         740        0.05    0.045   0.      
GRID         741        0.055   0.045   0.      
GRID         742        0.06    0.045   0.      
GRID         743        0.065   0.045   0.      
GRID         744        0.07    0.045   0.      
GRID         745        0.075   0.045   0.      
GRID         746        0.08    0.045   0.      
GRID         747        0.085   0.045   0.      
GRID         748        0.09    0.045   0.      
GRID         749        0.095   0.045   0.      
GRID         750        0.1     0.045   0.      
GRID         751        0.105   0.045   0.      
GRID         752        0.11    0.045   0.      
GRID         753        0.115   0.045   0.      
GRID         754        0.12    0.045   0.      
GRID         755        0.125   0.045   0.      
GRID         756        0.13    0.045   0.      
GRID         757        0.135   0.045   0.      
GRID         758        0.14    0.045   0.      
GRID         759        0.145   0.045   0.      
GRID         760        0.15    0.045   0.      
GRID         761        0.155   0.045   0.      
GRID         762        0.16    0.045   0.      
GRID         763        0.165   0.045   0.      
GRID         764        0.17    0.045   0.      
GRID         765        0.175   0.045   0.      
GRID         766        0.18    0.045   0.      
GRID         767        0.185   0.045   0.      
GRID         768        0.19    0.045   0.      
GRID         769        0.195   0.045   0.      
GRID         770        0.2     0.045   0.      
GRID         771        0.205   0.045   0.      
GRID         772        0.21    0.045   0.      
GRID         773        0.215   0.045   0.      
GRID         774        0.22    0.045   0.      
GRID         775        0.225   0.045   0.      
GRID         776        0.23    0.045   0.      
GRID         777        0.235   0.045   0.      
GRID         778        0.24    0.045   0.      
GRID         779        0.245   0.045   0.      
GRID         780        0.25    0.045   0.      
GRID         781        0.255   0.045   0.      
GRID         782        0.26    0.045   0.      
GRID         783        0.265   0.045   0.      
GRID         784        0.27    0.045   0.      
GRID         785        0.275   0.045   0.      
GRID         786        0.28    0.045   0.      
GRID         787        0.285   0.045   0.      
GRID         788        0.29    0.045   0.      
GRID         789        0.295   0.045   0.      
GRID         790        0.3     0.045   0.      
GRID         791        0.305   0.045   0.      
GRID         792        0.31    0.045   0.      
GRID         793        0.315   0.045   0.      
GRID         794        0.32    0.045   0.      
GRID         795        0.325   0.045   0.      
GRID         796        0.33    0.045   0.      
GRID         797        0.335   0.045   0.      
GRID         798        0.34    0.045   0.      
GRID         799        0.345   0.045   0.      
GRID         800        0.35    0.045   0.      
GRID         801        0.355   0.045   0.      
GRID         802        0.36    0.045   0.      
GRID         803        0.365   0.045   0.      
GRID         804        0.37    0.045   0.      
GRID         805        0.375   0.045   0.      
GRID         806        0.38    0.045   0.      
GRID         807        0.385   0.045   0.      
GRID         808        0.39    0.045   0.      
GRID         809        0.395   0.045   0.      
GRID         810        0.4     0.045   0.      
GRID         811        0.      0.05    0.      
GRID         812        0.005   0.05    0.      
GRID         813        0.01    0.05    0.      
GRID         814        0.015   0.05    0.      
GRID         815        0.02    0.05    0.      
GRID         816        0.025   0.05    0.      
GRID         817        0.03    0.05    0.      
GRID         818        0.035   0.05    0.      
GRID         819        0.04    0.05    0.      
GRID         820        0.045   0.05    0.      
GRID         821        0.05    0.05    0.      
GRID         822        0.055   0.05    0.      
GRID         823        0.06    0.05    0.      
GRID         824        0.065   0.05    0.      
GRID         825        0.07    0.05    0.      
GRID         826        0.075   0.05    0.      
GRID         827        0.08    0.05    0.      
GRID         828        0.085   0.05    0.      
GRID         829        0.09    0.05    0.      
GRID         830        0.095   0.05    0.      
GRID         831        0.1     0.05    0.      
GRID         832        0.105   0.05    0.      
GRID         833        0.11    0.05    0.      
GRID         834        0.115   0.05    0.      
GRID         835        0.12    0.05    0.      
GRID         836        0.125   0.05    0.      
GRID         837        0.13    0.05    0.      
GRID         838        0.135   0.05    0.      
GRID         839        0.14    0.05    0.      
GRID         840        0.145   0.05    0.      
GRID         841        0.15    0.05    0.      
GRID         842        0.155   0.05    0.      
GRID         843        0.16    0.05    0.      
GRID         844        0.165   0.05    0.      
GRID         845        0.17    0.05    0.      
GRID         846        0.175   0.05    0.      
GRID         847        0.18    0.05    0.      
GRID         848        0.185   0.05    0.      
GRID         849        0.19    0.05    0.      
GRID         850        0.195   0.05    0.      
GRID         851        0.2     0.05    0.      
GRID         852        0.205   0.05    0.      
GRID         853        0.21    0.05    0.      
GRID         854        0.215   0.05    0.      
GRID         855        0.22    0.05    0.      
GRID         856        0.225   0.05    0.      
GRID         857        0.23    0.05    0.      
GRID         858        0.235   0.05    0.      
GRID         859        0.24    0.05    0.      
GRID         860        0.245   0.05    0.      
GRID         861        0.25    0.05    0.      
GRID         862        0.255   0.05    0.      
GRID         863        0.26    0.05    0.      
GRID         864        0.265   0.05    0.      
GRID         865        0.27    0.05    0.      
GRID         866        0.275   0.05    0.      
GRID         867        0.28    0.05    0.      
GRID         868        0.285   0.05    0.      
GRID         869        0.29    0.05    0.      
GRID         870        0.295   0.05    0.      
GRID         871        0.3     0.05    0.      
GRID         872        0.305   0.05    0.      
GRID         873        0.31    0.05    0.      
GRID         874        0.315   0.05    0.      
GRID         875        0.32    0.05    0.      
GRID         876        0.325   0.05    0.      
GRID         877        0.33    0.05    0.      
GRID         878        0.335   0.05    0.      
GRID         879        0.34    0.05    0.      
GRID         880        0.345   0.05    0.      
GRID         881        0.35    0.05    0.      
GRID         882        0.355   0.05    0.      
GRID         883        0.36    0.05    0.      
GRID         884        0.365   0.05    0.      
GRID         885        0.37    0.05    0.      
GRID         886        0.375   0.05    0.      
GRID         887        0.38    0.05    0.      
GRID         888        0.385   0.05    0.      
GRID         889        0.39    0.05    0.      
GRID         890        0.395   0.05    0.      
GRID         891        0.4     0.05    0.      
GRID         892        0.      0.055   0.      
GRID         893        0.005   0.055   0.      
GRID         894        0.01    0.055   0.      
GRID         895        0.015   0.055   0.      
GRID         896        0.02    0.055   0.      
GRID         897        0.025   0.055   0.      
GRID         898        0.03    0.055   0.      
GRID         899        0.035   0.055   0.      
GRID         900        0.04    0.055   0.      
GRID         901        0.045   0.055   0.      
GRID         902        0.05    0.055   0.      
GRID         903        0.055   0.055   0.      
GRID         904        0.06    0.055   0.      
GRID         905        0.065   0.055   0.      
GRID         906        0.07    0.055   0.      
GRID         907        0.075   0.055   0.      
GRID         908        0.08    0.055   0.      
GRID         909        0.085   0.055   0.      
GRID         910        0.09    0.055   0.      
GRID         911        0.095   0.055   0.      
GRID         912        0.1     0.055   0.      
GRID         913        0.105   0.055   0.      
GRID         914        0.11    0.055   0.      
GRID         915        0.115   0.055   0.      
GRID         916        0.12    0.055   0.      
GRID         917        0.125   0.055   0.      
GRID         918        0.13    0.055   0.      
GRID         919        0.135   0.055   0.      
GRID         920        0.14    0.055   0.      
GRID         921        0.145   0.055   0.      
GRID         922        0.15    0.055   0.      
GRID         923        0.155   0.055   0.      
GRID         924        0.16    0.055   0.      
GRID         925        0.165   0.055   0.      
GRID         926        0.17    0.055   0.      
GRID         927        0.175   0.055   0.      
GRID         928        0.18    0.055   0.      
GRID         929        0.185   0.055   0.      
GRID         930        0.19    0.055   0.      
GRID         931        0.195   0.055   0.      
GRID         932        0.2     0.055   0.      
GRID         933        0.205   0.055   0.      
GRID         934        0.21    0.055   0.      
GRID         935        0.215   0.055   0.      
GRID         936        0.22    0.055   0.      
GRID         937        0.225   0.055   0.      
GRID         938        0.23    0.055   0.      
GRID         939        0.235   0.055   0.      
GRID         940        0.24    0.055   0.      
GRID         941        0.245   0.055   0.      
GRID         942        0.25    0.055   0.      
GRID         943        0.255   0.055   0.      
GRID         944        0.26    0.055   0.      
GRID         945        0.265   0.055   0.      
GRID         946        0.27    0.055   0.      
GRID         947        0.275   0.055   0.      
GRID         948        0.28    0.055   0.      
GRID         949        0.285   0.055   0.      
GRID         950        0.29    0.055   0.      
GRID         951        0.295   0.055   0.      
GRID         952        0.3     0.055   0.      
GRID         953        0.305   0.055   0.      
GRID         954        0.31    0.055   0.      
GRID         955        0.315   0.055   0.      
GRID         956        0.32    0.055   0.      
GRID         957        0.325   0.055   0.      
GRID         958        0.33    0.055   0.      
GRID         959        0.335   0.055   0.      
GRID         960        0.34    0.055   0.      
GRID         961        0.345   0.055   0.      
GRID         962        0.35    0.055   0.      
GRID         963        0.355   0.055   0.      
GRID         964        0.36    0.055   0.      
GRID         965        0.365   0.055   0.      
GRID         966        0.37    0.055   0.      
GRID         967        0.375   0.055   0.      
GRID         968        0.38    0.055   0.      
GRID         969        0.385   0.055   0.      
GRID         970        0.39    0.055   0.      
GRID         971        0.395   0.055   0.      
GRID         972        0.4     0.055   0.      
GRID         973        0.      0.06    0.      
GRID         974        0.005   0.06    0.      
GRID         975        0.01    0.06    0.      
GRID         976        0.015   0.06    0.      
GRID         977        0.02    0.06    0.      
GRID         978        0.025   0.06    0.      
GRID         979        0.03    0.06    0.      
GRID         980        0.035   0.06    0.      
GRID         981        0.04    0.06    0.      
GRID         982        0.045   0.06    0.      
GRID         983        0.05    0.06    0.      
GRID         984        0.055   0.06    0.      
GRID         985        0.06    0.06    0.      
GRID         986        0.065   0.06    0.      
GRID         987        0.07    0.06    0.      
GRID         988        0.075   0.06    0.      
GRID         989        0.08    0.06    0.      
GRID         990        0.085   0.06    0.      
GRID         991        0.09    0.06    0.      
GRID         992        0.095   0.06    0.      
GRID         993        0.1     0.06    0.      
GRID         994        0.105   0.06    0.      
GRID         995        0.11    0.06    0.      
GRID         996        0.115   0.06    0.      
GRID         997        0.12    0.06    0.      
GRID         998        0.125   0.06    0.      
GRID         999        0.13    0.06    0.      
GRID        1000        0.135   0.06    0.      
GRID        1001        0.14    0.06    0.      
GRID        1002        0.145   0.06    0.      
GRID        1003        0.15    0.06    0.      
GRID        1004        0.155   0.06    0.      
GRID        1005        0.16    0.06    0.      
GRID        1006        0.165   0.06    0.      
GRID        1007        0.17    0.06    0.      
GRID        1008        0.175   0.06    0.      
GRID        1009        0.18    0.06    0.      
GRID        1010        0.185   0.06    0.      
GRID        1011        0.19    0.06    0.      
GRID        1012        0.195   0.06    0.      
GRID        1013        0.2     0.06    0.      
GRID        1014        0.205   0.06    0.      
GRID        1015        0.21    0.06    0.      
GRID        1016        0.215   0.06    0.      
GRID        1017        0.22    0.06    0.      
GRID        1018        0.225   0.06    0.      
GRID        1019        0.23    0.06    0.      
GRID        1020        0.235   0.06    0.      
GRID        1021        0.24    0.06    0.      
GRID        1022        0.245   0.06    0.      
GRID        1023        0.25    0.06    0.      
GRID        1024        0.255   0.06    0.      
GRID        1025        0.26    0.06    0.      
GRID        1026        0.265   0.06    0.      
GRID        1027        0.27    0.06    0.      
GRID        1028        0.275   0.06    0.      
GRID        1029        0.28    0.06    0.      
GRID        1030        0.285   0.06    0.      
GRID        1031        0.29    0.06    0.      
GRID        1032        0.295   0.06    0.      
GRID        1033        0.3     0.06    0.      
GRID        1034        0.305   0.06    0.      
GRID        1035        0.31    0.06    0.      
GRID        1036        0.315   0.06    0.      
GRID        1037        0.32    0.06    0.      
GRID        1038        0.325   0.06    0.      
GRID        1039        0.33    0.06    0.      
GRID        1040        0.335   0.06    0.      
GRID        1041        0.34    0.06    0.      
GRID        1042        0.345   0.06    0.      
GRID        1043        0.35    0.06    0.      
GRID        1044        0.355   0.06    0.      
GRID        1045        0.36    0.06    0.      
GRID        1046        0.365   0.06    0.      
GRID        1047        0.37    0.06    0.      
GRID        1048        0.375   0.06    0.      
GRID        1049        0.38    0.06    0.      
GRID        1050        0.385   0.06    0.      
GRID        1051        0.39    0.06    0.      
GRID        1052        0.395   0.06    0.      
GRID        1053        0.4     0.06    0.      
GRID        1054        0.      0.065   0.      
GRID        1055        0.005   0.065   0.      
GRID        1056        0.01    0.065   0.      
GRID        1057        0.015   0.065   0.      
GRID        1058        0.02    0.065   0.      
GRID        1059        0.025   0.065   0.      
GRID        1060        0.03    0.065   0.      
GRID        1061        0.035   0.065   0.      
GRID        1062        0.04    0.065   0.      
GRID        1063        0.045   0.065   0.      
GRID        1064        0.05    0.065   0.      
GRID        1065        0.055   0.065   0.      
GRID        1066        0.06    0.065   0.      
GRID        1067        0.065   0.065   0.      
GRID        1068        0.07    0.065   0.      
GRID        1069        0.075   0.065   0.      
GRID        1070        0.08    0.065   0.      
GRID        1071        0.085   0.065   0.      
GRID        1072        0.09    0.065   0.      
GRID        1073        0.095   0.065   0.      
GRID        1074        0.1     0.065   0.      
GRID        1075        0.105   0.065   0.      
GRID        1076        0.11    0.065   0.      
GRID        1077        0.115   0.065   0.      
GRID        1078        0.12    0.065   0.      
GRID        1079        0.125   0.065   0.      
GRID        1080        0.13    0.065   0.      
GRID        1081        0.135   0.065   0.      
GRID        1082        0.14    0.065   0.      
GRID        1083        0.145   0.065   0.      
GRID        1084        0.15    0.065   0.      
GRID        1085        0.155   0.065   0.      
GRID        1086        0.16    0.065   0.      
GRID        1087        0.165   0.065   0.      
GRID        1088        0.17    0.065   0.      
GRID        1089        0.175   0.065   0.      
GRID        1090        0.18    0.065   0.      
GRID        1091        0.185   0.065   0.      
GRID        1092        0.19    0.065   0.      
GRID        1093        0.195   0.065   0.      
GRID        1094        0.2     0.065   0.      
GRID        1095        0.205   0.065   0.      
GRID        1096        0.21    0.065   0.      
GRID        1097        0.215   0.065   0.      
GRID        1098        0.22    0.065   0.      
GRID        1099        0.225   0.065   0.      
GRID        1100        0.23    0.065   0.      
GRID        1101        0.235   0.065   0.      
GRID        1102        0.24    0.065   0.      
GRID        1103        0.245   0.065   0.      
GRID        1104        0.25    0.065   0.      
GRID        1105        0.255   0.065   0.      
GRID        1106        0.26    0.065   0.      
GRID        1107        0.265   0.065   0.      
GRID        1108        0.27    0.065   0.      
GRID        1109        0.275   0.065   0.      
GRID        1110        0.28    0.065   0.      
GRID        1111        0.285   0.065   0.      
GRID        1112        0.29    0.065   0.      
GRID        1113        0.295   0.065   0.      
GRID        1114        0.3     0.065   0.      
GRID        1115        0.305   0.065   0.      
GRID        1116        0.31    0.065   0.      
GRID        1117        0.315   0.065   0.      
GRID        1118        0.32    0.065   0.      
GRID        1119        0.325   0.065   0.      
GRID        1120        0.33    0.065   0.      
GRID        1121        0.335   0.065   0.      
GRID        1122        0.34    0.065   0.      
GRID        1123        0.345   0.065   0.      
GRID        1124        0.35    0.065   0.      
GRID        1125        0.355   0.065   0.      
GRID        1126        0.36    0.065   0.      
GRID        1127        0.365   0.065   0.      
GRID        1128        0.37    0.065   0.      
GRID        1129        0.375   0.065   0.      
GRID        1130        0.38    0.065   0.      
GRID        1131        0.385   0.065   0.      
GRID        1132        0.39    0.065   0.      
GRID        1133        0.395   0.065   0.      
GRID        1134        0.4     0.065   0.      
GRID        1135        0.      0.07    0.      
GRID        1136        0.005   0.07    0.      
GRID        1137        0.01    0.07    0.      
GRID        1138        0.015   0.07    0.      
GRID        1139        0.02    0.07    0.      
GRID        1140        0.025   0.07    0.      
GRID        1141        0.03    0.07    0.      
GRID        1142        0.035   0.07    0.      
GRID        1143        0.04    0.07    0.      
GRID        1144        0.045   0.07    0.      
GRID        1145        0.05    0.07    0.      
GRID        1146        0.055   0.07    0.      
GRID        1147        0.06    0.07    0.      
GRID        1148        0.065   0.07    0.      
GRID        1149        0.07    0.07    0.      
GRID        1150        0.075   0.07    0.      
GRID        1151        0.08    0.07    0.      
GRID        1152        0.085   0.07    0.      
GRID        1153        0.09    0.07    0.      
GRID        1154        0.095   0.07    0.      
GRID        1155        0.1     0.07    0.      
GRID        1156        0.105   0.07    0.      
GRID        1157        0.11    0.07    0.      
GRID        1158        0.115   0.07    0.      
GRID        1159        0.12    0.07    0.      
GRID        1160        0.125   0.07    0.      
GRID        1161        0.13    0.07    0.      
GRID        1162        0.135   0.07    0.      
GRID        1163        0.14    0.07    0.      
GRID        1164        0.145   0.07    0.      
GRID        1165        0.15    0.07    0.      
GRID        1166        0.155   0.07    0.      
GRID        1167        0.16    0.07    0.      
GRID        1168        0.165   0.07    0.      
GRID        1169        0.17    0.07    0.      
GRID        1170        0.175   0.07    0.      
GRID        1171        0.18    0.07    0.      
GRID        1172        0.185   0.07    0.      
GRID        1173        0.19    0.07    0.      
GRID        1174        0.195   0.07    0.      
GRID        1175        0.2     0.07    0.      
GRID        1176        0.205   0.07    0.      
GRID        1177        0.21    0.07    0.      
GRID        1178        0.215   0.07    0.      
GRID        1179        0.22    0.07    0.      
GRID        1180        0.225   0.07    0.      
GRID        1181        0.23    0.07    0.      
GRID        1182        0.235   0.07    0.      
GRID        1183        0.24    0.07    0.      
GRID        1184        0.245   0.07    0.      
GRID        1185        0.25    0.07    0.      
GRID        1186        0.255   0.07    0.      
GRID        1187        0.26    0.07    0.      
GRID        1188        0.265   0.07    0.      
GRID        1189        0.27    0.07    0.      
GRID        1190        0.275   0.07    0.      
GRID        1191        0.28    0.07    0.      
GRID        1192        0.285   0.07    0.      
GRID        1193        0.29    0.07    0.      
GRID        1194        0.295   0.07    0.      
GRID        1195        0.3     0.07    0.      
GRID        1196        0.305   0.07    0.      
GRID        1197        0.31    0.07    0.      
GRID        1198        0.315   0.07    0.      
GRID        1199        0.32    0.07    0.      
GRID        1200        0.325   0.07    0.      
GRID        1201        0.33    0.07    0.      
GRID        1202        0.335   0.07    0.      
GRID        1203        0.34    0.07    0.      
GRID        1204        0.345   0.07    0.      
GRID        1205        0.35    0.07    0.      
GRID        1206        0.355   0.07    0.      
GRID        1207        0.36    0.07    0.      
GRID        1208        0.365   0.07    0.      
GRID        1209        0.37    0.07    0.      
GRID        1210        0.375   0.07    0.      
GRID        1211        0.38    0.07    0.      
GRID        1212        0.385   0.07    0.      
GRID        1213        0.39    0.07    0.      
GRID        1214        0.395   0.07    0.      
GRID        1215        0.4     0.07    0.      
GRID        1216        0.      0.075   0.      
GRID        1217        0.005   0.075   0.      
GRID        1218        0.01    0.075   0.      
GRID        1219        0.015   0.075   0.      
GRID        1220        0.02    0.075   0.      
GRID        1221        0.025   0.075   0.      
GRID        1222        0.03    0.075   0.      
GRID        1223        0.035   0.075   0.      
GRID        1224        0.04    0.075   0.      
GRID        1225        0.045   0.075   0.      
GRID        1226        0.05    0.075   0.      
GRID        1227        0.055   0.075   0.      
GRID        1228        0.06    0.075   0.      
GRID        1229        0.065   0.075   0.      
GRID        1230        0.07    0.075   0.      
GRID        1231        0.075   0.075   0.      
GRID        1232        0.08    0.075   0.      
GRID        1233        0.085   0.075   0.      
GRID        1234        0.09    0.075   0.      
GRID        1235        0.095   0.075   0.      
GRID        1236        0.1     0.075   0.      
GRID        1237        0.105   0.075   0.      
GRID        1238        0.11    0.075   0.      
GRID        1239        0.115   0.075   0.      
GRID        1240        0.12    0.075   0.      
GRID        1241        0.125   0.075   0.      
GRID        1242        0.13    0.075   0.      
GRID        1243        0.135   0.075   0.      
GRID        1244        0.14    0.075   0.      
GRID        1245        0.145   0.075   0.      
GRID        1246        0.15    0.075   0.      
GRID        1247        0.155   0.075   0.      
GRID        1248        0.16    0.075   0.      
GRID        1249        0.165   0.075   0.      
GRID        1250        0.17    0.075   0.      
GRID        1251        0.175   0.075   0.      
GRID        1252        0.18    0.075   0.      
GRID        1253        0.185   0.075   0.      
GRID        1254        0.19    0.075   0.      
GRID        1255        0.195   0.075   0.      
GRID        1256        0.2     0.075   0.      
GRID        1257        0.205   0.075   0.      
GRID        1258        0.21    0.075   0.      
GRID        1259        0.215   0.075   0.      
GRID        1260        0.22    0.075   0.      
GRID        1261        0.225   0.075   0.      
GRID        1262        0.23    0.075   0.      
GRID        1263        0.235   0.075   0.      
GRID        1264        0.24    0.075   0.      
GRID        1265        0.245   0.075   0.      
GRID        1266        0.25    0.075   0.      
GRID        1267        0.255   0.075   0.      
GRID        1268        0.26    0.075   0.      
GRID        1269        0.265   0.075   0.      
GRID        1270        0.27    0.075   0.      
GRID        1271        0.275   0.075   0.      
GRID        1272        0.28    0.075   0.      
GRID        1273        0.285   0.075   0.      
GRID        1274        0.29    0.075   0.      
GRID        1275        0.295   0.075   0.      
GRID        1276        0.3     0.075   0.      
GRID        1277        0.305   0.075   0.      
GRID        1278        0.31    0.075   0.      
GRID        1279        0.315   0.075   0.      
GRID        1280        0.32    0.075   0.      
GRID        1281        0.325   0.075   0.      
GRID        1282        0.33    0.075   0.      
GRID        1283        0.335   0.075   0.      
GRID        1284        0.34    0.075   0.      
GRID        1285        0.345   0.075   0.      
GRID        1286        0.35    0.075   0.      
GRID        1287        0.355   0.075   0.      
GRID        1288        0.36    0.075   0.      
GRID        1289        0.365   0.075   0.      
GRID        1290        0.37    0.075   0.      
GRID        1291        0.375   0.075   0.      
GRID        1292        0.38    0.075   0.      
GRID        1293        0.385   0.075   0.      
GRID        1294        0.39    0.075   0.      
GRID        1295        0.395   0.075   0.      
GRID        1296        0.4     0.075   0.      
GRID        1297        0.      0.08    0.      
GRID        1298        0.005   0.08    0.      
GRID        1299        0.01    0.08    0.      
GRID        1300        0.015   0.08    0.      
GRID        1301        0.02    0.08    0.      
GRID        1302        0.025   0.08    0.      
GRID        1303        0.03    0.08    0.      
GRID        1304        0.035   0.08    0.      
GRID        1305        0.04    0.08    0.      
GRID        1306        0.045   0.08    0.      
GRID        1307        0.05    0.08    0.      
GRID        1308        0.055   0.08    0.      
GRID        1309        0.06    0.08    0.      
GRID        1310        0.065   0.08    0.      
GRID        1311        0.07    0.08    0.      
GRID        1312        0.075   0.08    0.      
GRID        1313        0.08    0.08    0.      
GRID        1314        0.085   0.08    0.      
GRID        1315        0.09    0.08    0.      
GRID        1316        0.095   0.08    0.      
GRID        1317        0.1     0.08    0.      
GRID        1318        0.105   0.08    0.      
GRID        1319        0.11    0.08    0.      
GRID        1320        0.115   0.08    0.      
GRID        1321        0.12    0.08    0.      
GRID        1322        0.125   0.08    0.      
GRID        1323        0.13    0.08    0.      
GRID        1324        0.135   0.08    0.      
GRID        1325        0.14    0.08    0.      
GRID        1326        0.145   0.08    0.      
GRID        1327        0.15    0.08    0.      
GRID        1328        0.155   0.08    0.      
GRID        1329        0.16    0.08    0.      
GRID        1330        0.165   0.08    0.      
GRID        1331        0.17    0.08    0.      
GRID        1332        0.175   0.08    0.      
GRID        1333        0.18    0.08    0.      
GRID        1334        0.185   0.08    0.      
GRID        1335        0.19    0.08    0.      
GRID        1336        0.195   0.08    0.      
GRID        1337        0.2     0.08    0.      
GRID        1338        0.205   0.08    0.      
GRID        1339        0.21    0.08    0.      
GRID        1340        0.215   0.08    0.      
GRID        1341        0.22    0.08    0.      
GRID        1342        0.225   0.08    0.      
GRID        1343        0.23    0.08    0.      
GRID        1344        0.235   0.08    0.      
GRID        1345        0.24    0.08    0.      
GRID        1346        0.245   0.08    0.      
GRID        1347        0.25    0.08    0.      
GRID        1348        0.255   0.08    0.      
GRID        1349        0.26    0.08    0.      
GRID        1350        0.265   0.08    0.      
GRID        1351        0.27    0.08    0.      
GRID        1352        0.275   0.08    0.      
GRID        1353        0.28    0.08    0.      
GRID        1354        0.285   0.08    0.      
GRID        1355        0.29    0.08    0.      
GRID        1356        0.295   0.08    0.      
GRID        1357        0.3     0.08    0.      
GRID        1358        0.305   0.08    0.      
GRID        1359        0.31    0.08    0.      
GRID        1360        0.315   0.08    0.      
GRID        1361        0.32    0.08    0.      
GRID        1362        0.325   0.08    0.      
GRID        1363        0.33    0.08    0.      
GRID        1364        0.335   0.08    0.      
GRID        1365        0.34    0.08    0.      
GRID        1366        0.345   0.08    0.      
GRID        1367        0.35    0.08    0.      
GRID        1368        0.355   0.08    0.      
GRID        1369        0.36    0.08    0.      
GRID        1370        0.365   0.08    0.      
GRID        1371        0.37    0.08    0.      
GRID        1372        0.375   0.08    0.      
GRID        1373        0.38    0.08    0.      
GRID        1374        0.385   0.08    0.      
GRID        1375        0.39    0.08    0.      
GRID        1376        0.395   0.08    0.      
GRID        1377        0.4     0.08    0.      
GRID        1378        0.      0.085   0.      
GRID        1379        0.005   0.085   0.      
GRID        1380        0.01    0.085   0.      
GRID        1381        0.015   0.085   0.      
GRID        1382        0.02    0.085   0.      
GRID        1383        0.025   0.085   0.      
GRID        1384        0.03    0.085   0.      
GRID        1385        0.035   0.085   0.      
GRID        1386        0.04    0.085   0.      
GRID        1387        0.045   0.085   0.      
GRID        1388        0.05    0.085   0.      
GRID        1389        0.055   0.085   0.      
GRID        1390        0.06    0.085   0.      
GRID        1391        0.065   0.085   0.      
GRID        1392        0.07    0.085   0.      
GRID        1393        0.075   0.085   0.      
GRID        1394        0.08    0.085   0.      
GRID        1395        0.085   0.085   0.      
GRID        1396        0.09    0.085   0.      
GRID        1397        0.095   0.085   0.      
GRID        1398        0.1     0.085   0.      
GRID        1399        0.105   0.085   0.      
GRID        1400        0.11    0.085   0.      
GRID        1401        0.115   0.085   0.      
GRID        1402        0.12    0.085   0.      
GRID        1403        0.125   0.085   0.      
GRID        1404        0.13    0.085   0.      
GRID        1405        0.135   0.085   0.      
GRID        1406        0.14    0.085   0.      
GRID        1407        0.145   0.085   0.      
GRID        1408        0.15    0.085   0.      
GRID        1409        0.155   0.085   0.      
GRID        1410        0.16    0.085   0.      
GRID        1411        0.165   0.085   0.      
GRID        1412        0.17    0.085   0.      
GRID        1413        0.175   0.085   0.      
GRID        1414        0.18    0.085   0.      
GRID        1415        0.185   0.085   0.      
GRID        1416        0.19    0.085   0.      
GRID        1417        0.195   0.085   0.      
GRID        1418        0.2     0.085   0.      
GRID        1419        0.205   0.085   0.      
GRID        1420        0.21    0.085   0.      
GRID        1421        0.215   0.085   0.      
GRID        1422        0.22    0.085   0.      
GRID        1423        0.225   0.085   0.      
GRID        1424        0.23    0.085   0.      
GRID        1425        0.235   0.085   0.      
GRID        1426        0.24    0.085   0.      
GRID        1427        0.245   0.085   0.      
GRID        1428        0.25    0.085   0.      
GRID        1429        0.255   0.085   0.      
GRID        1430        0.26    0.085   0.      
GRID        1431        0.265   0.085   0.      
GRID        1432        0.27    0.085   0.      
GRID        1433        0.275   0.085   0.      
GRID        1434        0.28    0.085   0.      
GRID        1435        0.285   0.085   0.      
GRID        1436        0.29    0.085   0.      
GRID        1437        0.295   0.085   0.      
GRID        1438        0.3     0.085   0.      
GRID        1439        0.305   0.085   0.      
GRID        1440        0.31    0.085   0.      
GRID        1441        0.315   0.085   0.      
GRID        1442        0.32    0.085   0.      
GRID        1443        0.325   0.085   0.      
GRID        1444        0.33    0.085   0.      
GRID        1445        0.335   0.085   0.      
GRID        1446        0.34    0.085   0.      
GRID        1447        0.345   0.085   0.      
GRID        1448        0.35    0.085   0.      
GRID        1449        0.355   0.085   0.      
GRID        1450        0.36    0.085   0.      
GRID        1451        0.365   0.085   0.      
GRID        1452        0.37    0.085   0.      
GRID        1453        0.375   0.085   0.      
GRID        1454        0.38    0.085   0.      
GRID        1455        0.385   0.085   0.      
GRID        1456        0.39    0.085   0.      
GRID        1457        0.395   0.085   0.      
GRID        1458        0.4     0.085   0.      
GRID        1459        0.      0.09    0.      
GRID        1460        0.005   0.09    0.      
GRID        1461        0.01    0.09    0.      
GRID        1462        0.015   0.09    0.      
GRID        1463        0.02    0.09    0.      
GRID        1464        0.025   0.09    0.      
GRID        1465        0.03    0.09    0.      
GRID        1466        0.035   0.09    0.      
GRID        1467        0.04    0.09    0.      
GRID        1468        0.045   0.09    0.      
GRID        1469        0.05    0.09    0.      
GRID        1470        0.055   0.09    0.      
GRID        1471        0.06    0.09    0.      
GRID        1472        0.065   0.09    0.      
GRID        1473        0.07    0.09    0.      
GRID        1474        0.075   0.09    0.      
GRID        1475        0.08    0.09    0.      
GRID        1476        0.085   0.09    0.      
GRID        1477        0.09    0.09    0.      
GRID        1478        0.095   0.09    0.      
GRID        1479        0.1     0.09    0.      
GRID        1480        0.105   0.09    0.      
GRID        1481        0.11    0.09    0.      
GRID        1482        0.115   0.09    0.      
GRID        1483        0.12    0.09    0.      
GRID        1484        0.125   0.09    0.      
GRID        1485        0.13    0.09    0.      
GRID        1486        0.135   0.09    0.      
GRID        1487        0.14    0.09    0.      
GRID        1488        0.145   0.09    0.      
GRID        1489        0.15    0.09    0.      
GRID        1490        0.155   0.09    0.      
GRID        1491        0.16    0.09    0.      
GRID        1492        0.165   0.09    0.      
GRID        1493        0.17    0.09    0.      
GRID        1494        0.175   0.09    0.      
GRID        1495        0.18    0.09    0.      
GRID        1496        0.185   0.09    0.      
GRID        1497        0.19    0.09    0.      
GRID        1498        0.195   0.09    0.      
GRID        1499        0.2     0.09    0.      
GRID        1500        0.205   0.09    0.      
GRID        1501        0.21    0.09    0.      
GRID        1502        0.215   0.09    0.      
GRID        1503        0.22    0.09    0.      
GRID        1504        0.225   0.09    0.      
GRID        1505        0.23    0.09    0.      
GRID        1506        0.235   0.09    0.      
GRID        1507        0.24    0.09    0.      
GRID        1508        0.245   0.09    0.      
GRID        1509        0.25    0.09    0.      
GRID        1510        0.255   0.09    0.      
GRID        1511        0.26    0.09    0.      
GRID        1512        0.265   0.09    0.      
GRID        1513        0.27    0.09    0.      
GRID        1514        0.275   0.09    0.      
GRID        1515        0.28    0.09    0.      
GRID        1516        0.285   0.09    0.      
GRID        1517        0.29    0.09    0.      
GRID        1518        0.295   0.09    0.      
GRID        1519        0.3     0.09    0.      
GRID        1520        0.305   0.09    0.      
GRID        1521        0.31    0.09    0.      
GRID        1522        0.315   0.09    0.      
GRID        1523        0.32    0.09    0.      
GRID        1524        0.325   0.09    0.      
GRID        1525        0.33    0.09    0.      
GRID        1526        0.335   0.09    0.      
GRID        1527        0.34    0.09    0.      
GRID        1528        0.345   0.09    0.      
GRID        1529        0.35    0.09    0.      
GRID        1530        0.355   0.09    0.      
GRID        1531        0.36    0.09    0.      
GRID        1532        0.365   0.09    0.      
GRID        1533        0.37    0.09    0.      
GRID        1534        0.375   0.09    0.      
GRID        1535        0.38    0.09    0.      
GRID        1536        0.385   0.09    0.      
GRID        1537        0.39    0.09    0.      
GRID        1538        0.395   0.09    0.      
GRID        1539        0.4     0.09    0.      
GRID        1540        0.      0.095   0.      
GRID        1541        0.005   0.095   0.      
GRID        1542        0.01    0.095   0.      
GRID        1543        0.015   0.095   0.      
GRID        1544        0.02    0.095   0.      
GRID        1545        0.025   0.095   0.      
GRID        1546        0.03    0.095   0.      
GRID        1547        0.035   0.095   0.      
GRID        1548        0.04    0.095   0.      
GRID        1549        0.045   0.095   0.      
GRID        1550        0.05    0.095   0.      
GRID        1551        0.055   0.095   0.      
GRID        1552        0.06    0.095   0.      
GRID        1553        0.065   0.095   0.      
GRID        1554        0.07    0.095   0.      
GRID        1555        0.075   0.095   0.      
GRID        1556        0.08    0.095   0.      
GRID        1557        0.085   0.095   0.      
GRID        1558        0.09    0.095   0.      
GRID        1559        0.095   0.095   0.      
GRID        1560        0.1     0.095   0.      
GRID        1561        0.105   0.095   0.      
GRID        1562        0.11    0.095   0.      
GRID        1563        0.115   0.095   0.      
GRID        1564        0.12    0.095   0.      
GRID        1565        0.125   0.095   0.      
GRID        1566        0.13    0.095   0.      
GRID        1567        0.135   0.095   0.      
GRID        1568        0.14    0.095   0.      
GRID        1569        0.145   0.095   0.      
GRID        1570        0.15    0.095   0.      
GRID        1571        0.155   0.095   0.      
GRID        1572        0.16    0.095   0.      
GRID        1573        0.165   0.095   0.      
GRID        1574        0.17    0.095   0.      
GRID        1575        0.175   0.095   0.      
GRID        1576        0.18    0.095   0.      
GRID        1577        0.185   0.095   0.      
GRID        1578        0.19    0.095   0.      
GRID        1579        0.195   0.095   0.      
GRID        1580        0.2     0.095   0.      
GRID        1581        0.205   0.095   0.      
GRID        1582        0.21    0.095   0.      
GRID        1583        0.215   0.095   0.      
GRID        1584        0.22    0.095   0.      
GRID        1585        0.225   0.095   0.      
GRID        1586        0.23    0.095   0.      
GRID        1587        0.235   0.095   0.      
GRID        1588        0.24    0.095   0.      
GRID        1589        0.245   0.095   0.      
GRID        1590        0.25    0.095   0.      
GRID        1591        0.255   0.095   0.      
GRID        1592        0.26    0.095   0.      
GRID        1593        0.265   0.095   0.      
GRID        1594        0.27    0.095   0.      
GRID        1595        0.275   0.095   0.      
GRID        1596        0.28    0.095   0.      
GRID        1597        0.285   0.095   0.      
GRID        1598        0.29    0.095   0.      
GRID        1599        0.295   0.095   0.      
GRID        1600        0.3     0.095   0.      
GRID        1601        0.305   0.095   0.      
GRID        1602        0.31    0.095   0.      
GRID        1603        0.315   0.095   0.      
GRID        1604        0.32    0.095   0.      
GRID        1605        0.325   0.095   0.      
GRID        1606        0.33    0.095   0.      
GRID        1607        0.335   0.095   0.      
GRID        1608        0.34    0.095   0.      
GRID        1609        0.345   0.095   0.      
GRID        1610        0.35    0.095   0.      
GRID        1611        0.355   0.095   0.      
GRID        1612        0.36    0.095   0.      
GRID        1613        0.365   0.095   0.      
GRID        1614        0.37    0.095   0.      
GRID        1615        0.375   0.095   0.      
GRID        1616        0.38    0.095   0.      
GRID        1617        0.385   0.095   0.      
GRID        1618        0.39    0.095   0.      
GRID        1619        0.395   0.095   0.      
GRID        1620        0.4     0.095   0.      
GRID        1621        0.      0.1     0.      
GRID        1622        0.005   0.1     0.      
GRID        1623        0.01    0.1     0.      
GRID        1624        0.015   0.1     0.      
GRID        1625        0.02    0.1     0.      
GRID        1626        0.025   0.1     0.      
GRID        1627        0.03    0.1     0.      
GRID        1628        0.035   0.1     0.      
GRID        1629        0.04    0.1     0.      
GRID        1630        0.045   0.1     0.      
GRID        1631        0.05    0.1     0.      
GRID        1632        0.055   0.1     0.      
GRID        1633        0.06    0.1     0.      
GRID        1634        0.065   0.1     0.      
GRID        1635        0.07    0.1     0.      
GRID        1636        0.075   0.1     0.      
GRID        1637        0.08    0.1     0.      
GRID        1638        0.085   0.1     0.      
GRID        1639        0.09    0.1     0.      
GRID        1640        0.095   0.1     0.      
GRID        1641        0.1     0.1     0.      
GRID        1642        0.105   0.1     0.      
GRID        1643        0.11    0.1     0.      
GRID        1644        0.115   0.1     0.      
GRID        1645        0.12    0.1     0.      
GRID        1646        0.125   0.1     0.      
GRID        1647        0.13    0.1     0.      
GRID        1648        0.135   0.1     0.      
GRID        1649        0.14    0.1     0.      
GRID        1650        0.145   0.1     0.      
GRID        1651        0.15    0.1     0.      
GRID        1652        0.155   0.1     0.      
GRID        1653        0.16    0.1     0.      
GRID        1654        0.165   0.1     0.      
GRID        1655        0.17    0.1     0.      
GRID        1656        0.175   0.1     0.      
GRID        1657        0.18    0.1     0.      
GRID        1658        0.185   0.1     0.      
GRID        1659        0.19    0.1     0.      
GRID        1660        0.195   0.1     0.      
GRID        1661        0.2     0.1     0.      
GRID        1662        0.205   0.1     0.      
GRID        1663        0.21    0.1     0.      
GRID        1664        0.215   0.1     0.      
GRID        1665        0.22    0.1     0.      
GRID        1666        0.225   0.1     0.      
GRID        1667        0.23    0.1     0.      
GRID        1668        0.235   0.1     0.      
GRID        1669        0.24    0.1     0.      
GRID        1670        0.245   0.1     0.      
GRID        1671        0.25    0.1     0.      
GRID        1672        0.255   0.1     0.      
GRID        1673        0.26    0.1     0.      
GRID        1674        0.265   0.1     0.      
GRID        1675        0.27    0.1     0.      
GRID        1676        0.275   0.1     0.      
GRID        1677        0.28    0.1     0.      
GRID        1678        0.285   0.1     0.      
GRID        1679        0.29    0.1     0.      
GRID        1680        0.295   0.1     0.      
GRID        1681        0.3     0.1     0.      
GRID        1682        0.305   0.1     0.      
GRID        1683        0.31    0.1     0.      
GRID        1684        0.315   0.1     0.      
GRID        1685        0.32    0.1     0.      
GRID        1686        0.325   0.1     0.      
GRID        1687        0.33    0.1     0.      
GRID        1688        0.335   0.1     0.      
GRID        1689        0.34    0.1     0.      
GRID        1690        0.345   0.1     0.      
GRID        1691        0.35    0.1     0.      
GRID        1692        0.355   0.1     0.      
GRID        1693        0.36    0.1     0.      
GRID        1694        0.365   0.1     0.      
GRID        1695        0.37    0.1     0.      
GRID        1696        0.375   0.1     0.      
GRID        1697        0.38    0.1     0.      
GRID        1698        0.385   0.1     0.      
GRID        1699        0.39    0.1     0.      
GRID        1700        0.395   0.1     0.      
GRID        1701        0.4     0.1     0.      
GRID        1702        0.      0.105   0.      
GRID        1703        0.005   0.105   0.      
GRID        1704        0.01    0.105   0.      
GRID        1705        0.015   0.105   0.      
GRID        1706        0.02    0.105   0.      
GRID        1707        0.025   0.105   0.      
GRID        1708        0.03    0.105   0.      
GRID        1709        0.035   0.105   0.      
GRID        1710        0.04    0.105   0.      
GRID        1711        0.045   0.105   0.      
GRID        1712        0.05    0.105   0.      
GRID        1713        0.055   0.105   0.      
GRID        1714        0.06    0.105   0.      
GRID        1715        0.065   0.105   0.      
GRID        1716        0.07    0.105   0.      
GRID        1717        0.075   0.105   0.      
GRID        1718        0.08    0.105   0.      
GRID        1719        0.085   0.105   0.      
GRID        1720        0.09    0.105   0.      
GRID        1721        0.095   0.105   0.      
GRID        1722        0.1     0.105   0.      
GRID        1723        0.105   0.105   0.      
GRID        1724        0.11    0.105   0.      
GRID        1725        0.115   0.105   0.      
GRID        1726        0.12    0.105   0.      
GRID        1727        0.125   0.105   0.      
GRID        1728        0.13    0.105   0.      
GRID        1729        0.135   0.105   0.      
GRID        1730        0.14    0.105   0.      
GRID        1731        0.145   0.105   0.      
GRID        1732        0.15    0.105   0.      
GRID        1733        0.155   0.105   0.      
GRID        1734        0.16    0.105   0.      
GRID        1735        0.165   0.105   0.      
GRID        1736        0.17    0.105   0.      
GRID        1737        0.175   0.105   0.      
GRID        1738        0.18    0.105   0.      
GRID        1739        0.185   0.105   0.      
GRID        1740        0.19    0.105   0.      
GRID        1741        0.195   0.105   0.      
GRID        1742        0.2     0.105   0.      
GRID        1743        0.205   0.105   0.      
GRID        1744        0.21    0.105   0.      
GRID        1745        0.215   0.105   0.      
GRID        1746        0.22    0.105   0.      
GRID        1747        0.225   0.105   0.      
GRID        1748        0.23    0.105   0.      
GRID        1749        0.235   0.105   0.      
GRID        1750        0.24    0.105   0.      
GRID        1751        0.245   0.105   0.      
GRID        1752        0.25    0.105   0.      
GRID        1753        0.255   0.105   0.      
GRID        1754        0.26    0.105   0.      
GRID        1755        0.265   0.105   0.      
GRID        1756        0.27    0.105   0.      
GRID        1757        0.275   0.105   0.      
GRID        1758        0.28    0.105   0.      
GRID        1759        0.285   0.105   0.      
GRID        1760        0.29    0.105   0.      
GRID        1761        0.295   0.105   0.      
GRID        1762        0.3     0.105   0.      
GRID        1763        0.305   0.105   0.      
GRID        1764        0.31    0.105   0.      
GRID        1765        0.315   0.105   0.      
GRID        1766        0.32    0.105   0.      
GRID        1767        0.325   0.105   0.      
GRID        1768        0.33    0.105   0.      
GRID        1769        0.335   0.105   0.      
GRID        1770        0.34    0.105   0.      
GRID        1771        0.345   0.105   0.      
GRID        1772        0.35    0.105   0.      
GRID        1773        0.355   0.105   0.      
GRID        1774        0.36    0.105   0.      
GRID        1775        0.365   0.105   0.      
GRID        1776        0.37    0.105   0.      
GRID        1777        0.375   0.105   0.      
GRID        1778        0.38    0.105   0.      
GRID        1779        0.385   0.105   0.      
GRID        1780        0.39    0.105   0.      
GRID        1781        0.395   0.105   0.      
GRID        1782        0.4     0.105   0.      
GRID        1783        0.      0.11    0.      
GRID        1784        0.005   0.11    0.      
GRID        1785        0.01    0.11    0.      
GRID        1786        0.015   0.11    0.      
GRID        1787        0.02    0.11    0.      
GRID        1788        0.025   0.11    0.      
GRID        1789        0.03    0.11    0.      
GRID        1790        0.035   0.11    0.      
GRID        1791        0.04    0.11    0.      
GRID        1792        0.045   0.11    0.      
GRID        1793        0.05    0.11    0.      
GRID        1794        0.055   0.11    0.      
GRID        1795        0.06    0.11    0.      
GRID        1796        0.065   0.11    0.      
GRID        1797        0.07    0.11    0.      
GRID        1798        0.075   0.11    0.      
GRID        1799        0.08    0.11    0.      
GRID        1800        0.085   0.11    0.      
GRID        1801        0.09    0.11    0.      
GRID        1802        0.095   0.11    0.      
GRID        1803        0.1     0.11    0.      
GRID        1804        0.105   0.11    0.      
GRID        1805        0.11    0.11    0.      
GRID        1806        0.115   0.11    0.      
GRID        1807        0.12    0.11    0.      
GRID        1808        0.125   0.11    0.      
GRID        1809        0.13    0.11    0.      
GRID        1810        0.135   0.11    0.      
GRID        1811        0.14    0.11    0.      
GRID        1812        0.145   0.11    0.      
GRID        1813        0.15    0.11    0.      
GRID        1814        0.155   0.11    0.      
GRID        1815        0.16    0.11    0.      
GRID        1816        0.165   0.11    0.      
GRID        1817        0.17    0.11    0.      
GRID        1818        0.175   0.11    0.      
GRID        1819        0.18    0.11    0.      
GRID        1820        0.185   0.11    0.      
GRID        1821        0.19    0.11    0.      
GRID        1822        0.195   0.11    0.      
GRID        1823        0.2     0.11    0.      
GRID        1824        0.205   0.11    0.      
GRID        1825        0.21    0.11    0.      
GRID        1826        0.215   0.11    0.      
GRID        1827        0.22    0.11    0.      
GRID        1828        0.225   0.11    0.      
GRID        1829        0.23    0.11    0.      
GRID        1830        0.235   0.11    0.      
GRID        1831        0.24    0.11    0.      
GRID        1832        0.245   0.11    0.      
GRID        1833        0.25    0.11    0.      
GRID        1834        0.255   0.11    0.      
GRID        1835        0.26    0.11    0.      
GRID        1836        0.265   0.11    0.      
GRID        1837        0.27    0.11    0.      
GRID        1838        0.275   0.11    0.      
GRID        1839        0.28    0.11    0.      
GRID        1840        0.285   0.11    0.      
GRID        1841        0.29    0.11    0.      
GRID        1842        0.295   0.11    0.      
GRID        1843        0.3     0.11    0.      
GRID        1844        0.305   0.11    0.      
GRID        1845        0.31    0.11    0.      
GRID        1846        0.315   0.11    0.      
GRID        1847        0.32    0.11    0.      
GRID        1848        0.325   0.11    0.      
GRID        1849        0.33    0.11    0.      
GRID        1850        0.335   0.11    0.      
GRID        1851        0.34    0.11    0.      
GRID        1852        0.345   0.11    0.      
GRID        1853        0.35    0.11    0.      
GRID        1854        0.355   0.11    0.      
GRID        1855        0.36    0.11    0.      
GRID        1856        0.365   0.11    0.      
GRID        1857        0.37    0.11    0.      
GRID        1858        0.375   0.11    0.      
GRID        1859        0.38    0.11    0.      
GRID        1860        0.385   0.11    0.      
GRID        1861        0.39    0.11    0.      
GRID        1862        0.395   0.11    0.      
GRID        1863        0.4     0.11    0.      
GRID        1864        0.      0.115   0.      
GRID        1865        0.005   0.115   0.      
GRID        1866        0.01    0.115   0.      
GRID        1867        0.015   0.115   0.      
GRID        1868        0.02    0.115   0.      
GRID        1869        0.025   0.115   0.      
GRID        1870        0.03    0.115   0.      
GRID        1871        0.035   0.115   0.      
GRID        1872        0.04    0.115   0.      
GRID        1873        0.045   0.115   0.      
GRID        1874        0.05    0.115   0.      
GRID        1875        0.055   0.115   0.      
GRID        1876        0.06    0.115   0.      
GRID        1877        0.065   0.115   0.      
GRID        1878        0.07    0.115   0.      
GRID        1879        0.075   0.115   0.      
GRID        1880        0.08    0.115   0.      
GRID        1881        0.085   0.115   0.      
GRID        1882        0.09    0.115   0.      
GRID        1883        0.095   0.115   0.      
GRID        1884        0.1     0.115   0.      
GRID        1885        0.105   0.115   0.      
GRID        1886        0.11    0.115   0.      
GRID        1887        0.115   0.115   0.      
GRID        1888        0.12    0.115   0.      
GRID        1889        0.125   0.115   0.      
GRID        1890        0.13    0.115   0.      
GRID        1891        0.135   0.115   0.      
GRID        1892        0.14    0.115   0.      
GRID        1893        0.145   0.115   0.      
GRID        1894        0.15    0.115   0.      
GRID        1895        0.155   0.115   0.      
GRID        1896        0.16    0.115   0.      
GRID        1897        0.165   0.115   0.      
GRID        1898        0.17    0.115   0.      
GRID        1899        0.175   0.115   0.      
GRID        1900        0.18    0.115   0.      
GRID        1901        0.185   0.115   0.      
GRID        1902        0.19    0.115   0.      
GRID        1903        0.195   0.115   0.      
GRID        1904        0.2     0.115   0.      
GRID        1905        0.205   0.115   0.      
GRID        1906        0.21    0.115   0.      
GRID        1907        0.215   0.115   0.      
GRID        1908        0.22    0.115   0.      
GRID        1909        0.225   0.115   0.      
GRID        1910        0.23    0.115   0.      
GRID        1911        0.235   0.115   0.      
GRID        1912        0.24    0.115   0.      
GRID        1913        0.245   0.115   0.      
GRID        1914        0.25    0.115   0.      
GRID        1915        0.255   0.115   0.      
GRID        1916        0.26    0.115   0.      
GRID        1917        0.265   0.115   0.      
GRID        1918        0.27    0.115   0.      
GRID        1919        0.275   0.115   0.      
GRID        1920        0.28    0.115   0.      
GRID        1921        0.285   0.115   0.      
GRID        1922        0.29    0.115   0.      
GRID        1923        0.295   0.115   0.      
GRID        1924        0.3     0.115   0.      
GRID        1925        0.305   0.115   0.      
GRID        1926        0.31    0.115   0.      
GRID        1927        0.315   0.115   0.      
GRID        1928        0.32    0.115   0.      
GRID        1929        0.325   0.115   0.      
GRID        1930        0.33    0.115   0.      
GRID        1931        0.335   0.115   0.      
GRID        1932        0.34    0.115   0.      
GRID        1933        0.345   0.115   0.      
GRID        1934        0.35    0.115   0.      
GRID        1935        0.355   0.115   0.      
GRID        1936        0.36    0.115   0.      
GRID        1937        0.365   0.115   0.      
GRID        1938        0.37    0.115   0.      
GRID        1939        0.375   0.115   0.      
GRID        1940        0.38    0.115   0.      
GRID        1941        0.385   0.115   0.      
GRID        1942        0.39    0.115   0.      
GRID        1943        0.395   0.115   0.      
GRID        1944        0.4     0.115   0.      
GRID        1945        0.      0.12    0.      
GRID        1946        0.005   0.12    0.      
GRID        1947        0.01    0.12    0.      
GRID        1948        0.015   0.12    0.      
GRID        1949        0.02    0.12    0.      
GRID        1950        0.025   0.12    0.      
GRID        1951        0.03    0.12    0.      
GRID        1952        0.035   0.12    0.      
GRID        1953        0.04    0.12    0.      
GRID        1954        0.045   0.12    0.      
GRID        1955        0.05    0.12    0.      
GRID        1956        0.055   0.12    0.      
GRID        1957        0.06    0.12    0.      
GRID        1958        0.065   0.12    0.      
GRID        1959        0.07    0.12    0.      
GRID        1960        0.075   0.12    0.      
GRID        1961        0.08    0.12    0.      
GRID        1962        0.085   0.12    0.      
GRID        1963        0.09    0.12    0.      
GRID        1964        0.095   0.12    0.      
GRID        1965        0.1     0.12    0.      
GRID        1966        0.105   0.12    0.      
GRID        1967        0.11    0.12    0.      
GRID        1968        0.115   0.12    0.      
GRID        1969        0.12    0.12    0.      
GRID        1970        0.125   0.12    0.      
GRID        1971        0.13    0.12    0.      
GRID        1972        0.135   0.12    0.      
GRID        1973        0.14    0.12    0.      
GRID        1974        0.145   0.12    0.      
GRID        1975        0.15    0.12    0.      
GRID        1976        0.155   0.12    0.      
GRID        1977        0.16    0.12    0.      
GRID        1978        0.165   0.12    0.      
GRID        1979        0.17    0.12    0.      
GRID        1980        0.175   0.12    0.      
GRID        1981        0.18    0.12    0.      
GRID        1982        0.185   0.12    0.      
GRID        1983        0.19    0.12    0.      
GRID        1984        0.195   0.12    0.      
GRID        1985        0.2     0.12    0.      
GRID        1986        0.205   0.12    0.      
GRID        1987        0.21    0.12    0.      
GRID        1988        0.215   0.12    0.      
GRID        1989        0.22    0.12    0.      
GRID        1990        0.225   0.12    0.      
GRID        1991        0.23    0.12    0.      
GRID        1992        0.235   0.12    0.      
GRID        1993        0.24    0.12    0.      
GRID        1994        0.245   0.12    0.      
GRID        1995        0.25    0.12    0.      
GRID        1996        0.255   0.12    0.      
GRID        1997        0.26    0.12    0.      
GRID        1998        0.265   0.12    0.      
GRID        1999        0.27    0.12    0.      
GRID        2000        0.275   0.12    0.      
GRID        2001        0.28    0.12    0.      
GRID        2002        0.285   0.12    0.      
GRID        2003        0.29    0.12    0.      
GRID        2004        0.295   0.12    0.      
GRID        2005        0.3     0.12    0.      
GRID        2006        0.305   0.12    0.      
GRID        2007        0.31    0.12    0.      
GRID        2008        0.315   0.12    0.      
GRID        2009        0.32    0.12    0.      
GRID        2010        0.325   0.12    0.      
GRID        2011        0.33    0.12    0.      
GRID        2012        0.335   0.12    0.      
GRID        2013        0.34    0.12    0.      
GRID        2014        0.345   0.12    0.      
GRID        2015        0.35    0.12    0.      
GRID        2016        0.355   0.12    0.      
GRID        2017        0.36    0.12    0.      
GRID        2018        0.365   0.12    0.      
GRID        2019        0.37    0.12    0.      
GRID        2020        0.375   0.12    0.      
GRID        2021        0.38    0.12    0.      
GRID        2022        0.385   0.12    0.      
GRID        2023        0.39    0.12    0.      
GRID        2024        0.395   0.12    0.      
GRID        2025        0.4     0.12    0.      
GRID        2026        0.      0.125   0.      
GRID        2027        0.005   0.125   0.      
GRID        2028        0.01    0.125   0.      
GRID        2029        0.015   0.125   0.      
GRID        2030        0.02    0.125   0.      
GRID        2031        0.025   0.125   0.      
GRID        2032        0.03    0.125   0.      
GRID        2033        0.035   0.125   0.      
GRID        2034        0.04    0.125   0.      
GRID        2035        0.045   0.125   0.      
GRID        2036        0.05    0.125   0.      
GRID        2037        0.055   0.125   0.      
GRID        2038        0.06    0.125   0.      
GRID        2039        0.065   0.125   0.      
GRID        2040        0.07    0.125   0.      
GRID        2041        0.075   0.125   0.      
GRID        2042        0.08    0.125   0.      
GRID        2043        0.085   0.125   0.      
GRID        2044        0.09    0.125   0.      
GRID        2045        0.095   0.125   0.      
GRID        2046        0.1     0.125   0.      
GRID        2047        0.105   0.125   0.      
GRID        2048        0.11    0.125   0.      
GRID        2049        0.115   0.125   0.      
GRID        2050        0.12    0.125   0.      
GRID        2051        0.125   0.125   0.      
GRID        2052        0.13    0.125   0.      
GRID        2053        0.135   0.125   0.      
GRID        2054        0.14    0.125   0.      
GRID        2055        0.145   0.125   0.      
GRID        2056        0.15    0.125   0.      
GRID        2057        0.155   0.125   0.      
GRID        2058        0.16    0.125   0.      
GRID        2059        0.165   0.125   0.      
GRID        2060        0.17    0.125   0.      
GRID        2061        0.175   0.125   0.      
GRID        2062        0.18    0.125   0.      
GRID        2063        0.185   0.125   0.      
GRID        2064        0.19    0.125   0.      
GRID        2065        0.195   0.125   0.      
GRID        2066        0.2     0.125   0.      
GRID        2067        0.205   0.125   0.      
GRID        2068        0.21    0.125   0.      
GRID        2069        0.215   0.125   0.      
GRID        2070        0.22    0.125   0.      
GRID        2071        0.225   0.125   0.      
GRID        2072        0.23    0.125   0.      
GRID        2073        0.235   0.125   0.      
GRID        2074        0.24    0.125   0.      
GRID        2075        0.245   0.125   0.      
GRID        2076        0.25    0.125   0.      
GRID        2077        0.255   0.125   0.      
GRID        2078        0.26    0.125   0.      
GRID        2079        0.265   0.125   0.      
GRID        2080        0.27    0.125   0.      
GRID        2081        0.275   0.125   0.      
GRID        2082        0.28    0.125   0.      
GRID        2083        0.285   0.125   0.      
GRID        2084        0.29    0.125   0.      
GRID        2085        0.295   0.125   0.      
GRID        2086        0.3     0.125   0.      
GRID        2087        0.305   0.125   0.      
GRID        2088        0.31    0.125   0.      
GRID        2089        0.315   0.125   0.      
GRID        2090        0.32    0.125   0.      
GRID        2091        0.325   0.125   0.      
GRID        2092        0.33    0.125   0.      
GRID        2093        0.335   0.125   0.      
GRID        2094        0.34    0.125   0.      
GRID        2095        0.345   0.125   0.      
GRID        2096        0.35    0.125   0.      
GRID        2097        0.355   0.125   0.      
GRID        2098        0.36    0.125   0.      
GRID        2099        0.365   0.125   0.      
GRID        2100        0.37    0.125   0.      
GRID        2101        0.375   0.125   0.      
GRID        2102        0.38    0.125   0.      
GRID        2103        0.385   0.125   0.      
GRID        2104        0.39    0.125   0.      
GRID        2105        0.395   0.125   0.      
GRID        2106        0.4     0.125   0.      
GRID        2107        0.      0.13    0.      
GRID        2108        0.005   0.13    0.      
GRID        2109        0.01    0.13    0.      
GRID        2110        0.015   0.13    0.      
GRID        2111        0.02    0.13    0.      
GRID        2112        0.025   0.13    0.      
GRID        2113        0.03    0.13    0.      
GRID        2114        0.035   0.13    0.      
GRID        2115        0.04    0.13    0.      
GRID        2116        0.045   0.13    0.      
GRID        2117        0.05    0.13    0.      
GRID        2118        0.055   0.13    0.      
GRID        2119        0.06    0.13    0.      
GRID        2120        0.065   0.13    0.      
GRID        2121        0.07    0.13    0.      
GRID        2122        0.075   0.13    0.      
GRID        2123        0.08    0.13    0.      
GRID        2124        0.085   0.13    0.      
GRID        2125        0.09    0.13    0.      
GRID        2126        0.095   0.13    0.      
GRID        2127        0.1     0.13    0.      
GRID        2128        0.105   0.13    0.      
GRID        2129        0.11    0.13    0.      
GRID        2130        0.115   0.13    0.      
GRID        2131        0.12    0.13    0.      
GRID        2132        0.125   0.13    0.      
GRID        2133        0.13    0.13    0.      
GRID        2134        0.135   0.13    0.      
GRID        2135        0.14    0.13    0.      
GRID        2136        0.145   0.13    0.      
GRID        2137        0.15    0.13    0.      
GRID        2138        0.155   0.13    0.      
GRID        2139        0.16    0.13    0.      
GRID        2140        0.165   0.13    0.      
GRID        2141        0.17    0.13    0.      
GRID        2142        0.175   0.13    0.      
GRID        2143        0.18    0.13    0.      
GRID        2144        0.185   0.13    0.      
GRID        2145        0.19    0.13    0.      
GRID        2146        0.195   0.13    0.      
GRID        2147        0.2     0.13    0.      
GRID        2148        0.205   0.13    0.      
GRID        2149        0.21    0.13    0.      
GRID        2150        0.215   0.13    0.      
GRID        2151        0.22    0.13    0.      
GRID        2152        0.225   0.13    0.      
GRID        2153        0.23    0.13    0.      
GRID        2154        0.235   0.13    0.      
GRID        2155        0.24    0.13    0.      
GRID        2156        0.245   0.13    0.      
GRID        2157        0.25    0.13    0.      
GRID        2158        0.255   0.13    0.      
GRID        2159        0.26    0.13    0.      
GRID        2160        0.265   0.13    0.      
GRID        2161        0.27    0.13    0.      
GRID        2162        0.275   0.13    0.      
GRID        2163        0.28    0.13    0.      
GRID        2164        0.285   0.13    0.      
GRID        2165        0.29    0.13    0.      
GRID        2166        0.295   0.13    0.      
GRID        2167        0.3     0.13    0.      
GRID        2168        0.305   0.13    0.      
GRID        2169        0.31    0.13    0.      
GRID        2170        0.315   0.13    0.      
GRID        2171        0.32    0.13    0.      
GRID        2172        0.325   0.13    0.      
GRID        2173        0.33    0.13    0.      
GRID        2174        0.335   0.13    0.      
GRID        2175        0.34    0.13    0.      
GRID        2176        0.345   0.13    0.      
GRID        2177        0.35    0.13    0.      
GRID        2178        0.355   0.13    0.      
GRID        2179        0.36    0.13    0.      
GRID        2180        0.365   0.13    0.      
GRID        2181        0.37    0.13    0.      
GRID        2182        0.375   0.13    0.      
GRID        2183        0.38    0.13    0.      
GRID        2184        0.385   0.13    0.      
GRID        2185        0.39    0.13    0.      
GRID        2186        0.395   0.13    0.      
GRID        2187        0.4     0.13    0.      
GRID        2188        0.      0.135   0.      
GRID        2189        0.005   0.135   0.      
GRID        2190        0.01    0.135   0.      
GRID        2191        0.015   0.135   0.      
GRID        2192        0.02    0.135   0.      
GRID        2193        0.025   0.135   0.      
GRID        2194        0.03    0.135   0.      
GRID        2195        0.035   0.135   0.      
GRID        2196        0.04    0.135   0.      
GRID        2197        0.045   0.135   0.      
GRID        2198        0.05    0.135   0.      
GRID        2199        0.055   0.135   0.      
GRID        2200        0.06    0.135   0.      
GRID        2201        0.065   0.135   0.      
GRID        2202        0.07    0.135   0.      
GRID        2203        0.075   0.135   0.      
GRID        2204        0.08    0.135   0.      
GRID        2205        0.085   0.135   0.      
GRID        2206        0.09    0.135   0.      
GRID        2207        0.095   0.135   0.      
GRID        2208        0.1     0.135   0.      
GRID        2209        0.105   0.135   0.      
GRID        2210        0.11    0.135   0.      
GRID        2211        0.115   0.135   0.      
GRID        2212        0.12    0.135   0.      
GRID        2213        0.125   0.135   0.      
GRID        2214        0.13    0.135   0.      
GRID        2215        0.135   0.135   0.      
GRID        2216        0.14    0.135   0.      
GRID        2217        0.145   0.135   0.      
GRID        2218        0.15    0.135   0.      
GRID        2219        0.155   0.135   0.      
GRID        2220        0.16    0.135   0.      
GRID        2221        0.165   0.135   0.      
GRID        2222        0.17    0.135   0.      
GRID        2223        0.175   0.135   0.      
GRID        2224        0.18    0.135   0.      
GRID        2225        0.185   0.135   0.      
GRID        2226        0.19    0.135   0.      
GRID        2227        0.195   0.135   0.      
GRID        2228        0.2     0.135   0.      
GRID        2229        0.205   0.135   0.      
GRID        2230        0.21    0.135   0.      
GRID        2231        0.215   0.135   0.      
GRID        2232        0.22    0.135   0.      
GRID        2233        0.225   0.135   0.      
GRID        2234        0.23    0.135   0.      
GRID        2235        0.235   0.135   0.      
GRID        2236        0.24    0.135   0.      
GRID        2237        0.245   0.135   0.      
GRID        2238        0.25    0.135   0.      
GRID        2239        0.255   0.135   0.      
GRID        2240        0.26    0.135   0.      
GRID        2241        0.265   0.135   0.      
GRID        2242        0.27    0.135   0.      
GRID        2243        0.275   0.135   0.      
GRID        2244        0.28    0.135   0.      
GRID        2245        0.285   0.135   0.      
GRID        2246        0.29    0.135   0.      
GRID        2247        0.295   0.135   0.      
GRID        2248        0.3     0.135   0.      
GRID        2249        0.305   0.135   0.      
GRID        2250        0.31    0.135   0.      
GRID        2251        0.315   0.135   0.      
GRID        2252        0.32    0.135   0.      
GRID        2253        0.325   0.135   0.      
GRID        2254        0.33    0.135   0.      
GRID        2255        0.335   0.135   0.      
GRID        2256        0.34    0.135   0.      
GRID        2257        0.345   0.135   0.      
GRID        2258        0.35    0.135   0.      
GRID        2259        0.355   0.135   0.      
GRID        2260        0.36    0.135   0.      
GRID        2261        0.365   0.135   0.      
GRID        2262        0.37    0.135   0.      
GRID        2263        0.375   0.135   0.      
GRID        2264        0.38    0.135   0.      
GRID        2265        0.385   0.135   0.      
GRID        2266        0.39    0.135   0.      
GRID        2267        0.395   0.135   0.      
GRID        2268        0.4     0.135   0.      
GRID        2269        0.      0.14    0.      
GRID        2270        0.005   0.14    0.      
GRID        2271        0.01    0.14    0.      
GRID        2272        0.015   0.14    0.      
GRID        2273        0.02    0.14    0.      
GRID        2274        0.025   0.14    0.      
GRID        2275        0.03    0.14    0.      
GRID        2276        0.035   0.14    0.      
GRID        2277        0.04    0.14    0.      
GRID        2278        0.045   0.14    0.      
GRID        2279        0.05    0.14    0.      
GRID        2280        0.055   0.14    0.      
GRID        2281        0.06    0.14    0.      
GRID        2282        0.065   0.14    0.      
GRID        2283        0.07    0.14    0.      
GRID        2284        0.075   0.14    0.      
GRID        2285        0.08    0.14    0.      
GRID        2286        0.085   0.14    0.      
GRID        2287        0.09    0.14    0.      
GRID        2288        0.095   0.14    0.      
GRID        2289        0.1     0.14    0.      
GRID        2290        0.105   0.14    0.      
GRID        2291        0.11    0.14    0.      
GRID        2292        0.115   0.14    0.      
GRID        2293        0.12    0.14    0.      
GRID        2294        0.125   0.14    0.      
GRID        2295        0.13    0.14    0.      
GRID        2296        0.135   0.14    0.      
GRID        2297        0.14    0.14    0.      
GRID        2298        0.145   0.14    0.      
GRID        2299        0.15    0.14    0.      
GRID        2300        0.155   0.14    0.      
GRID        2301        0.16    0.14    0.      
GRID        2302        0.165   0.14    0.      
GRID        2303        0.17    0.14    0.      
GRID        2304        0.175   0.14    0.      
GRID        2305        0.18    0.14    0.      
GRID        2306        0.185   0.14    0.      
GRID        2307        0.19    0.14    0.      
GRID        2308        0.195   0.14    0.      
GRID        2309        0.2     0.14    0.      
GRID        2310        0.205   0.14    0.      
GRID        2311        0.21    0.14    0.      
GRID        2312        0.215   0.14    0.      
GRID        2313        0.22    0.14    0.      
GRID        2314        0.225   0.14    0.      
GRID        2315        0.23    0.14    0.      
GRID        2316        0.235   0.14    0.      
GRID        2317        0.24    0.14    0.      
GRID        2318        0.245   0.14    0.      
GRID        2319        0.25    0.14    0.      
GRID        2320        0.255   0.14    0.      
GRID        2321        0.26    0.14    0.      
GRID        2322        0.265   0.14    0.      
GRID        2323        0.27    0.14    0.      
GRID        2324        0.275   0.14    0.      
GRID        2325        0.28    0.14    0.      
GRID        2326        0.285   0.14    0.      
GRID        2327        0.29    0.14    0.      
GRID        2328        0.295   0.14    0.      
GRID        2329        0.3     0.14    0.      
GRID        2330        0.305   0.14    0.      
GRID        2331        0.31    0.14    0.      
GRID        2332        0.315   0.14    0.      
GRID        2333        0.32    0.14    0.      
GRID        2334        0.325   0.14    0.      
GRID        2335        0.33    0.14    0.      
GRID        2336        0.335   0.14    0.      
GRID        2337        0.34    0.14    0.      
GRID        2338        0.345   0.14    0.      
GRID        2339        0.35    0.14    0.      
GRID        2340        0.355   0.14    0.      
GRID        2341        0.36    0.14    0.      
GRID        2342        0.365   0.14    0.      
GRID        2343        0.37    0.14    0.      
GRID        2344        0.375   0.14    0.      
GRID        2345        0.38    0.14    0.      
GRID        2346        0.385   0.14    0.      
GRID        2347        0.39    0.14    0.      
GRID        2348        0.395   0.14    0.      
GRID        2349        0.4     0.14    0.      
GRID        2350        0.      0.145   0.      
GRID        2351        0.005   0.145   0.      
GRID        2352        0.01    0.145   0.      
GRID        2353        0.015   0.145   0.      
GRID        2354        0.02    0.145   0.      
GRID        2355        0.025   0.145   0.      
GRID        2356        0.03    0.145   0.      
GRID        2357        0.035   0.145   0.      
GRID        2358        0.04    0.145   0.      
GRID        2359        0.045   0.145   0.      
GRID        2360        0.05    0.145   0.      
GRID        2361        0.055   0.145   0.      
GRID        2362        0.06    0.145   0.      
GRID        2363        0.065   0.145   0.      
GRID        2364        0.07    0.145   0.      
GRID        2365        0.075   0.145   0.      
GRID        2366        0.08    0.145   0.      
GRID        2367        0.085   0.145   0.      
GRID        2368        0.09    0.145   0.      
GRID        2369        0.095   0.145   0.      
GRID        2370        0.1     0.145   0.      
GRID        2371        0.105   0.145   0.      
GRID        2372        0.11    0.145   0.      
GRID        2373        0.115   0.145   0.      
GRID        2374        0.12    0.145   0.      
GRID        2375        0.125   0.145   0.      
GRID        2376        0.13    0.145   0.      
GRID        2377        0.135   0.145   0.      
GRID        2378        0.14    0.145   0.      
GRID        2379        0.145   0.145   0.      
GRID        2380        0.15    0.145   0.      
GRID        2381        0.155   0.145   0.      
GRID        2382        0.16    0.145   0.      
GRID        2383        0.165   0.145   0.      
GRID        2384        0.17    0.145   0.      
GRID        2385        0.175   0.145   0.      
GRID        2386        0.18    0.145   0.      
GRID        2387        0.185   0.145   0.      
GRID        2388        0.19    0.145   0.      
GRID        2389        0.195   0.145   0.      
GRID        2390        0.2     0.145   0.      
GRID        2391        0.205   0.145   0.      
GRID        2392        0.21    0.145   0.      
GRID        2393        0.215   0.145   0.      
GRID        2394        0.22    0.145   0.      
GRID        2395        0.225   0.145   0.      
GRID        2396        0.23    0.145   0.      
GRID        2397        0.235   0.145   0.      
GRID        2398        0.24    0.145   0.      
GRID        2399        0.245   0.145   0.      
GRID        2400        0.25    0.145   0.      
GRID        2401        0.255   0.145   0.      
GRID        2402        0.26    0.145   0.      
GRID        2403        0.265   0.145   0.      
GRID        2404        0.27    0.145   0.      
GRID        2405        0.275   0.145   0.      
GRID        2406        0.28    0.145   0.      
GRID        2407        0.285   0.145   0.      
GRID        2408        0.29    0.145   0.      
GRID        2409        0.295   0.145   0.      
GRID        2410        0.3     0.145   0.      
GRID        2411        0.305   0.145   0.      
GRID        2412        0.31    0.145   0.      
GRID        2413        0.315   0.145   0.      
GRID        2414        0.32    0.145   0.      
GRID        2415        0.325   0.145   0.      
GRID        2416        0.33    0.145   0.      
GRID        2417        0.335   0.145   0.      
GRID        2418        0.34    0.145   0.      
GRID        2419        0.345   0.145   0.      
GRID        2420        0.35    0.145   0.      
GRID        2421        0.355   0.145   0.      
GRID        2422        0.36    0.145   0.      
GRID        2423        0.365   0.145   0.      
GRID        2424        0.37    0.145   0.      
GRID        2425        0.375   0.145   0.      
GRID        2426        0.38    0.145   0.      
GRID        2427        0.385   0.145   0.      
GRID        2428        0.39    0.145   0.      
GRID        2429        0.395   0.145   0.      
GRID        2430        0.4     0.145   0.      
GRID        2431        0.      0.15    0.      
GRID        2432        0.005   0.15    0.      
GRID        2433        0.01    0.15    0.      
GRID        2434        0.015   0.15    0.      
GRID        2435        0.02    0.15    0.      
GRID        2436        0.025   0.15    0.      
GRID        2437        0.03    0.15    0.      
GRID        2438        0.035   0.15    0.      
GRID        2439        0.04    0.15    0.      
GRID        2440        0.045   0.15    0.      
GRID        2441        0.05    0.15    0.      
GRID        2442        0.055   0.15    0.      
GRID        2443        0.06    0.15    0.      
GRID        2444        0.065   0.15    0.      
GRID        2445        0.07    0.15    0.      
GRID        2446        0.075   0.15    0.      
GRID        2447        0.08    0.15    0.      
GRID        2448        0.085   0.15    0.      
GRID        2449        0.09    0.15    0.      
GRID        2450        0.095   0.15    0.      
GRID        2451        0.1     0.15    0.      
GRID        2452        0.105   0.15    0.      
GRID        2453        0.11    0.15    0.      
GRID        2454        0.115   0.15    0.      
GRID        2455        0.12    0.15    0.      
GRID        2456        0.125   0.15    0.      
GRID        2457        0.13    0.15    0.      
GRID        2458        0.135   0.15    0.      
GRID        2459        0.14    0.15    0.      
GRID        2460        0.145   0.15    0.      
GRID        2461        0.15    0.15    0.      
GRID        2462        0.155   0.15    0.      
GRID        2463        0.16    0.15    0.      
GRID        2464        0.165   0.15    0.      
GRID        2465        0.17    0.15    0.      
GRID        2466        0.175   0.15    0.      
GRID        2467        0.18    0.15    0.      
GRID        2468        0.185   0.15    0.      
GRID        2469        0.19    0.15    0.      
GRID        2470        0.195   0.15    0.      
GRID        2471        0.2     0.15    0.      
GRID        2472        0.205   0.15    0.      
GRID        2473        0.21    0.15    0.      
GRID        2474        0.215   0.15    0.      
GRID        2475        0.22    0.15    0.      
GRID        2476        0.225   0.15    0.      
GRID        2477        0.23    0.15    0.      
GRID        2478        0.235   0.15    0.      
GRID        2479        0.24    0.15    0.      
GRID        2480        0.245   0.15    0.      
GRID        2481        0.25    0.15    0.      
GRID        2482        0.255   0.15    0.      
GRID        2483        0.26    0.15    0.      
GRID        2484        0.265   0.15    0.      
GRID        2485        0.27    0.15    0.      
GRID        2486        0.275   0.15    0.      
GRID        2487        0.28    0.15    0.      
GRID        2488        0.285   0.15    0.      
GRID        2489        0.29    0.15    0.      
GRID        2490        0.295   0.15    0.      
GRID        2491        0.3     0.15    0.      
GRID        2492        0.305   0.15    0.      
GRID        2493        0.31    0.15    0.      
GRID        2494        0.315   0.15    0.      
GRID        2495        0.32    0.15    0.      
GRID        2496        0.325   0.15    0.      
GRID        2497        0.33    0.15    0.      
GRID        2498        0.335   0.15    0.      
GRID        2499        0.34    0.15    0.      
GRID        2500        0.345   0.15    0.      
GRID        2501        0.35    0.15    0.      
GRID        2502        0.355   0.15    0.      
GRID        2503        0.36    0.15    0.      
GRID        2504        0.365   0.15    0.      
GRID        2505        0.37    0.15    0.      
GRID        2506        0.375   0.15    0.      
GRID        2507        0.38    0.15    0.      
GRID        2508        0.385   0.15    0.      
GRID        2509        0.39    0.15    0.      
GRID        2510        0.395   0.15    0.      
GRID        2511        0.4     0.15    0.      
GRID        2512        0.      0.155   0.      
GRID        2513        0.005   0.155   0.      
GRID        2514        0.01    0.155   0.      
GRID        2515        0.015   0.155   0.      
GRID        2516        0.02    0.155   0.      
GRID        2517        0.025   0.155   0.      
GRID        2518        0.03    0.155   0.      
GRID        2519        0.035   0.155   0.      
GRID        2520        0.04    0.155   0.      
GRID        2521        0.045   0.155   0.      
GRID        2522        0.05    0.155   0.      
GRID        2523        0.055   0.155   0.      
GRID        2524        0.06    0.155   0.      
GRID        2525        0.065   0.155   0.      
GRID        2526        0.07    0.155   0.      
GRID        2527        0.075   0.155   0.      
GRID        2528        0.08    0.155   0.      
GRID        2529        0.085   0.155   0.      
GRID        2530        0.09    0.155   0.      
GRID        2531        0.095   0.155   0.      
GRID        2532        0.1     0.155   0.      
GRID        2533        0.105   0.155   0.      
GRID        2534        0.11    0.155   0.      
GRID        2535        0.115   0.155   0.      
GRID        2536        0.12    0.155   0.      
GRID        2537        0.125   0.155   0.      
GRID        2538        0.13    0.155   0.      
GRID        2539        0.135   0.155   0.      
GRID        2540        0.14    0.155   0.      
GRID        2541        0.145   0.155   0.      
GRID        2542        0.15    0.155   0.      
GRID        2543        0.155   0.155   0.      
GRID        2544        0.16    0.155   0.      
GRID        2545        0.165   0.155   0.      
GRID        2546        0.17    0.155   0.      
GRID        2547        0.175   0.155   0.      
GRID        2548        0.18    0.155   0.      
GRID        2549        0.185   0.155   0.      
GRID        2550        0.19    0.155   0.      
GRID        2551        0.195   0.155   0.      
GRID        2552        0.2     0.155   0.      
GRID        2553        0.205   0.155   0.      
GRID        2554        0.21    0.155   0.      
GRID        2555        0.215   0.155   0.      
GRID        2556        0.22    0.155   0.      
GRID        2557        0.225   0.155   0.      
GRID        2558        0.23    0.155   0.      
GRID        2559        0.235   0.155   0.      
GRID        2560        0.24    0.155   0.      
GRID        2561        0.245   0.155   0.      
GRID        2562        0.25    0.155   0.      
GRID        2563        0.255   0.155   0.      
GRID        2564        0.26    0.155   0.      
GRID        2565        0.265   0.155   0.      
GRID        2566        0.27    0.155   0.      
GRID        2567        0.275   0.155   0.      
GRID        2568        0.28    0.155   0.      
GRID        2569        0.285   0.155   0.      
GRID        2570        0.29    0.155   0.      
GRID        2571        0.295   0.155   0.      
GRID        2572        0.3     0.155   0.      
GRID        2573        0.305   0.155   0.      
GRID        2574        0.31    0.155   0.      
GRID        2575        0.315   0.155   0.      
GRID        2576        0.32    0.155   0.      
GRID        2577        0.325   0.155   0.      
GRID        2578        0.33    0.155   0.      
GRID        2579        0.335   0.155   0.      
GRID        2580        0.34    0.155   0.      
GRID        2581        0.345   0.155   0.      
GRID        2582        0.35    0.155   0.      
GRID        2583        0.355   0.155   0.      
GRID        2584        0.36    0.155   0.      
GRID        2585        0.365   0.155   0.      
GRID        2586        0.37    0.155   0.      
GRID        2587        0.375   0.155   0.      
GRID        2588        0.38    0.155   0.      
GRID        2589        0.385   0.155   0.      
GRID        2590        0.39    0.155   0.      
GRID        2591        0.395   0.155   0.      
GRID        2592        0.4     0.155   0.      
GRID        2593        0.      0.16    0.      
GRID        2594        0.005   0.16    0.      
GRID        2595        0.01    0.16    0.      
GRID        2596        0.015   0.16    0.      
GRID        2597        0.02    0.16    0.      
GRID        2598        0.025   0.16    0.      
GRID        2599        0.03    0.16    0.      
GRID        2600        0.035   0.16    0.      
GRID        2601        0.04    0.16    0.      
GRID        2602        0.045   0.16    0.      
GRID        2603        0.05    0.16    0.      
GRID        2604        0.055   0.16    0.      
GRID        2605        0.06    0.16    0.      
GRID        2606        0.065   0.16    0.      
GRID        2607        0.07    0.16    0.      
GRID        2608        0.075   0.16    0.      
GRID        2609        0.08    0.16    0.      
GRID        2610        0.085   0.16    0.      
GRID        2611        0.09    0.16    0.      
GRID        2612        0.095   0.16    0.      
GRID        2613        0.1     0.16    0.      
GRID        2614        0.105   0.16    0.      
GRID        2615        0.11    0.16    0.      
GRID        2616        0.115   0.16    0.      
GRID        2617        0.12    0.16    0.      
GRID        2618        0.125   0.16    0.      
GRID        2619        0.13    0.16    0.      
GRID        2620        0.135   0.16    0.      
GRID        2621        0.14    0.16    0.      
GRID        2622        0.145   0.16    0.      
GRID        2623        0.15    0.16    0.      
GRID        2624        0.155   0.16    0.      
GRID        2625        0.16    0.16    0.      
GRID        2626        0.165   0.16    0.      
GRID        2627        0.17    0.16    0.      
GRID        2628        0.175   0.16    0.      
GRID        2629        0.18    0.16    0.      
GRID        2630        0.185   0.16    0.      
GRID        2631        0.19    0.16    0.      
GRID        2632        0.195   0.16    0.      
GRID        2633        0.2     0.16    0.      
GRID        2634        0.205   0.16    0.      
GRID        2635        0.21    0.16    0.      
GRID        2636        0.215   0.16    0.      
GRID        2637        0.22    0.16    0.      
GRID        2638        0.225   0.16    0.      
GRID        2639        0.23    0.16    0.      
GRID        2640        0.235   0.16    0.      
GRID        2641        0.24    0.16    0.      
GRID        2642        0.245   0.16    0.      
GRID        2643        0.25    0.16    0.      
GRID        2644        0.255   0.16    0.      
GRID        2645        0.26    0.16    0.      
GRID        2646        0.265   0.16    0.      
GRID        2647        0.27    0.16    0.      
GRID        2648        0.275   0.16    0.      
GRID        2649        0.28    0.16    0.      
GRID        2650        0.285   0.16    0.      
GRID        2651        0.29    0.16    0.      
GRID        2652        0.295   0.16    0.      
GRID        2653        0.3     0.16    0.      
GRID        2654        0.305   0.16    0.      
GRID        2655        0.31    0.16    0.      
GRID        2656        0.315   0.16    0.      
GRID        2657        0.32    0.16    0.      
GRID        2658        0.325   0.16    0.      
GRID        2659        0.33    0.16    0.      
GRID        2660        0.335   0.16    0.      
GRID        2661        0.34    0.16    0.      
GRID        2662        0.345   0.16    0.      
GRID        2663        0.35    0.16    0.      
GRID        2664        0.355   0.16    0.      
GRID        2665        0.36    0.16    0.      
GRID        2666        0.365   0.16    0.      
GRID        2667        0.37    0.16    0.      
GRID        2668        0.375   0.16    0.      
GRID        2669        0.38    0.16    0.      
GRID        2670        0.385   0.16    0.      
GRID        2671        0.39    0.16    0.      
GRID        2672        0.395   0.16    0.      
GRID        2673        0.4     0.16    0.      
GRID        2674        0.      0.165   0.      
GRID        2675        0.005   0.165   0.      
GRID        2676        0.01    0.165   0.      
GRID        2677        0.015   0.165   0.      
GRID        2678        0.02    0.165   0.      
GRID        2679        0.025   0.165   0.      
GRID        2680        0.03    0.165   0.      
GRID        2681        0.035   0.165   0.      
GRID        2682        0.04    0.165   0.      
GRID        2683        0.045   0.165   0.      
GRID        2684        0.05    0.165   0.      
GRID        2685        0.055   0.165   0.      
GRID        2686        0.06    0.165   0.      
GRID        2687        0.065   0.165   0.      
GRID        2688        0.07    0.165   0.      
GRID        2689        0.075   0.165   0.      
GRID        2690        0.08    0.165   0.      
GRID        2691        0.085   0.165   0.      
GRID        2692        0.09    0.165   0.      
GRID        2693        0.095   0.165   0.      
GRID        2694        0.1     0.165   0.      
GRID        2695        0.105   0.165   0.      
GRID        2696        0.11    0.165   0.      
GRID        2697        0.115   0.165   0.      
GRID        2698        0.12    0.165   0.      
GRID        2699        0.125   0.165   0.      
GRID        2700        0.13    0.165   0.      
GRID        2701        0.135   0.165   0.      
GRID        2702        0.14    0.165   0.      
GRID        2703        0.145   0.165   0.      
GRID        2704        0.15    0.165   0.      
GRID        2705        0.155   0.165   0.      
GRID        2706        0.16    0.165   0.      
GRID        2707        0.165   0.165   0.      
GRID        2708        0.17    0.165   0.      
GRID        2709        0.175   0.165   0.      
GRID        2710        0.18    0.165   0.      
GRID        2711        0.185   0.165   0.      
GRID        2712        0.19    0.165   0.      
GRID        2713        0.195   0.165   0.      
GRID        2714        0.2     0.165   0.      
GRID        2715        0.205   0.165   0.      
GRID        2716        0.21    0.165   0.      
GRID        2717        0.215   0.165   0.      
GRID        2718        0.22    0.165   0.      
GRID        2719        0.225   0.165   0.      
GRID        2720        0.23    0.165   0.      
GRID        2721        0.235   0.165   0.      
GRID        2722        0.24    0.165   0.      
GRID        2723        0.245   0.165   0.      
GRID        2724        0.25    0.165   0.      
GRID        2725        0.255   0.165   0.      
GRID        2726        0.26    0.165   0.      
GRID        2727        0.265   0.165   0.      
GRID        2728        0.27    0.165   0.      
GRID        2729        0.275   0.165   0.      
GRID        2730        0.28    0.165   0.      
GRID        2731        0.285   0.165   0.      
GRID        2732        0.29    0.165   0.      
GRID        2733        0.295   0.165   0.      
GRID        2734        0.3     0.165   0.      
GRID        2735        0.305   0.165   0.      
GRID        2736        0.31    0.165   0.      
GRID        2737        0.315   0.165   0.      
GRID        2738        0.32    0.165   0.      
GRID        2739        0.325   0.165   0.      
GRID        2740        0.33    0.165   0.      
GRID        2741        0.335   0.165   0.      
GRID        2742        0.34    0.165   0.      
GRID        2743        0.345   0.165   0.      
GRID        2744        0.35    0.165   0.      
GRID        2745        0.355   0.165   0.      
GRID        2746        0.36    0.165   0.      
GRID        2747        0.365   0.165   0.      
GRID        2748        0.37    0.165   0.      
GRID        2749        0.375   0.165   0.      
GRID        2750        0.38    0.165   0.      
GRID        2751        0.385   0.165   0.      
GRID        2752        0.39    0.165   0.      
GRID        2753        0.395   0.165   0.      
GRID        2754        0.4     0.165   0.      
GRID        2755        0.      0.17    0.      
GRID        2756        0.005   0.17    0.      
GRID        2757        0.01    0.17    0.      
GRID        2758        0.015   0.17    0.      
GRID        2759        0.02    0.17    0.      
GRID        2760        0.025   0.17    0.      
GRID        2761        0.03    0.17    0.      
GRID        2762        0.035   0.17    0.      
GRID        2763        0.04    0.17    0.      
GRID        2764        0.045   0.17    0.      
GRID        2765        0.05    0.17    0.      
GRID        2766        0.055   0.17    0.      
GRID        2767        0.06    0.17    0.      
GRID        2768        0.065   0.17    0.      
GRID        2769        0.07    0.17    0.      
GRID        2770        0.075   0.17    0.      
GRID        2771        0.08    0.17    0.      
GRID        2772        0.085   0.17    0.      
GRID        2773        0.09    0.17    0.      
GRID        2774        0.095   0.17    0.      
GRID        2775        0.1     0.17    0.      
GRID        2776        0.105   0.17    0.      
GRID        2777        0.11    0.17    0.      
GRID        2778        0.115   0.17    0.      
GRID        2779        0.12    0.17    0.      
GRID        2780        0.125   0.17    0.      
GRID        2781        0.13    0.17    0.      
GRID        2782        0.135   0.17    0.      
GRID        2783        0.14    0.17    0.      
GRID        2784        0.145   0.17    0.      
GRID        2785        0.15    0.17    0.      
GRID        2786        0.155   0.17    0.      
GRID        2787        0.16    0.17    0.      
GRID        2788        0.165   0.17    0.      
GRID        2789        0.17    0.17    0.      
GRID        2790        0.175   0.17    0.      
GRID        2791        0.18    0.17    0.      
GRID        2792        0.185   0.17    0.      
GRID        2793        0.19    0.17    0.      
GRID        2794        0.195   0.17    0.      
GRID        2795        0.2     0.17    0.      
GRID        2796        0.205   0.17    0.      
GRID        2797        0.21    0.17    0.      
GRID        2798        0.215   0.17    0.      
GRID        2799        0.22    0.17    0.      
GRID        2800        0.225   0.17    0.      
GRID        2801        0.23    0.17    0.      
GRID        2802        0.235   0.17    0.      
GRID        2803        0.24    0.17    0.      
GRID        2804        0.245   0.17    0.      
GRID        2805        0.25    0.17    0.      
GRID        2806        0.255   0.17    0.      
GRID        2807        0.26    0.17    0.      
GRID        2808        0.265   0.17    0.      
GRID        2809        0.27    0.17    0.      
GRID        2810        0.275   0.17    0.      
GRID        2811        0.28    0.17    0.      
GRID        2812        0.285   0.17    0.      
GRID        2813        0.29    0.17    0.      
GRID        2814        0.295   0.17    0.      
GRID        2815        0.3     0.17    0.      
GRID        2816        0.305   0.17    0.      
GRID        2817        0.31    0.17    0.      
GRID        2818        0.315   0.17    0.      
GRID        2819        0.32    0.17    0.      
GRID        2820        0.325   0.17    0.      
GRID        2821        0.33    0.17    0.      
GRID        2822        0.335   0.17    0.      
GRID        2823        0.34    0.17    0.      
GRID        2824        0.345   0.17    0.      
GRID        2825        0.35    0.17    0.      
GRID        2826        0.355   0.17    0.      
GRID        2827        0.36    0.17    0.      
GRID        2828        0.365   0.17    0.      
GRID        2829        0.37    0.17    0.      
GRID        2830        0.375   0.17    0.      
GRID        2831        0.38    0.17    0.      
GRID        2832        0.385   0.17    0.      
GRID        2833        0.39    0.17    0.      
GRID        2834        0.395   0.17    0.      
GRID        2835        0.4     0.17    0.      
GRID        2836        0.      0.175   0.      
GRID        2837        0.005   0.175   0.      
GRID        2838        0.01    0.175   0.      
GRID        2839        0.015   0.175   0.      
GRID        2840        0.02    0.175   0.      
GRID        2841        0.025   0.175   0.      
GRID        2842        0.03    0.175   0.      
GRID        2843        0.035   0.175   0.      
GRID        2844        0.04    0.175   0.      
GRID        2845        0.045   0.175   0.      
GRID        2846        0.05    0.175   0.      
GRID        2847        0.055   0.175   0.      
GRID        2848        0.06    0.175   0.      
GRID        2849        0.065   0.175   0.      
GRID        2850        0.07    0.175   0.      
GRID        2851        0.075   0.175   0.      
GRID        2852        0.08    0.175   0.      
GRID        2853        0.085   0.175   0.      
GRID        2854        0.09    0.175   0.      
GRID        2855        0.095   0.175   0.      
GRID        2856        0.1     0.175   0.      
GRID        2857        0.105   0.175   0.      
GRID        2858        0.11    0.175   0.      
GRID        2859        0.115   0.175   0.      
GRID        2860        0.12    0.175   0.      
GRID        2861        0.125   0.175   0.      
GRID        2862        0.13    0.175   0.      
GRID        2863        0.135   0.175   0.      
GRID        2864        0.14    0.175   0.      
GRID        2865        0.145   0.175   0.      
GRID        2866        0.15    0.175   0.      
GRID        2867        0.155   0.175   0.      
GRID        2868        0.16    0.175   0.      
GRID        2869        0.165   0.175   0.      
GRID        2870        0.17    0.175   0.      
GRID        2871        0.175   0.175   0.      
GRID        2872        0.18    0.175   0.      
GRID        2873        0.185   0.175   0.      
GRID        2874        0.19    0.175   0.      
GRID        2875        0.195   0.175   0.      
GRID        2876        0.2     0.175   0.      
GRID        2877        0.205   0.175   0.      
GRID        2878        0.21    0.175   0.      
GRID        2879        0.215   0.175   0.      
GRID        2880        0.22    0.175   0.      
GRID        2881        0.225   0.175   0.      
GRID        2882        0.23    0.175   0.      
GRID        2883        0.235   0.175   0.      
GRID        2884        0.24    0.175   0.      
GRID        2885        0.245   0.175   0.      
GRID        2886        0.25    0.175   0.      
GRID        2887        0.255   0.175   0.      
GRID        2888        0.26    0.175   0.      
GRID        2889        0.265   0.175   0.      
GRID        2890        0.27    0.175   0.      
GRID        2891        0.275   0.175   0.      
GRID        2892        0.28    0.175   0.      
GRID        2893        0.285   0.175   0.      
GRID        2894        0.29    0.175   0.      
GRID        2895        0.295   0.175   0.      
GRID        2896        0.3     0.175   0.      
GRID        2897        0.305   0.175   0.      
GRID        2898        0.31    0.175   0.      
GRID        2899        0.315   0.175   0.      
GRID        2900        0.32    0.175   0.      
GRID        2901        0.325   0.175   0.      
GRID        2902        0.33    0.175   0.      
GRID        2903        0.335   0.175   0.      
GRID        2904        0.34    0.175   0.      
GRID        2905        0.345   0.175   0.      
GRID        2906        0.35    0.175   0.      
GRID        2907        0.355   0.175   0.      
GRID        2908        0.36    0.175   0.      
GRID        2909        0.365   0.175   0.      
GRID        2910        0.37    0.175   0.      
GRID        2911        0.375   0.175   0.      
GRID        2912        0.38    0.175   0.      
GRID        2913        0.385   0.175   0.      
GRID        2914        0.39    0.175   0.      
GRID        2915        0.395   0.175   0.      
GRID        2916        0.4     0.175   0.      
GRID        2917        0.      0.18    0.      
GRID        2918        0.005   0.18    0.      
GRID        2919        0.01    0.18    0.      
GRID        2920        0.015   0.18    0.      
GRID        2921        0.02    0.18    0.      
GRID        2922        0.025   0.18    0.      
GRID        2923        0.03    0.18    0.      
GRID        2924        0.035   0.18    0.      
GRID        2925        0.04    0.18    0.      
GRID        2926        0.045   0.18    0.      
GRID        2927        0.05    0.18    0.      
GRID        2928        0.055   0.18    0.      
GRID        2929        0.06    0.18    0.      
GRID        2930        0.065   0.18    0.      
GRID        2931        0.07    0.18    0.      
GRID        2932        0.075   0.18    0.      
GRID        2933        0.08    0.18    0.      
GRID        2934        0.085   0.18    0.      
GRID        2935        0.09    0.18    0.      
GRID        2936        0.095   0.18    0.      
GRID        2937        0.1     0.18    0.      
GRID        2938        0.105   0.18    0.      
GRID        2939        0.11    0.18    0.      
GRID        2940        0.115   0.18    0.      
GRID        2941        0.12    0.18    0.      
GRID        2942        0.125   0.18    0.      
GRID        2943        0.13    0.18    0.      
GRID        2944        0.135   0.18    0.      
GRID        2945        0.14    0.18    0.      
GRID        2946        0.145   0.18    0.      
GRID        2947        0.15    0.18    0.      
GRID        2948        0.155   0.18    0.      
GRID        2949        0.16    0.18    0.      
GRID        2950        0.165   0.18    0.      
GRID        2951        0.17    0.18    0.      
GRID        2952        0.175   0.18    0.      
GRID        2953        0.18    0.18    0.      
GRID        2954        0.185   0.18    0.      
GRID        2955        0.19    0.18    0.      
GRID        2956        0.195   0.18    0.      
GRID        2957        0.2     0.18    0.      
GRID        2958        0.205   0.18    0.      
GRID        2959        0.21    0.18    0.      
GRID        2960        0.215   0.18    0.      
GRID        2961        0.22    0.18    0.      
GRID        2962        0.225   0.18    0.      
GRID        2963        0.23    0.18    0.      
GRID        2964        0.235   0.18    0.      
GRID        2965        0.24    0.18    0.      
GRID        2966        0.245   0.18    0.      
GRID        2967        0.25    0.18    0.      
GRID        2968        0.255   0.18    0.      
GRID        2969        0.26    0.18    0.      
GRID        2970        0.265   0.18    0.      
GRID        2971        0.27    0.18    0.      
GRID        2972        0.275   0.18    0.      
GRID        2973        0.28    0.18    0.      
GRID        2974        0.285   0.18    0.      
GRID        2975        0.29    0.18    0.      
GRID        2976        0.295   0.18    0.      
GRID        2977        0.3     0.18    0.      
GRID        2978        0.305   0.18    0.      
GRID        2979        0.31    0.18    0.      
GRID        2980        0.315   0.18    0.      
GRID        2981        0.32    0.18    0.      
GRID        2982        0.325   0.18    0.      
GRID        2983        0.33    0.18    0.      
GRID        2984        0.335   0.18    0.      
GRID        2985        0.34    0.18    0.      
GRID        2986        0.345   0.18    0.      
GRID        2987        0.35    0.18    0.      
GRID        2988        0.355   0.18    0.      
GRID        2989        0.36    0.18    0.      
GRID        2990        0.365   0.18    0.      
GRID        2991        0.37    0.18    0.      
GRID        2992        0.375   0.18    0.      
GRID        2993        0.38    0.18    0.      
GRID        2994        0.385   0.18    0.      
GRID        2995        0.39    0.18    0.      
GRID        2996        0.395   0.18    0.      
GRID        2997        0.4     0.18    0.      
GRID        2998        0.      0.185   0.      
GRID        2999        0.005   0.185   0.      
GRID        3000        0.01    0.185   0.      
GRID        3001        0.015   0.185   0.      
GRID        3002        0.02    0.185   0.      
GRID        3003        0.025   0.185   0.      
GRID        3004        0.03    0.185   0.      
GRID        3005        0.035   0.185   0.      
GRID        3006        0.04    0.185   0.      
GRID        3007        0.045   0.185   0.      
GRID        3008        0.05    0.185   0.      
GRID        3009        0.055   0.185   0.      
GRID        3010        0.06    0.185   0.      
GRID        3011        0.065   0.185   0.      
GRID        3012        0.07    0.185   0.      
GRID        3013        0.075   0.185   0.      
GRID        3014        0.08    0.185   0.      
GRID        3015        0.085   0.185   0.      
GRID        3016        0.09    0.185   0.      
GRID        3017        0.095   0.185   0.      
GRID        3018        0.1     0.185   0.      
GRID        3019        0.105   0.185   0.      
GRID        3020        0.11    0.185   0.      
GRID        3021        0.115   0.185   0.      
GRID        3022        0.12    0.185   0.      
GRID        3023        0.125   0.185   0.      
GRID        3024        0.13    0.185   0.      
GRID        3025        0.135   0.185   0.      
GRID        3026        0.14    0.185   0.      
GRID        3027        0.145   0.185   0.      
GRID        3028        0.15    0.185   0.      
GRID        3029        0.155   0.185   0.      
GRID        3030        0.16    0.185   0.      
GRID        3031        0.165   0.185   0.      
GRID        3032        0.17    0.185   0.      
GRID        3033        0.175   0.185   0.      
GRID        3034        0.18    0.185   0.      
GRID        3035        0.185   0.185   0.      
GRID        3036        0.19    0.185   0.      
GRID        3037        0.195   0.185   0.      
GRID        3038        0.2     0.185   0.      
GRID        3039        0.205   0.185   0.      
GRID        3040        0.21    0.185   0.      
GRID        3041        0.215   0.185   0.      
GRID        3042        0.22    0.185   0.      
GRID        3043        0.225   0.185   0.      
GRID        3044        0.23    0.185   0.      
GRID        3045        0.235   0.185   0.      
GRID        3046        0.24    0.185   0.      
GRID        3047        0.245   0.185   0.      
GRID        3048        0.25    0.185   0.      
GRID        3049        0.255   0.185   0.      
GRID        3050        0.26    0.185   0.      
GRID        3051        0.265   0.185   0.      
GRID        3052        0.27    0.185   0.      
GRID        3053        0.275   0.185   0.      
GRID        3054        0.28    0.185   0.      
GRID        3055        0.285   0.185   0.      
GRID        3056        0.29    0.185   0.      
GRID        3057        0.295   0.185   0.      
GRID        3058        0.3     0.185   0.      
GRID        3059        0.305   0.185   0.      
GRID        3060        0.31    0.185   0.      
GRID        3061        0.315   0.185   0.      
GRID        3062        0.32    0.185   0.      
GRID        3063        0.325   0.185   0.      
GRID        3064        0.33    0.185   0.      
GRID        3065        0.335   0.185   0.      
GRID        3066        0.34    0.185   0.      
GRID        3067        0.345   0.185   0.      
GRID        3068        0.35    0.185   0.      
GRID        3069        0.355   0.185   0.      
GRID        3070        0.36    0.185   0.      
GRID        3071        0.365   0.185   0.      
GRID        3072        0.37    0.185   0.      
GRID        3073        0.375   0.185   0.      
GRID        3074        0.38    0.185   0.      
GRID        3075        0.385   0.185   0.      
GRID        3076        0.39    0.185   0.      
GRID        3077        0.395   0.185   0.      
GRID        3078        0.4     0.185   0.      
GRID        3079        0.      0.19    0.      
GRID        3080        0.005   0.19    0.      
GRID        3081        0.01    0.19    0.      
GRID        3082        0.015   0.19    0.      
GRID        3083        0.02    0.19    0.      
GRID        3084        0.025   0.19    0.      
GRID        3085        0.03    0.19    0.      
GRID        3086        0.035   0.19    0.      
GRID        3087        0.04    0.19    0.      
GRID        3088        0.045   0.19    0.      
GRID        3089        0.05    0.19    0.      
GRID        3090        0.055   0.19    0.      
GRID        3091        0.06    0.19    0.      
GRID        3092        0.065   0.19    0.      
GRID        3093        0.07    0.19    0.      
GRID        3094        0.075   0.19    0.      
GRID        3095        0.08    0.19    0.      
GRID        3096        0.085   0.19    0.      
GRID        3097        0.09    0.19    0.      
GRID        3098        0.095   0.19    0.      
GRID        3099        0.1     0.19    0.      
GRID        3100        0.105   0.19    0.      
GRID        3101        0.11    0.19    0.      
GRID        3102        0.115   0.19    0.      
GRID        3103        0.12    0.19    0.      
GRID        3104        0.125   0.19    0.      
GRID        3105        0.13    0.19    0.      
GRID        3106        0.135   0.19    0.      
GRID        3107        0.14    0.19    0.      
GRID        3108        0.145   0.19    0.      
GRID        3109        0.15    0.19    0.      
GRID        3110        0.155   0.19    0.      
GRID        3111        0.16    0.19    0.      
GRID        3112        0.165   0.19    0.      
GRID        3113        0.17    0.19    0.      
GRID        3114        0.175   0.19    0.      
GRID        3115        0.18    0.19    0.      
GRID        3116        0.185   0.19    0.      
GRID        3117        0.19    0.19    0.      
GRID        3118        0.195   0.19    0.      
GRID        3119        0.2     0.19    0.      
GRID        3120        0.205   0.19    0.      
GRID        3121        0.21    0.19    0.      
GRID        3122        0.215   0.19    0.      
GRID        3123        0.22    0.19    0.      
GRID        3124        0.225   0.19    0.      
GRID        3125        0.23    0.19    0.      
GRID        3126        0.235   0.19    0.      
GRID        3127        0.24    0.19    0.      
GRID        3128        0.245   0.19    0.      
GRID        3129        0.25    0.19    0.      
GRID        3130        0.255   0.19    0.      
GRID        3131        0.26    0.19    0.      
GRID        3132        0.265   0.19    0.      
GRID        3133        0.27    0.19    0.      
GRID        3134        0.275   0.19    0.      
GRID        3135        0.28    0.19    0.      
GRID        3136        0.285   0.19    0.      
GRID        3137        0.29    0.19    0.      
GRID        3138        0.295   0.19    0.      
GRID        3139        0.3     0.19    0.      
GRID        3140        0.305   0.19    0.      
GRID        3141        0.31    0.19    0.      
GRID        3142        0.315   0.19    0.      
GRID        3143        0.32    0.19    0.      
GRID        3144        0.325   0.19    0.      
GRID        3145        0.33    0.19    0.      
GRID        3146        0.335   0.19    0.      
GRID        3147        0.34    0.19    0.      
GRID        3148        0.345   0.19    0.      
GRID        3149        0.35    0.19    0.      
GRID        3150        0.355   0.19    0.      
GRID        3151        0.36    0.19    0.      
GRID        3152        0.365   0.19    0.      
GRID        3153        0.37    0.19    0.      
GRID        3154        0.375   0.19    0.      
GRID        3155        0.38    0.19    0.      
GRID        3156        0.385   0.19    0.      
GRID        3157        0.39    0.19    0.      
GRID        3158        0.395   0.19    0.      
GRID        3159        0.4     0.19    0.      
GRID        3160        0.      0.195   0.      
GRID        3161        0.005   0.195   0.      
GRID        3162        0.01    0.195   0.      
GRID        3163        0.015   0.195   0.      
GRID        3164        0.02    0.195   0.      
GRID        3165        0.025   0.195   0.      
GRID        3166        0.03    0.195   0.      
GRID        3167        0.035   0.195   0.      
GRID        3168        0.04    0.195   0.      
GRID        3169        0.045   0.195   0.      
GRID        3170        0.05    0.195   0.      
GRID        3171        0.055   0.195   0.      
GRID        3172        0.06    0.195   0.      
GRID        3173        0.065   0.195   0.      
GRID        3174        0.07    0.195   0.      
GRID        3175        0.075   0.195   0.      
GRID        3176        0.08    0.195   0.      
GRID        3177        0.085   0.195   0.      
GRID        3178        0.09    0.195   0.      
GRID        3179        0.095   0.195   0.      
GRID        3180        0.1     0.195   0.      
GRID        3181        0.105   0.195   0.      
GRID        3182        0.11    0.195   0.      
GRID        3183        0.115   0.195   0.      
GRID        3184        0.12    0.195   0.      
GRID        3185        0.125   0.195   0.      
GRID        3186        0.13    0.195   0.      
GRID        3187        0.135   0.195   0.      
GRID        3188        0.14    0.195   0.      
GRID        3189        0.145   0.195   0.      
GRID        3190        0.15    0.195   0.      
GRID        3191        0.155   0.195   0.      
GRID        3192        0.16    0.195   0.      
GRID        3193        0.165   0.195   0.      
GRID        3194        0.17    0.195   0.      
GRID        3195        0.175   0.195   0.      
GRID        3196        0.18    0.195   0.      
GRID        3197        0.185   0.195   0.      
GRID        3198        0.19    0.195   0.      
GRID        3199        0.195   0.195   0.      
GRID        3200        0.2     0.195   0.      
GRID        3201        0.205   0.195   0.      
GRID        3202        0.21    0.195   0.      
GRID        3203        0.215   0.195   0.      
GRID        3204        0.22    0.195   0.      
GRID        3205        0.225   0.195   0.      
GRID        3206        0.23    0.195   0.      
GRID        3207        0.235   0.195   0.      
GRID        3208        0.24    0.195   0.      
GRID        3209        0.245   0.195   0.      
GRID        3210        0.25    0.195   0.      
GRID        3211        0.255   0.195   0.      
GRID        3212        0.26    0.195   0.      
GRID        3213        0.265   0.195   0.      
GRID        3214        0.27    0.195   0.      
GRID        3215        0.275   0.195   0.      
GRID        3216        0.28    0.195   0.      
GRID        3217        0.285   0.195   0.      
GRID        3218        0.29    0.195   0.      
GRID        3219        0.295   0.195   0.      
GRID        3220        0.3     0.195   0.      
GRID        3221        0.305   0.195   0.      
GRID        3222        0.31    0.195   0.      
GRID        3223        0.315   0.195   0.      
GRID        3224        0.32    0.195   0.      
GRID        3225        0.325   0.195   0.      
GRID        3226        0.33    0.195   0.      
GRID        3227        0.335   0.195   0.      
GRID        3228        0.34    0.195   0.      
GRID        3229        0.345   0.195   0.      
GRID        3230        0.35    0.195   0.      
GRID        3231        0.355   0.195   0.      
GRID        3232        0.36    0.195   0.      
GRID        3233        0.365   0.195   0.      
GRID        3234        0.37    0.195   0.      
GRID        3235        0.375   0.195   0.      
GRID        3236        0.38    0.195   0.      
GRID        3237        0.385   0.195   0.      
GRID        3238        0.39    0.195   0.      
GRID        3239        0.395   0.195   0.      
GRID        3240        0.4     0.195   0.      
GRID        3241        0.      0.2     0.      
GRID        3242        0.005   0.2     0.      
GRID        3243        0.01    0.2     0.      
GRID        3244        0.015   0.2     0.      
GRID        3245        0.02    0.2     0.      
GRID        3246        0.025   0.2     0.      
GRID        3247        0.03    0.2     0.      
GRID        3248        0.035   0.2     0.      
GRID        3249        0.04    0.2     0.      
GRID        3250        0.045   0.2     0.      
GRID        3251        0.05    0.2     0.      
GRID        3252        0.055   0.2     0.      
GRID        3253        0.06    0.2     0.      
GRID        3254        0.065   0.2     0.      
GRID        3255        0.07    0.2     0.      
GRID        3256        0.075   0.2     0.      
GRID        3257        0.08    0.2     0.      
GRID        3258        0.085   0.2     0.      
GRID        3259        0.09    0.2     0.      
GRID        3260        0.095   0.2     0.      
GRID        3261        0.1     0.2     0.      
GRID        3262        0.105   0.2     0.      
GRID        3263        0.11    0.2     0.      
GRID        3264        0.115   0.2     0.      
GRID        3265        0.12    0.2     0.      
GRID        3266        0.125   0.2     0.      
GRID        3267        0.13    0.2     0.      
GRID        3268        0.135   0.2     0.      
GRID        3269        0.14    0.2     0.      
GRID        3270        0.145   0.2     0.      
GRID        3271        0.15    0.2     0.      
GRID        3272        0.155   0.2     0.      
GRID        3273        0.16    0.2     0.      
GRID        3274        0.165   0.2     0.      
GRID        3275        0.17    0.2     0.      
GRID        3276        0.175   0.2     0.      
GRID        3277        0.18    0.2     0.      
GRID        3278        0.185   0.2     0.      
GRID        3279        0.19    0.2     0.      
GRID        3280        0.195   0.2     0.      
GRID        3281        0.2     0.2     0.      
GRID        3282        0.205   0.2     0.      
GRID        3283        0.21    0.2     0.      
GRID        3284        0.215   0.2     0.      
GRID        3285        0.22    0.2     0.      
GRID        3286        0.225   0.2     0.      
GRID        3287        0.23    0.2     0.      
GRID        3288        0.235   0.2     0.      
GRID        3289        0.24    0.2     0.      
GRID        3290        0.245   0.2     0.      
GRID        3291        0.25    0.2     0.      
GRID        3292        0.255   0.2     0.      
GRID        3293        0.26    0.2     0.      
GRID        3294        0.265   0.2     0.      
GRID        3295        0.27    0.2     0.      
GRID        3296        0.275   0.2     0.      
GRID        3297        0.28    0.2     0.      
GRID        3298        0.285   0.2     0.      
GRID        3299        0.29    0.2     0.      
GRID        3300        0.295   0.2     0.      
GRID        3301        0.3     0.2     0.      
GRID        3302        0.305   0.2     0.      
GRID        3303        0.31    0.2     0.      
GRID        3304        0.315   0.2     0.      
GRID        3305        0.32    0.2     0.      
GRID        3306        0.325   0.2     0.      
GRID        3307        0.33    0.2     0.      
GRID        3308        0.335   0.2     0.      
GRID        3309        0.34    0.2     0.      
GRID        3310        0.345   0.2     0.      
GRID        3311        0.35    0.2     0.      
GRID        3312        0.355   0.2     0.      
GRID        3313        0.36    0.2     0.      
GRID        3314        0.365   0.2     0.      
GRID        3315        0.37    0.2     0.      
GRID        3316        0.375   0.2     0.      
GRID        3317        0.38    0.2     0.      
GRID        3318        0.385   0.2     0.      
GRID        3319        0.39    0.2     0.      
GRID        3320        0.395   0.2     0.      
GRID        3321        0.4     0.2     0.      
GRID        3322        0.      0.205   0.      
GRID        3323        0.005   0.205   0.      
GRID        3324        0.01    0.205   0.      
GRID        3325        0.015   0.205   0.      
GRID        3326        0.02    0.205   0.      
GRID        3327        0.025   0.205   0.      
GRID        3328        0.03    0.205   0.      
GRID        3329        0.035   0.205   0.      
GRID        3330        0.04    0.205   0.      
GRID        3331        0.045   0.205   0.      
GRID        3332        0.05    0.205   0.      
GRID        3333        0.055   0.205   0.      
GRID        3334        0.06    0.205   0.      
GRID        3335        0.065   0.205   0.      
GRID        3336        0.07    0.205   0.      
GRID        3337        0.075   0.205   0.      
GRID        3338        0.08    0.205   0.      
GRID        3339        0.085   0.205   0.      
GRID        3340        0.09    0.205   0.      
GRID        3341        0.095   0.205   0.      
GRID        3342        0.1     0.205   0.      
GRID        3343        0.105   0.205   0.      
GRID        3344        0.11    0.205   0.      
GRID        3345        0.115   0.205   0.      
GRID        3346        0.12    0.205   0.      
GRID        3347        0.125   0.205   0.      
GRID        3348        0.13    0.205   0.      
GRID        3349        0.135   0.205   0.      
GRID        3350        0.14    0.205   0.      
GRID        3351        0.145   0.205   0.      
GRID        3352        0.15    0.205   0.      
GRID        3353        0.155   0.205   0.      
GRID        3354        0.16    0.205   0.      
GRID        3355        0.165   0.205   0.      
GRID        3356        0.17    0.205   0.      
GRID        3357        0.175   0.205   0.      
GRID        3358        0.18    0.205   0.      
GRID        3359        0.185   0.205   0.      
GRID        3360        0.19    0.205   0.      
GRID        3361        0.195   0.205   0.      
GRID        3362        0.2     0.205   0.      
GRID        3363        0.205   0.205   0.      
GRID        3364        0.21    0.205   0.      
GRID        3365        0.215   0.205   0.      
GRID        3366        0.22    0.205   0.      
GRID        3367        0.225   0.205   0.      
GRID        3368        0.23    0.205   0.      
GRID        3369        0.235   0.205   0.      
GRID        3370        0.24    0.205   0.      
GRID        3371        0.245   0.205   0.      
GRID        3372        0.25    0.205   0.      
GRID        3373        0.255   0.205   0.      
GRID        3374        0.26    0.205   0.      
GRID        3375        0.265   0.205   0.      
GRID        3376        0.27    0.205   0.      
GRID        3377        0.275   0.205   0.      
GRID        3378        0.28    0.205   0.      
GRID        3379        0.285   0.205   0.      
GRID        3380        0.29    0.205   0.      
GRID        3381        0.295   0.205   0.      
GRID        3382        0.3     0.205   0.      
GRID        3383        0.305   0.205   0.      
GRID        3384        0.31    0.205   0.      
GRID        3385        0.315   0.205   0.      
GRID        3386        0.32    0.205   0.      
GRID        3387        0.325   0.205   0.      
GRID        3388        0.33    0.205   0.      
GRID        3389        0.335   0.205   0.      
GRID        3390        0.34    0.205   0.      
GRID        3391        0.345   0.205   0.      
GRID        3392        0.35    0.205   0.      
GRID        3393        0.355   0.205   0.      
GRID        3394        0.36    0.205   0.      
GRID        3395        0.365   0.205   0.      
GRID        3396        0.37    0.205   0.      
GRID        3397        0.375   0.205   0.      
GRID        3398        0.38    0.205   0.      
GRID        3399        0.385   0.205   0.      
GRID        3400        0.39    0.205   0.      
GRID        3401        0.395   0.205   0.      
GRID        3402        0.4     0.205   0.      
GRID        3403        0.      0.21    0.      
GRID        3404        0.005   0.21    0.      
GRID        3405        0.01    0.21    0.      
GRID        3406        0.015   0.21    0.      
GRID        3407        0.02    0.21    0.      
GRID        3408        0.025   0.21    0.      
GRID        3409        0.03    0.21    0.      
GRID        3410        0.035   0.21    0.      
GRID        3411        0.04    0.21    0.      
GRID        3412        0.045   0.21    0.      
GRID        3413        0.05    0.21    0.      
GRID        3414        0.055   0.21    0.      
GRID        3415        0.06    0.21    0.      
GRID        3416        0.065   0.21    0.      
GRID        3417        0.07    0.21    0.      
GRID        3418        0.075   0.21    0.      
GRID        3419        0.08    0.21    0.      
GRID        3420        0.085   0.21    0.      
GRID        3421        0.09    0.21    0.      
GRID        3422        0.095   0.21    0.      
GRID        3423        0.1     0.21    0.      
GRID        3424        0.105   0.21    0.      
GRID        3425        0.11    0.21    0.      
GRID        3426        0.115   0.21    0.      
GRID        3427        0.12    0.21    0.      
GRID        3428        0.125   0.21    0.      
GRID        3429        0.13    0.21    0.      
GRID        3430        0.135   0.21    0.      
GRID        3431        0.14    0.21    0.      
GRID        3432        0.145   0.21    0.      
GRID        3433        0.15    0.21    0.      
GRID        3434        0.155   0.21    0.      
GRID        3435        0.16    0.21    0.      
GRID        3436        0.165   0.21    0.      
GRID        3437        0.17    0.21    0.      
GRID        3438        0.175   0.21    0.      
GRID        3439        0.18    0.21    0.      
GRID        3440        0.185   0.21    0.      
GRID        3441        0.19    0.21    0.      
GRID        3442        0.195   0.21    0.      
GRID        3443        0.2     0.21    0.      
GRID        3444        0.205   0.21    0.      
GRID        3445        0.21    0.21    0.      
GRID        3446        0.215   0.21    0.      
GRID        3447        0.22    0.21    0.      
GRID        3448        0.225   0.21    0.      
GRID        3449        0.23    0.21    0.      
GRID        3450        0.235   0.21    0.      
GRID        3451        0.24    0.21    0.      
GRID        3452        0.245   0.21    0.      
GRID        3453        0.25    0.21    0.      
GRID        3454        0.255   0.21    0.      
GRID        3455        0.26    0.21    0.      
GRID        3456        0.265   0.21    0.      
GRID        3457        0.27    0.21    0.      
GRID        3458        0.275   0.21    0.      
GRID        3459        0.28    0.21    0.      
GRID        3460        0.285   0.21    0.      
GRID        3461        0.29    0.21    0.      
GRID        3462        0.295   0.21    0.      
GRID        3463        0.3     0.21    0.      
GRID        3464        0.305   0.21    0.      
GRID        3465        0.31    0.21    0.      
GRID        3466        0.315   0.21    0.      
GRID        3467        0.32    0.21    0.      
GRID        3468        0.325   0.21    0.      
GRID        3469        0.33    0.21    0.      
GRID        3470        0.335   0.21    0.      
GRID        3471        0.34    0.21    0.      
GRID        3472        0.345   0.21    0.      
GRID        3473        0.35    0.21    0.      
GRID        3474        0.355   0.21    0.      
GRID        3475        0.36    0.21    0.      
GRID        3476        0.365   0.21    0.      
GRID        3477        0.37    0.21    0.      
GRID        3478        0.375   0.21    0.      
GRID        3479        0.38    0.21    0.      
GRID        3480        0.385   0.21    0.      
GRID        3481        0.39    0.21    0.      
GRID        3482        0.395   0.21    0.      
GRID        3483        0.4     0.21    0.      
GRID        3484        0.      0.215   0.      
GRID        3485        0.005   0.215   0.      
GRID        3486        0.01    0.215   0.      
GRID        3487        0.015   0.215   0.      
GRID        3488        0.02    0.215   0.      
GRID        3489        0.025   0.215   0.      
GRID        3490        0.03    0.215   0.      
GRID        3491        0.035   0.215   0.      
GRID        3492        0.04    0.215   0.      
GRID        3493        0.045   0.215   0.      
GRID        3494        0.05    0.215   0.      
GRID        3495        0.055   0.215   0.      
GRID        3496        0.06    0.215   0.      
GRID        3497        0.065   0.215   0.      
GRID        3498        0.07    0.215   0.      
GRID        3499        0.075   0.215   0.      
GRID        3500        0.08    0.215   0.      
GRID        3501        0.085   0.215   0.      
GRID        3502        0.09    0.215   0.      
GRID        3503        0.095   0.215   0.      
GRID        3504        0.1     0.215   0.      
GRID        3505        0.105   0.215   0.      
GRID        3506        0.11    0.215   0.      
GRID        3507        0.115   0.215   0.      
GRID        3508        0.12    0.215   0.      
GRID        3509        0.125   0.215   0.      
GRID        3510        0.13    0.215   0.      
GRID        3511        0.135   0.215   0.      
GRID        3512        0.14    0.215   0.      
GRID        3513        0.145   0.215   0.      
GRID        3514        0.15    0.215   0.      
GRID        3515        0.155   0.215   0.      
GRID        3516        0.16    0.215   0.      
GRID        3517        0.165   0.215   0.      
GRID        3518        0.17    0.215   0.      
GRID        3519        0.175   0.215   0.      
GRID        3520        0.18    0.215   0.      
GRID        3521        0.185   0.215   0.      
GRID        3522        0.19    0.215   0.      
GRID        3523        0.195   0.215   0.      
GRID        3524        0.2     0.215   0.      
GRID        3525        0.205   0.215   0.      
GRID        3526        0.21    0.215   0.      
GRID        3527        0.215   0.215   0.      
GRID        3528        0.22    0.215   0.      
GRID        3529        0.225   0.215   0.      
GRID        3530        0.23    0.215   0.      
GRID        3531        0.235   0.215   0.      
GRID        3532        0.24    0.215   0.      
GRID        3533        0.245   0.215   0.      
GRID        3534        0.25    0.215   0.      
GRID        3535        0.255   0.215   0.      
GRID        3536        0.26    0.215   0.      
GRID        3537        0.265   0.215   0.      
GRID        3538        0.27    0.215   0.      
GRID        3539        0.275   0.215   0.      
GRID        3540        0.28    0.215   0.      
GRID        3541        0.285   0.215   0.      
GRID        3542        0.29    0.215   0.      
GRID        3543        0.295   0.215   0.      
GRID        3544        0.3     0.215   0.      
GRID        3545        0.305   0.215   0.      
GRID        3546        0.31    0.215   0.      
GRID        3547        0.315   0.215   0.      
GRID        3548        0.32    0.215   0.      
GRID        3549        0.325   0.215   0.      
GRID        3550        0.33    0.215   0.      
GRID        3551        0.335   0.215   0.      
GRID        3552        0.34    0.215   0.      
GRID        3553        0.345   0.215   0.      
GRID        3554        0.35    0.215   0.      
GRID        3555        0.355   0.215   0.      
GRID        3556        0.36    0.215   0.      
GRID        3557        0.365   0.215   0.      
GRID        3558        0.37    0.215   0.      
GRID        3559        0.375   0.215   0.      
GRID        3560        0.38    0.215   0.      
GRID        3561        0.385   0.215   0.      
GRID        3562        0.39    0.215   0.      
GRID        3563        0.395   0.215   0.      
GRID        3564        0.4     0.215   0.      
GRID        3565        0.      0.22    0.      
GRID        3566        0.005   0.22    0.      
GRID        3567        0.01    0.22    0.      
GRID        3568        0.015   0.22    0.      
GRID        3569        0.02    0.22    0.      
GRID        3570        0.025   0.22    0.      
GRID        3571        0.03    0.22    0.      
GRID        3572        0.035   0.22    0.      
GRID        3573        0.04    0.22    0.      
GRID        3574        0.045   0.22    0.      
GRID        3575        0.05    0.22    0.      
GRID        3576        0.055   0.22    0.      
GRID        3577        0.06    0.22    0.      
GRID        3578        0.065   0.22    0.      
GRID        3579        0.07    0.22    0.      
GRID        3580        0.075   0.22    0.      
GRID        3581        0.08    0.22    0.      
GRID        3582        0.085   0.22    0.      
GRID        3583        0.09    0.22    0.      
GRID        3584        0.095   0.22    0.      
GRID        3585        0.1     0.22    0.      
GRID        3586        0.105   0.22    0.      
GRID        3587        0.11    0.22    0.      
GRID        3588        0.115   0.22    0.      
GRID        3589        0.12    0.22    0.      
GRID        3590        0.125   0.22    0.      
GRID        3591        0.13    0.22    0.      
GRID        3592        0.135   0.22    0.      
GRID        3593        0.14    0.22    0.      
GRID        3594        0.145   0.22    0.      
GRID        3595        0.15    0.22    0.      
GRID        3596        0.155   0.22    0.      
GRID        3597        0.16    0.22    0.      
GRID        3598        0.165   0.22    0.      
GRID        3599        0.17    0.22    0.      
GRID        3600        0.175   0.22    0.      
GRID        3601        0.18    0.22    0.      
GRID        3602        0.185   0.22    0.      
GRID        3603        0.19    0.22    0.      
GRID        3604        0.195   0.22    0.      
GRID        3605        0.2     0.22    0.      
GRID        3606        0.205   0.22    0.      
GRID        3607        0.21    0.22    0.      
GRID        3608        0.215   0.22    0.      
GRID        3609        0.22    0.22    0.      
GRID        3610        0.225   0.22    0.      
GRID        3611        0.23    0.22    0.      
GRID        3612        0.235   0.22    0.      
GRID        3613        0.24    0.22    0.      
GRID        3614        0.245   0.22    0.      
GRID        3615        0.25    0.22    0.      
GRID        3616        0.255   0.22    0.      
GRID        3617        0.26    0.22    0.      
GRID        3618        0.265   0.22    0.      
GRID        3619        0.27    0.22    0.      
GRID        3620        0.275   0.22    0.      
GRID        3621        0.28    0.22    0.      
GRID        3622        0.285   0.22    0.      
GRID        3623        0.29    0.22    0.      
GRID        3624        0.295   0.22    0.      
GRID        3625        0.3     0.22    0.      
GRID        3626        0.305   0.22    0.      
GRID        3627        0.31    0.22    0.      
GRID        3628        0.315   0.22    0.      
GRID        3629        0.32    0.22    0.      
GRID        3630        0.325   0.22    0.      
GRID        3631        0.33    0.22    0.      
GRID        3632        0.335   0.22    0.      
GRID        3633        0.34    0.22    0.      
GRID        3634        0.345   0.22    0.      
GRID        3635        0.35    0.22    0.      
GRID        3636        0.355   0.22    0.      
GRID        3637        0.36    0.22    0.      
GRID        3638        0.365   0.22    0.      
GRID        3639        0.37    0.22    0.      
GRID        3640        0.375   0.22    0.      
GRID        3641        0.38    0.22    0.      
GRID        3642        0.385   0.22    0.      
GRID        3643        0.39    0.22    0.      
GRID        3644        0.395   0.22    0.      
GRID        3645        0.4     0.22    0.      
GRID        3646        0.      0.225   0.      
GRID        3647        0.005   0.225   0.      
GRID        3648        0.01    0.225   0.      
GRID        3649        0.015   0.225   0.      
GRID        3650        0.02    0.225   0.      
GRID        3651        0.025   0.225   0.      
GRID        3652        0.03    0.225   0.      
GRID        3653        0.035   0.225   0.      
GRID        3654        0.04    0.225   0.      
GRID        3655        0.045   0.225   0.      
GRID        3656        0.05    0.225   0.      
GRID        3657        0.055   0.225   0.      
GRID        3658        0.06    0.225   0.      
GRID        3659        0.065   0.225   0.      
GRID        3660        0.07    0.225   0.      
GRID        3661        0.075   0.225   0.      
GRID        3662        0.08    0.225   0.      
GRID        3663        0.085   0.225   0.      
GRID        3664        0.09    0.225   0.      
GRID        3665        0.095   0.225   0.      
GRID        3666        0.1     0.225   0.      
GRID        3667        0.105   0.225   0.      
GRID        3668        0.11    0.225   0.      
GRID        3669        0.115   0.225   0.      
GRID        3670        0.12    0.225   0.      
GRID        3671        0.125   0.225   0.      
GRID        3672        0.13    0.225   0.      
GRID        3673        0.135   0.225   0.      
GRID        3674        0.14    0.225   0.      
GRID        3675        0.145   0.225   0.      
GRID        3676        0.15    0.225   0.      
GRID        3677        0.155   0.225   0.      
GRID        3678        0.16    0.225   0.      
GRID        3679        0.165   0.225   0.      
GRID        3680        0.17    0.225   0.      
GRID        3681        0.175   0.225   0.      
GRID        3682        0.18    0.225   0.      
GRID        3683        0.185   0.225   0.      
GRID        3684        0.19    0.225   0.      
GRID        3685        0.195   0.225   0.      
GRID        3686        0.2     0.225   0.      
GRID        3687        0.205   0.225   0.      
GRID        3688        0.21    0.225   0.      
GRID        3689        0.215   0.225   0.      
GRID        3690        0.22    0.225   0.      
GRID        3691        0.225   0.225   0.      
GRID        3692        0.23    0.225   0.      
GRID        3693        0.235   0.225   0.      
GRID        3694        0.24    0.225   0.      
GRID        3695        0.245   0.225   0.      
GRID        3696        0.25    0.225   0.      
GRID        3697        0.255   0.225   0.      
GRID        3698        0.26    0.225   0.      
GRID        3699        0.265   0.225   0.      
GRID        3700        0.27    0.225   0.      
GRID        3701        0.275   0.225   0.      
GRID        3702        0.28    0.225   0.      
GRID        3703        0.285   0.225   0.      
GRID        3704        0.29    0.225   0.      
GRID        3705        0.295   0.225   0.      
GRID        3706        0.3     0.225   0.      
GRID        3707        0.305   0.225   0.      
GRID        3708        0.31    0.225   0.      
GRID        3709        0.315   0.225   0.      
GRID        3710        0.32    0.225   0.      
GRID        3711        0.325   0.225   0.      
GRID        3712        0.33    0.225   0.      
GRID        3713        0.335   0.225   0.      
GRID        3714        0.34    0.225   0.      
GRID        3715        0.345   0.225   0.      
GRID        3716        0.35    0.225   0.      
GRID        3717        0.355   0.225   0.      
GRID        3718        0.36    0.225   0.      
GRID        3719        0.365   0.225   0.      
GRID        3720        0.37    0.225   0.      
GRID        3721        0.375   0.225   0.      
GRID        3722        0.38    0.225   0.      
GRID        3723        0.385   0.225   0.      
GRID        3724        0.39    0.225   0.      
GRID        3725        0.395   0.225   0.      
GRID        3726        0.4     0.225   0.      
GRID        3727        0.      0.23    0.      
GRID        3728        0.005   0.23    0.      
GRID        3729        0.01    0.23    0.      
GRID        3730        0.015   0.23    0.      
GRID        3731        0.02    0.23    0.      
GRID        3732        0.025   0.23    0.      
GRID        3733        0.03    0.23    0.      
GRID        3734        0.035   0.23    0.      
GRID        3735        0.04    0.23    0.      
GRID        3736        0.045   0.23    0.      
GRID        3737        0.05    0.23    0.      
GRID        3738        0.055   0.23    0.      
GRID        3739        0.06    0.23    0.      
GRID        3740        0.065   0.23    0.      
GRID        3741        0.07    0.23    0.      
GRID        3742        0.075   0.23    0.      
GRID        3743        0.08    0.23    0.      
GRID        3744        0.085   0.23    0.      
GRID        3745        0.09    0.23    0.      
GRID        3746        0.095   0.23    0.      
GRID        3747        0.1     0.23    0.      
GRID        3748        0.105   0.23    0.      
GRID        3749        0.11    0.23    0.      
GRID        3750        0.115   0.23    0.      
GRID        3751        0.12    0.23    0.      
GRID        3752        0.125   0.23    0.      
GRID        3753        0.13    0.23    0.      
GRID        3754        0.135   0.23    0.      
GRID        3755        0.14    0.23    0.      
GRID        3756        0.145   0.23    0.      
GRID        3757        0.15    0.23    0.      
GRID        3758        0.155   0.23    0.      
GRID        3759        0.16    0.23    0.      
GRID        3760        0.165   0.23    0.      
GRID        3761        0.17    0.23    0.      
GRID        3762        0.175   0.23    0.      
GRID        3763        0.18    0.23    0.      
GRID        3764        0.185   0.23    0.      
GRID        3765        0.19    0.23    0.      
GRID        3766        0.195   0.23    0.      
GRID        3767        0.2     0.23    0.      
GRID        3768        0.205   0.23    0.      
GRID        3769        0.21    0.23    0.      
GRID        3770        0.215   0.23    0.      
GRID        3771        0.22    0.23    0.      
GRID        3772        0.225   0.23    0.      
GRID        3773        0.23    0.23    0.      
GRID        3774        0.235   0.23    0.      
GRID        3775        0.24    0.23    0.      
GRID        3776        0.245   0.23    0.      
GRID        3777        0.25    0.23    0.      
GRID        3778        0.255   0.23    0.      
GRID        3779        0.26    0.23    0.      
GRID        3780        0.265   0.23    0.      
GRID        3781        0.27    0.23    0.      
GRID        3782        0.275   0.23    0.      
GRID        3783        0.28    0.23    0.      
GRID        3784        0.285   0.23    0.      
GRID        3785        0.29    0.23    0.      
GRID        3786        0.295   0.23    0.      
GRID        3787        0.3     0.23    0.      
GRID        3788        0.305   0.23    0.      
GRID        3789        0.31    0.23    0.      
GRID        3790        0.315   0.23    0.      
GRID        3791        0.32    0.23    0.      
GRID        3792        0.325   0.23    0.      
GRID        3793        0.33    0.23    0.      
GRID        3794        0.335   0.23    0.      
GRID        3795        0.34    0.23    0.      
GRID        3796        0.345   0.23    0.      
GRID        3797        0.35    0.23    0.      
GRID        3798        0.355   0.23    0.      
GRID        3799        0.36    0.23    0.      
GRID        3800        0.365   0.23    0.      
GRID        3801        0.37    0.23    0.      
GRID        3802        0.375   0.23    0.      
GRID        3803        0.38    0.23    0.      
GRID        3804        0.385   0.23    0.      
GRID        3805        0.39    0.23    0.      
GRID        3806        0.395   0.23    0.      
GRID        3807        0.4     0.23    0.      
GRID        3808        0.      0.235   0.      
GRID        3809        0.005   0.235   0.      
GRID        3810        0.01    0.235   0.      
GRID        3811        0.015   0.235   0.      
GRID        3812        0.02    0.235   0.      
GRID        3813        0.025   0.235   0.      
GRID        3814        0.03    0.235   0.      
GRID        3815        0.035   0.235   0.      
GRID        3816        0.04    0.235   0.      
GRID        3817        0.045   0.235   0.      
GRID        3818        0.05    0.235   0.      
GRID        3819        0.055   0.235   0.      
GRID        3820        0.06    0.235   0.      
GRID        3821        0.065   0.235   0.      
GRID        3822        0.07    0.235   0.      
GRID        3823        0.075   0.235   0.      
GRID        3824        0.08    0.235   0.      
GRID        3825        0.085   0.235   0.      
GRID        3826        0.09    0.235   0.      
GRID        3827        0.095   0.235   0.      
GRID        3828        0.1     0.235   0.      
GRID        3829        0.105   0.235   0.      
GRID        3830        0.11    0.235   0.      
GRID        3831        0.115   0.235   0.      
GRID        3832        0.12    0.235   0.      
GRID        3833        0.125   0.235   0.      
GRID        3834        0.13    0.235   0.      
GRID        3835        0.135   0.235   0.      
GRID        3836        0.14    0.235   0.      
GRID        3837        0.145   0.235   0.      
GRID        3838        0.15    0.235   0.      
GRID        3839        0.155   0.235   0.      
GRID        3840        0.16    0.235   0.      
GRID        3841        0.165   0.235   0.      
GRID        3842        0.17    0.235   0.      
GRID        3843        0.175   0.235   0.      
GRID        3844        0.18    0.235   0.      
GRID        3845        0.185   0.235   0.      
GRID        3846        0.19    0.235   0.      
GRID        3847        0.195   0.235   0.      
GRID        3848        0.2     0.235   0.      
GRID        3849        0.205   0.235   0.      
GRID        3850        0.21    0.235   0.      
GRID        3851        0.215   0.235   0.      
GRID        3852        0.22    0.235   0.      
GRID        3853        0.225   0.235   0.      
GRID        3854        0.23    0.235   0.      
GRID        3855        0.235   0.235   0.      
GRID        3856        0.24    0.235   0.      
GRID        3857        0.245   0.235   0.      
GRID        3858        0.25    0.235   0.      
GRID        3859        0.255   0.235   0.      
GRID        3860        0.26    0.235   0.      
GRID        3861        0.265   0.235   0.      
GRID        3862        0.27    0.235   0.      
GRID        3863        0.275   0.235   0.      
GRID        3864        0.28    0.235   0.      
GRID        3865        0.285   0.235   0.      
GRID        3866        0.29    0.235   0.      
GRID        3867        0.295   0.235   0.      
GRID        3868        0.3     0.235   0.      
GRID        3869        0.305   0.235   0.      
GRID        3870        0.31    0.235   0.      
GRID        3871        0.315   0.235   0.      
GRID        3872        0.32    0.235   0.      
GRID        3873        0.325   0.235   0.      
GRID        3874        0.33    0.235   0.      
GRID        3875        0.335   0.235   0.      
GRID        3876        0.34    0.235   0.      
GRID        3877        0.345   0.235   0.      
GRID        3878        0.35    0.235   0.      
GRID        3879        0.355   0.235   0.      
GRID        3880        0.36    0.235   0.      
GRID        3881        0.365   0.235   0.      
GRID        3882        0.37    0.235   0.      
GRID        3883        0.375   0.235   0.      
GRID        3884        0.38    0.235   0.      
GRID        3885        0.385   0.235   0.      
GRID        3886        0.39    0.235   0.      
GRID        3887        0.395   0.235   0.      
GRID        3888        0.4     0.235   0.      
GRID        3889        0.      0.24    0.      
GRID        3890        0.005   0.24    0.      
GRID        3891        0.01    0.24    0.      
GRID        3892        0.015   0.24    0.      
GRID        3893        0.02    0.24    0.      
GRID        3894        0.025   0.24    0.      
GRID        3895        0.03    0.24    0.      
GRID        3896        0.035   0.24    0.      
GRID        3897        0.04    0.24    0.      
GRID        3898        0.045   0.24    0.      
GRID        3899        0.05    0.24    0.      
GRID        3900        0.055   0.24    0.      
GRID        3901        0.06    0.24    0.      
GRID        3902        0.065   0.24    0.      
GRID        3903        0.07    0.24    0.      
GRID        3904        0.075   0.24    0.      
GRID        3905        0.08    0.24    0.      
GRID        3906        0.085   0.24    0.      
GRID        3907        0.09    0.24    0.      
GRID        3908        0.095   0.24    0.      
GRID        3909        0.1     0.24    0.      
GRID        3910        0.105   0.24    0.      
GRID        3911        0.11    0.24    0.      
GRID        3912        0.115   0.24    0.      
GRID        3913        0.12    0.24    0.      
GRID        3914        0.125   0.24    0.      
GRID        3915        0.13    0.24    0.      
GRID        3916        0.135   0.24    0.      
GRID        3917        0.14    0.24    0.      
GRID        3918        0.145   0.24    0.      
GRID        3919        0.15    0.24    0.      
GRID        3920        0.155   0.24    0.      
GRID        3921        0.16    0.24    0.      
GRID        3922        0.165   0.24    0.      
GRID        3923        0.17    0.24    0.      
GRID        3924        0.175   0.24    0.      
GRID        3925        0.18    0.24    0.      
GRID        3926        0.185   0.24    0.      
GRID        3927        0.19    0.24    0.      
GRID        3928        0.195   0.24    0.      
GRID        3929        0.2     0.24    0.      
GRID        3930        0.205   0.24    0.      
GRID        3931        0.21    0.24    0.      
GRID        3932        0.215   0.24    0.      
GRID        3933        0.22    0.24    0.      
GRID        3934        0.225   0.24    0.      
GRID        3935        0.23    0.24    0.      
GRID        3936        0.235   0.24    0.      
GRID        3937        0.24    0.24    0.      
GRID        3938        0.245   0.24    0.      
GRID        3939        0.25    0.24    0.      
GRID        3940        0.255   0.24    0.      
GRID        3941        0.26    0.24    0.      
GRID        3942        0.265   0.24    0.      
GRID        3943        0.27    0.24    0.      
GRID        3944        0.275   0.24    0.      
GRID        3945        0.28    0.24    0.      
GRID        3946        0.285   0.24    0.      
GRID        3947        0.29    0.24    0.      
GRID        3948        0.295   0.24    0.      
GRID        3949        0.3     0.24    0.      
GRID        3950        0.305   0.24    0.      
GRID        3951        0.31    0.24    0.      
GRID        3952        0.315   0.24    0.      
GRID        3953        0.32    0.24    0.      
GRID        3954        0.325   0.24    0.      
GRID        3955        0.33    0.24    0.      
GRID        3956        0.335   0.24    0.      
GRID        3957        0.34    0.24    0.      
GRID        3958        0.345   0.24    0.      
GRID        3959        0.35    0.24    0.      
GRID        3960        0.355   0.24    0.      
GRID        3961        0.36    0.24    0.      
GRID        3962        0.365   0.24    0.      
GRID        3963        0.37    0.24    0.      
GRID        3964        0.375   0.24    0.      
GRID        3965        0.38    0.24    0.      
GRID        3966        0.385   0.24    0.      
GRID        3967        0.39    0.24    0.      
GRID        3968        0.395   0.24    0.      
GRID        3969        0.4     0.24    0.      
GRID        3970        0.      0.245   0.      
GRID        3971        0.005   0.245   0.      
GRID        3972        0.01    0.245   0.      
GRID        3973        0.015   0.245   0.      
GRID        3974        0.02    0.245   0.      
GRID        3975        0.025   0.245   0.      
GRID        3976        0.03    0.245   0.      
GRID        3977        0.035   0.245   0.      
GRID        3978        0.04    0.245   0.      
GRID        3979        0.045   0.245   0.      
GRID        3980        0.05    0.245   0.      
GRID        3981        0.055   0.245   0.      
GRID        3982        0.06    0.245   0.      
GRID        3983        0.065   0.245   0.      
GRID        3984        0.07    0.245   0.      
GRID        3985        0.075   0.245   0.      
GRID        3986        0.08    0.245   0.      
GRID        3987        0.085   0.245   0.      
GRID        3988        0.09    0.245   0.      
GRID        3989        0.095   0.245   0.      
GRID        3990        0.1     0.245   0.      
GRID        3991        0.105   0.245   0.      
GRID        3992        0.11    0.245   0.      
GRID        3993        0.115   0.245   0.      
GRID        3994        0.12    0.245   0.      
GRID        3995        0.125   0.245   0.      
GRID        3996        0.13    0.245   0.      
GRID        3997        0.135   0.245   0.      
GRID        3998        0.14    0.245   0.      
GRID        3999        0.145   0.245   0.      
GRID        4000        0.15    0.245   0.      
GRID        4001        0.155   0.245   0.      
GRID        4002        0.16    0.245   0.      
GRID        4003        0.165   0.245   0.      
GRID        4004        0.17    0.245   0.      
GRID        4005        0.175   0.245   0.      
GRID        4006        0.18    0.245   0.      
GRID        4007        0.185   0.245   0.      
GRID        4008        0.19    0.245   0.      
GRID        4009        0.195   0.245   0.      
GRID        4010        0.2     0.245   0.      
GRID        4011        0.205   0.245   0.      
GRID        4012        0.21    0.245   0.      
GRID        4013        0.215   0.245   0.      
GRID        4014        0.22    0.245   0.      
GRID        4015        0.225   0.245   0.      
GRID        4016        0.23    0.245   0.      
GRID        4017        0.235   0.245   0.      
GRID        4018        0.24    0.245   0.      
GRID        4019        0.245   0.245   0.      
GRID        4020        0.25    0.245   0.      
GRID        4021        0.255   0.245   0.      
GRID        4022        0.26    0.245   0.      
GRID        4023        0.265   0.245   0.      
GRID        4024        0.27    0.245   0.      
GRID        4025        0.275   0.245   0.      
GRID        4026        0.28    0.245   0.      
GRID        4027        0.285   0.245   0.      
GRID        4028        0.29    0.245   0.      
GRID        4029        0.295   0.245   0.      
GRID        4030        0.3     0.245   0.      
GRID        4031        0.305   0.245   0.      
GRID        4032        0.31    0.245   0.      
GRID        4033        0.315   0.245   0.      
GRID        4034        0.32    0.245   0.      
GRID        4035        0.325   0.245   0.      
GRID        4036        0.33    0.245   0.      
GRID        4037        0.335   0.245   0.      
GRID        4038        0.34    0.245   0.      
GRID        4039        0.345   0.245   0.      
GRID        4040        0.35    0.245   0.      
GRID        4041        0.355   0.245   0.      
GRID        4042        0.36    0.245   0.      
GRID        4043        0.365   0.245   0.      
GRID        4044        0.37    0.245   0.      
GRID        4045        0.375   0.245   0.      
GRID        4046        0.38    0.245   0.      
GRID        4047        0.385   0.245   0.      
GRID        4048        0.39    0.245   0.      
GRID        4049        0.395   0.245   0.      
GRID        4050        0.4     0.245   0.      
GRID        4051        0.      0.25    0.      
GRID        4052        0.005   0.25    0.      
GRID        4053        0.01    0.25    0.      
GRID        4054        0.015   0.25    0.      
GRID        4055        0.02    0.25    0.      
GRID        4056        0.025   0.25    0.      
GRID        4057        0.03    0.25    0.      
GRID        4058        0.035   0.25    0.      
GRID        4059        0.04    0.25    0.      
GRID        4060        0.045   0.25    0.      
GRID        4061        0.05    0.25    0.      
GRID        4062        0.055   0.25    0.      
GRID        4063        0.06    0.25    0.      
GRID        4064        0.065   0.25    0.      
GRID        4065        0.07    0.25    0.      
GRID        4066        0.075   0.25    0.      
GRID        4067        0.08    0.25    0.      
GRID        4068        0.085   0.25    0.      
GRID        4069        0.09    0.25    0.      
GRID        4070        0.095   0.25    0.      
GRID        4071        0.1     0.25    0.      
GRID        4072        0.105   0.25    0.      
GRID        4073        0.11    0.25    0.      
GRID        4074        0.115   0.25    0.      
GRID        4075        0.12    0.25    0.      
GRID        4076        0.125   0.25    0.      
GRID        4077        0.13    0.25    0.      
GRID        4078        0.135   0.25    0.      
GRID        4079        0.14    0.25    0.      
GRID        4080        0.145   0.25    0.      
GRID        4081        0.15    0.25    0.      
GRID        4082        0.155   0.25    0.      
GRID        4083        0.16    0.25    0.      
GRID        4084        0.165   0.25    0.      
GRID        4085        0.17    0.25    0.      
GRID        4086        0.175   0.25    0.      
GRID        4087        0.18    0.25    0.      
GRID        4088        0.185   0.25    0.      
GRID        4089        0.19    0.25    0.      
GRID        4090        0.195   0.25    0.      
GRID        4091        0.2     0.25    0.      
GRID        4092        0.205   0.25    0.      
GRID        4093        0.21    0.25    0.      
GRID        4094        0.215   0.25    0.      
GRID        4095        0.22    0.25    0.      
GRID        4096        0.225   0.25    0.      
GRID        4097        0.23    0.25    0.      
GRID        4098        0.235   0.25    0.      
GRID        4099        0.24    0.25    0.      
GRID        4100        0.245   0.25    0.      
GRID        4101        0.25    0.25    0.      
GRID        4102        0.255   0.25    0.      
GRID        4103        0.26    0.25    0.      
GRID        4104        0.265   0.25    0.      
GRID        4105        0.27    0.25    0.      
GRID        4106        0.275   0.25    0.      
GRID        4107        0.28    0.25    0.      
GRID        4108        0.285   0.25    0.      
GRID        4109        0.29    0.25    0.      
GRID        4110        0.295   0.25    0.      
GRID        4111        0.3     0.25    0.      
GRID        4112        0.305   0.25    0.      
GRID        4113        0.31    0.25    0.      
GRID        4114        0.315   0.25    0.      
GRID        4115        0.32    0.25    0.      
GRID        4116        0.325   0.25    0.      
GRID        4117        0.33    0.25    0.      
GRID        4118        0.335   0.25    0.      
GRID        4119        0.34    0.25    0.      
GRID        4120        0.345   0.25    0.      
GRID        4121        0.35    0.25    0.      
GRID        4122        0.355   0.25    0.      
GRID        4123        0.36    0.25    0.      
GRID        4124        0.365   0.25    0.      
GRID        4125        0.37    0.25    0.      
GRID        4126        0.375   0.25    0.      
GRID        4127        0.38    0.25    0.      
GRID        4128        0.385   0.25    0.      
GRID        4129        0.39    0.25    0.      
GRID        4130        0.395   0.25    0.      
GRID        4131        0.4     0.25    0.      
GRID        4132        0.      0.255   0.      
GRID        4133        0.005   0.255   0.      
GRID        4134        0.01    0.255   0.      
GRID        4135        0.015   0.255   0.      
GRID        4136        0.02    0.255   0.      
GRID        4137        0.025   0.255   0.      
GRID        4138        0.03    0.255   0.      
GRID        4139        0.035   0.255   0.      
GRID        4140        0.04    0.255   0.      
GRID        4141        0.045   0.255   0.      
GRID        4142        0.05    0.255   0.      
GRID        4143        0.055   0.255   0.      
GRID        4144        0.06    0.255   0.      
GRID        4145        0.065   0.255   0.      
GRID        4146        0.07    0.255   0.      
GRID        4147        0.075   0.255   0.      
GRID        4148        0.08    0.255   0.      
GRID        4149        0.085   0.255   0.      
GRID        4150        0.09    0.255   0.      
GRID        4151        0.095   0.255   0.      
GRID        4152        0.1     0.255   0.      
GRID        4153        0.105   0.255   0.      
GRID        4154        0.11    0.255   0.      
GRID        4155        0.115   0.255   0.      
GRID        4156        0.12    0.255   0.      
GRID        4157        0.125   0.255   0.      
GRID        4158        0.13    0.255   0.      
GRID        4159        0.135   0.255   0.      
GRID        4160        0.14    0.255   0.      
GRID        4161        0.145   0.255   0.      
GRID        4162        0.15    0.255   0.      
GRID        4163        0.155   0.255   0.      
GRID        4164        0.16    0.255   0.      
GRID        4165        0.165   0.255   0.      
GRID        4166        0.17    0.255   0.      
GRID        4167        0.175   0.255   0.      
GRID        4168        0.18    0.255   0.      
GRID        4169        0.185   0.255   0.      
GRID        4170        0.19    0.255   0.      
GRID        4171        0.195   0.255   0.      
GRID        4172        0.2     0.255   0.      
GRID        4173        0.205   0.255   0.      
GRID        4174        0.21    0.255   0.      
GRID        4175        0.215   0.255   0.      
GRID        4176        0.22    0.255   0.      
GRID        4177        0.225   0.255   0.      
GRID        4178        0.23    0.255   0.      
GRID        4179        0.235   0.255   0.      
GRID        4180        0.24    0.255   0.      
GRID        4181        0.245   0.255   0.      
GRID        4182        0.25    0.255   0.      
GRID        4183        0.255   0.255   0.      
GRID        4184        0.26    0.255   0.      
GRID        4185        0.265   0.255   0.      
GRID        4186        0.27    0.255   0.      
GRID        4187        0.275   0.255   0.      
GRID        4188        0.28    0.255   0.      
GRID        4189        0.285   0.255   0.      
GRID        4190        0.29    0.255   0.      
GRID        4191        0.295   0.255   0.      
GRID        4192        0.3     0.255   0.      
GRID        4193        0.305   0.255   0.      
GRID        4194        0.31    0.255   0.      
GRID        4195        0.315   0.255   0.      
GRID        4196        0.32    0.255   0.      
GRID        4197        0.325   0.255   0.      
GRID        4198        0.33    0.255   0.      
GRID        4199        0.335   0.255   0.      
GRID        4200        0.34    0.255   0.      
GRID        4201        0.345   0.255   0.      
GRID        4202        0.35    0.255   0.      
GRID        4203        0.355   0.255   0.      
GRID        4204        0.36    0.255   0.      
GRID        4205        0.365   0.255   0.      
GRID        4206        0.37    0.255   0.      
GRID        4207        0.375   0.255   0.      
GRID        4208        0.38    0.255   0.      
GRID        4209        0.385   0.255   0.      
GRID        4210        0.39    0.255   0.      
GRID        4211        0.395   0.255   0.      
GRID        4212        0.4     0.255   0.      
GRID        4213        0.      0.26    0.      
GRID        4214        0.005   0.26    0.      
GRID        4215        0.01    0.26    0.      
GRID        4216        0.015   0.26    0.      
GRID        4217        0.02    0.26    0.      
GRID        4218        0.025   0.26    0.      
GRID        4219        0.03    0.26    0.      
GRID        4220        0.035   0.26    0.      
GRID        4221        0.04    0.26    0.      
GRID        4222        0.045   0.26    0.      
GRID        4223        0.05    0.26    0.      
GRID        4224        0.055   0.26    0.      
GRID        4225        0.06    0.26    0.      
GRID        4226        0.065   0.26    0.      
GRID        4227        0.07    0.26    0.      
GRID        4228        0.075   0.26    0.      
GRID        4229        0.08    0.26    0.      
GRID        4230        0.085   0.26    0.      
GRID        4231        0.09    0.26    0.      
GRID        4232        0.095   0.26    0.      
GRID        4233        0.1     0.26    0.      
GRID        4234        0.105   0.26    0.      
GRID        4235        0.11    0.26    0.      
GRID        4236        0.115   0.26    0.      
GRID        4237        0.12    0.26    0.      
GRID        4238        0.125   0.26    0.      
GRID        4239        0.13    0.26    0.      
GRID        4240        0.135   0.26    0.      
GRID        4241        0.14    0.26    0.      
GRID        4242        0.145   0.26    0.      
GRID        4243        0.15    0.26    0.      
GRID        4244        0.155   0.26    0.      
GRID        4245        0.16    0.26    0.      
GRID        4246        0.165   0.26    0.      
GRID        4247        0.17    0.26    0.      
GRID        4248        0.175   0.26    0.      
GRID        4249        0.18    0.26    0.      
GRID        4250        0.185   0.26    0.      
GRID        4251        0.19    0.26    0.      
GRID        4252        0.195   0.26    0.      
GRID        4253        0.2     0.26    0.      
GRID        4254        0.205   0.26    0.      
GRID        4255        0.21    0.26    0.      
GRID        4256        0.215   0.26    0.      
GRID        4257        0.22    0.26    0.      
GRID        4258        0.225   0.26    0.      
GRID        4259        0.23    0.26    0.      
GRID        4260        0.235   0.26    0.      
GRID        4261        0.24    0.26    0.      
GRID        4262        0.245   0.26    0.      
GRID        4263        0.25    0.26    0.      
GRID        4264        0.255   0.26    0.      
GRID        4265        0.26    0.26    0.      
GRID        4266        0.265   0.26    0.      
GRID        4267        0.27    0.26    0.      
GRID        4268        0.275   0.26    0.      
GRID        4269        0.28    0.26    0.      
GRID        4270        0.285   0.26    0.      
GRID        4271        0.29    0.26    0.      
GRID        4272        0.295   0.26    0.      
GRID        4273        0.3     0.26    0.      
GRID        4274        0.305   0.26    0.      
GRID        4275        0.31    0.26    0.      
GRID        4276        0.315   0.26    0.      
GRID        4277        0.32    0.26    0.      
GRID        4278        0.325   0.26    0.      
GRID        4279        0.33    0.26    0.      
GRID        4280        0.335   0.26    0.      
GRID        4281        0.34    0.26    0.      
GRID        4282        0.345   0.26    0.      
GRID        4283        0.35    0.26    0.      
GRID        4284        0.355   0.26    0.      
GRID        4285        0.36    0.26    0.      
GRID        4286        0.365   0.26    0.      
GRID        4287        0.37    0.26    0.      
GRID        4288        0.375   0.26    0.      
GRID        4289        0.38    0.26    0.      
GRID        4290        0.385   0.26    0.      
GRID        4291        0.39    0.26    0.      
GRID        4292        0.395   0.26    0.      
GRID        4293        0.4     0.26    0.      
GRID        4294        0.      0.265   0.      
GRID        4295        0.005   0.265   0.      
GRID        4296        0.01    0.265   0.      
GRID        4297        0.015   0.265   0.      
GRID        4298        0.02    0.265   0.      
GRID        4299        0.025   0.265   0.      
GRID        4300        0.03    0.265   0.      
GRID        4301        0.035   0.265   0.      
GRID        4302        0.04    0.265   0.      
GRID        4303        0.045   0.265   0.      
GRID        4304        0.05    0.265   0.      
GRID        4305        0.055   0.265   0.      
GRID        4306        0.06    0.265   0.      
GRID        4307        0.065   0.265   0.      
GRID        4308        0.07    0.265   0.      
GRID        4309        0.075   0.265   0.      
GRID        4310        0.08    0.265   0.      
GRID        4311        0.085   0.265   0.      
GRID        4312        0.09    0.265   0.      
GRID        4313        0.095   0.265   0.      
GRID        4314        0.1     0.265   0.      
GRID        4315        0.105   0.265   0.      
GRID        4316        0.11    0.265   0.      
GRID        4317        0.115   0.265   0.      
GRID        4318        0.12    0.265   0.      
GRID        4319        0.125   0.265   0.      
GRID        4320        0.13    0.265   0.      
GRID        4321        0.135   0.265   0.      
GRID        4322        0.14    0.265   0.      
GRID        4323        0.145   0.265   0.      
GRID        4324        0.15    0.265   0.      
GRID        4325        0.155   0.265   0.      
GRID        4326        0.16    0.265   0.      
GRID        4327        0.165   0.265   0.      
GRID        4328        0.17    0.265   0.      
GRID        4329        0.175   0.265   0.      
GRID        4330        0.18    0.265   0.      
GRID        4331        0.185   0.265   0.      
GRID        4332        0.19    0.265   0.      
GRID        4333        0.195   0.265   0.      
GRID        4334        0.2     0.265   0.      
GRID        4335        0.205   0.265   0.      
GRID        4336        0.21    0.265   0.      
GRID        4337        0.215   0.265   0.      
GRID        4338        0.22    0.265   0.      
GRID        4339        0.225   0.265   0.      
GRID        4340        0.23    0.265   0.      
GRID        4341        0.235   0.265   0.      
GRID        4342        0.24    0.265   0.      
GRID        4343        0.245   0.265   0.      
GRID        4344        0.25    0.265   0.      
GRID        4345        0.255   0.265   0.      
GRID        4346        0.26    0.265   0.      
GRID        4347        0.265   0.265   0.      
GRID        4348        0.27    0.265   0.      
GRID        4349        0.275   0.265   0.      
GRID        4350        0.28    0.265   0.      
GRID        4351        0.285   0.265   0.      
GRID        4352        0.29    0.265   0.      
GRID        4353        0.295   0.265   0.      
GRID        4354        0.3     0.265   0.      
GRID        4355        0.305   0.265   0.      
GRID        4356        0.31    0.265   0.      
GRID        4357        0.315   0.265   0.      
GRID        4358        0.32    0.265   0.      
GRID        4359        0.325   0.265   0.      
GRID        4360        0.33    0.265   0.      
GRID        4361        0.335   0.265   0.      
GRID        4362        0.34    0.265   0.      
GRID        4363        0.345   0.265   0.      
GRID        4364        0.35    0.265   0.      
GRID        4365        0.355   0.265   0.      
GRID        4366        0.36    0.265   0.      
GRID        4367        0.365   0.265   0.      
GRID        4368        0.37    0.265   0.      
GRID        4369        0.375   0.265   0.      
GRID        4370        0.38    0.265   0.      
GRID        4371        0.385   0.265   0.      
GRID        4372        0.39    0.265   0.      
GRID        4373        0.395   0.265   0.      
GRID        4374        0.4     0.265   0.      
GRID        4375        0.      0.27    0.      
GRID        4376        0.005   0.27    0.      
GRID        4377        0.01    0.27    0.      
GRID        4378        0.015   0.27    0.      
GRID        4379        0.02    0.27    0.      
GRID        4380        0.025   0.27    0.      
GRID        4381        0.03    0.27    0.      
GRID        4382        0.035   0.27    0.      
GRID        4383        0.04    0.27    0.      
GRID        4384        0.045   0.27    0.      
GRID        4385        0.05    0.27    0.      
GRID        4386        0.055   0.27    0.      
GRID        4387        0.06    0.27    0.      
GRID        4388        0.065   0.27    0.      
GRID        4389        0.07    0.27    0.      
GRID        4390        0.075   0.27    0.      
GRID        4391        0.08    0.27    0.      
GRID        4392        0.085   0.27    0.      
GRID        4393        0.09    0.27    0.      
GRID        4394        0.095   0.27    0.      
GRID        4395        0.1     0.27    0.      
GRID        4396        0.105   0.27    0.      
GRID        4397        0.11    0.27    0.      
GRID        4398        0.115   0.27    0.      
GRID        4399        0.12    0.27    0.      
GRID        4400        0.125   0.27    0.      
GRID        4401        0.13    0.27    0.      
GRID        4402        0.135   0.27    0.      
GRID        4403        0.14    0.27    0.      
GRID        4404        0.145   0.27    0.      
GRID        4405        0.15    0.27    0.      
GRID        4406        0.155   0.27    0.      
GRID        4407        0.16    0.27    0.      
GRID        4408        0.165   0.27    0.      
GRID        4409        0.17    0.27    0.      
GRID        4410        0.175   0.27    0.      
GRID        4411        0.18    0.27    0.      
GRID        4412        0.185   0.27    0.      
GRID        4413        0.19    0.27    0.      
GRID        4414        0.195   0.27    0.      
GRID        4415        0.2     0.27    0.      
GRID        4416        0.205   0.27    0.      
GRID        4417        0.21    0.27    0.      
GRID        4418        0.215   0.27    0.      
GRID        4419        0.22    0.27    0.      
GRID        4420        0.225   0.27    0.      
GRID        4421        0.23    0.27    0.      
GRID        4422        0.235   0.27    0.      
GRID        4423        0.24    0.27    0.      
GRID        4424        0.245   0.27    0.      
GRID        4425        0.25    0.27    0.      
GRID        4426        0.255   0.27    0.      
GRID        4427        0.26    0.27    0.      
GRID        4428        0.265   0.27    0.      
GRID        4429        0.27    0.27    0.      
GRID        4430        0.275   0.27    0.      
GRID        4431        0.28    0.27    0.      
GRID        4432        0.285   0.27    0.      
GRID        4433        0.29    0.27    0.      
GRID        4434        0.295   0.27    0.      
GRID        4435        0.3     0.27    0.      
GRID        4436        0.305   0.27    0.      
GRID        4437        0.31    0.27    0.      
GRID        4438        0.315   0.27    0.      
GRID        4439        0.32    0.27    0.      
GRID        4440        0.325   0.27    0.      
GRID        4441        0.33    0.27    0.      
GRID        4442        0.335   0.27    0.      
GRID        4443        0.34    0.27    0.      
GRID        4444        0.345   0.27    0.      
GRID        4445        0.35    0.27    0.      
GRID        4446        0.355   0.27    0.      
GRID        4447        0.36    0.27    0.      
GRID        4448        0.365   0.27    0.      
GRID        4449        0.37    0.27    0.      
GRID        4450        0.375   0.27    0.      
GRID        4451        0.38    0.27    0.      
GRID        4452        0.385   0.27    0.      
GRID        4453        0.39    0.27    0.      
GRID        4454        0.395   0.27    0.      
GRID        4455        0.4     0.27    0.      
GRID        4456        0.      0.275   0.      
GRID        4457        0.005   0.275   0.      
GRID        4458        0.01    0.275   0.      
GRID        4459        0.015   0.275   0.      
GRID        4460        0.02    0.275   0.      
GRID        4461        0.025   0.275   0.      
GRID        4462        0.03    0.275   0.      
GRID        4463        0.035   0.275   0.      
GRID        4464        0.04    0.275   0.      
GRID        4465        0.045   0.275   0.      
GRID        4466        0.05    0.275   0.      
GRID        4467        0.055   0.275   0.      
GRID        4468        0.06    0.275   0.      
GRID        4469        0.065   0.275   0.      
GRID        4470        0.07    0.275   0.      
GRID        4471        0.075   0.275   0.      
GRID        4472        0.08    0.275   0.      
GRID        4473        0.085   0.275   0.      
GRID        4474        0.09    0.275   0.      
GRID        4475        0.095   0.275   0.      
GRID        4476        0.1     0.275   0.      
GRID        4477        0.105   0.275   0.      
GRID        4478        0.11    0.275   0.      
GRID        4479        0.115   0.275   0.      
GRID        4480        0.12    0.275   0.      
GRID        4481        0.125   0.275   0.      
GRID        4482        0.13    0.275   0.      
GRID        4483        0.135   0.275   0.      
GRID        4484        0.14    0.275   0.      
GRID        4485        0.145   0.275   0.      
GRID        4486        0.15    0.275   0.      
GRID        4487        0.155   0.275   0.      
GRID        4488        0.16    0.275   0.      
GRID        4489        0.165   0.275   0.      
GRID        4490        0.17    0.275   0.      
GRID        4491        0.175   0.275   0.      
GRID        4492        0.18    0.275   0.      
GRID        4493        0.185   0.275   0.      
GRID        4494        0.19    0.275   0.      
GRID        4495        0.195   0.275   0.      
GRID        4496        0.2     0.275   0.      
GRID        4497        0.205   0.275   0.      
GRID        4498        0.21    0.275   0.      
GRID        4499        0.215   0.275   0.      
GRID        4500        0.22    0.275   0.      
GRID        4501        0.225   0.275   0.      
GRID        4502        0.23    0.275   0.      
GRID        4503        0.235   0.275   0.      
GRID        4504        0.24    0.275   0.      
GRID        4505        0.245   0.275   0.      
GRID        4506        0.25    0.275   0.      
GRID        4507        0.255   0.275   0.      
GRID        4508        0.26    0.275   0.      
GRID        4509        0.265   0.275   0.      
GRID        4510        0.27    0.275   0.      
GRID        4511        0.275   0.275   0.      
GRID        4512        0.28    0.275   0.      
GRID        4513        0.285   0.275   0.      
GRID        4514        0.29    0.275   0.      
GRID        4515        0.295   0.275   0.      
GRID        4516        0.3     0.275   0.      
GRID        4517        0.305   0.275   0.      
GRID        4518        0.31    0.275   0.      
GRID        4519        0.315   0.275   0.      
GRID        4520        0.32    0.275   0.      
GRID        4521        0.325   0.275   0.      
GRID        4522        0.33    0.275   0.      
GRID        4523        0.335   0.275   0.      
GRID        4524        0.34    0.275   0.      
GRID        4525        0.345   0.275   0.      
GRID        4526        0.35    0.275   0.      
GRID        4527        0.355   0.275   0.      
GRID        4528        0.36    0.275   0.      
GRID        4529        0.365   0.275   0.      
GRID        4530        0.37    0.275   0.      
GRID        4531        0.375   0.275   0.      
GRID        4532        0.38    0.275   0.      
GRID        4533        0.385   0.275   0.      
GRID        4534        0.39    0.275   0.      
GRID        4535        0.395   0.275   0.      
GRID        4536        0.4     0.275   0.      
GRID        4537        0.      0.28    0.      
GRID        4538        0.005   0.28    0.      
GRID        4539        0.01    0.28    0.      
GRID        4540        0.015   0.28    0.      
GRID        4541        0.02    0.28    0.      
GRID        4542        0.025   0.28    0.      
GRID        4543        0.03    0.28    0.      
GRID        4544        0.035   0.28    0.      
GRID        4545        0.04    0.28    0.      
GRID        4546        0.045   0.28    0.      
GRID        4547        0.05    0.28    0.      
GRID        4548        0.055   0.28    0.      
GRID        4549        0.06    0.28    0.      
GRID        4550        0.065   0.28    0.      
GRID        4551        0.07    0.28    0.      
GRID        4552        0.075   0.28    0.      
GRID        4553        0.08    0.28    0.      
GRID        4554        0.085   0.28    0.      
GRID        4555        0.09    0.28    0.      
GRID        4556        0.095   0.28    0.      
GRID        4557        0.1     0.28    0.      
GRID        4558        0.105   0.28    0.      
GRID        4559        0.11    0.28    0.      
GRID        4560        0.115   0.28    0.      
GRID        4561        0.12    0.28    0.      
GRID        4562        0.125   0.28    0.      
GRID        4563        0.13    0.28    0.      
GRID        4564        0.135   0.28    0.      
GRID        4565        0.14    0.28    0.      
GRID        4566        0.145   0.28    0.      
GRID        4567        0.15    0.28    0.      
GRID        4568        0.155   0.28    0.      
GRID        4569        0.16    0.28    0.      
GRID        4570        0.165   0.28    0.      
GRID        4571        0.17    0.28    0.      
GRID        4572        0.175   0.28    0.      
GRID        4573        0.18    0.28    0.      
GRID        4574        0.185   0.28    0.      
GRID        4575        0.19    0.28    0.      
GRID        4576        0.195   0.28    0.      
GRID        4577        0.2     0.28    0.      
GRID        4578        0.205   0.28    0.      
GRID        4579        0.21    0.28    0.      
GRID        4580        0.215   0.28    0.      
GRID        4581        0.22    0.28    0.      
GRID        4582        0.225   0.28    0.      
GRID        4583        0.23    0.28    0.      
GRID        4584        0.235   0.28    0.      
GRID        4585        0.24    0.28    0.      
GRID        4586        0.245   0.28    0.      
GRID        4587        0.25    0.28    0.      
GRID        4588        0.255   0.28    0.      
GRID        4589        0.26    0.28    0.      
GRID        4590        0.265   0.28    0.      
GRID        4591        0.27    0.28    0.      
GRID        4592        0.275   0.28    0.      
GRID        4593        0.28    0.28    0.      
GRID        4594        0.285   0.28    0.      
GRID        4595        0.29    0.28    0.      
GRID        4596        0.295   0.28    0.      
GRID        4597        0.3     0.28    0.      
GRID        4598        0.305   0.28    0.      
GRID        4599        0.31    0.28    0.      
GRID        4600        0.315   0.28    0.      
GRID        4601        0.32    0.28    0.      
GRID        4602        0.325   0.28    0.      
GRID        4603        0.33    0.28    0.      
GRID        4604        0.335   0.28    0.      
GRID        4605        0.34    0.28    0.      
GRID        4606        0.345   0.28    0.      
GRID        4607        0.35    0.28    0.      
GRID        4608        0.355   0.28    0.      
GRID        4609        0.36    0.28    0.      
GRID        4610        0.365   0.28    0.      
GRID        4611        0.37    0.28    0.      
GRID        4612        0.375   0.28    0.      
GRID        4613        0.38    0.28    0.      
GRID        4614        0.385   0.28    0.      
GRID        4615        0.39    0.28    0.      
GRID        4616        0.395   0.28    0.      
GRID        4617        0.4     0.28    0.      
GRID        4618        0.      0.285   0.      
GRID        4619        0.005   0.285   0.      
GRID        4620        0.01    0.285   0.      
GRID        4621        0.015   0.285   0.      
GRID        4622        0.02    0.285   0.      
GRID        4623        0.025   0.285   0.      
GRID        4624        0.03    0.285   0.      
GRID        4625        0.035   0.285   0.      
GRID        4626        0.04    0.285   0.      
GRID        4627        0.045   0.285   0.      
GRID        4628        0.05    0.285   0.      
GRID        4629        0.055   0.285   0.      
GRID        4630        0.06    0.285   0.      
GRID        4631        0.065   0.285   0.      
GRID        4632        0.07    0.285   0.      
GRID        4633        0.075   0.285   0.      
GRID        4634        0.08    0.285   0.      
GRID        4635        0.085   0.285   0.      
GRID        4636        0.09    0.285   0.      
GRID        4637        0.095   0.285   0.      
GRID        4638        0.1     0.285   0.      
GRID        4639        0.105   0.285   0.      
GRID        4640        0.11    0.285   0.      
GRID        4641        0.115   0.285   0.      
GRID        4642        0.12    0.285   0.      
GRID        4643        0.125   0.285   0.      
GRID        4644        0.13    0.285   0.      
GRID        4645        0.135   0.285   0.      
GRID        4646        0.14    0.285   0.      
GRID        4647        0.145   0.285   0.      
GRID        4648        0.15    0.285   0.      
GRID        4649        0.155   0.285   0.      
GRID        4650        0.16    0.285   0.      
GRID        4651        0.165   0.285   0.      
GRID        4652        0.17    0.285   0.      
GRID        4653        0.175   0.285   0.      
GRID        4654        0.18    0.285   0.      
GRID        4655        0.185   0.285   0.      
GRID        4656        0.19    0.285   0.      
GRID        4657        0.195   0.285   0.      
GRID        4658        0.2     0.285   0.      
GRID        4659        0.205   0.285   0.      
GRID        4660        0.21    0.285   0.      
GRID        4661        0.215   0.285   0.      
GRID        4662        0.22    0.285   0.      
GRID        4663        0.225   0.285   0.      
GRID        4664        0.23    0.285   0.      
GRID        4665        0.235   0.285   0.      
GRID        4666        0.24    0.285   0.      
GRID        4667        0.245   0.285   0.      
GRID        4668        0.25    0.285   0.      
GRID        4669        0.255   0.285   0.      
GRID        4670        0.26    0.285   0.      
GRID        4671        0.265   0.285   0.      
GRID        4672        0.27    0.285   0.      
GRID        4673        0.275   0.285   0.      
GRID        4674        0.28    0.285   0.      
GRID        4675        0.285   0.285   0.      
GRID        4676        0.29    0.285   0.      
GRID        4677        0.295   0.285   0.      
GRID        4678        0.3     0.285   0.      
GRID        4679        0.305   0.285   0.      
GRID        4680        0.31    0.285   0.      
GRID        4681        0.315   0.285   0.      
GRID        4682        0.32    0.285   0.      
GRID        4683        0.325   0.285   0.      
GRID        4684        0.33    0.285   0.      
GRID        4685        0.335   0.285   0.      
GRID        4686        0.34    0.285   0.      
GRID        4687        0.345   0.285   0.      
GRID        4688        0.35    0.285   0.      
GRID        4689        0.355   0.285   0.      
GRID        4690        0.36    0.285   0.      
GRID        4691        0.365   0.285   0.      
GRID        4692        0.37    0.285   0.      
GRID        4693        0.375   0.285   0.      
GRID        4694        0.38    0.285   0.      
GRID        4695        0.385   0.285   0.      
GRID        4696        0.39    0.285   0.      
GRID        4697        0.395   0.285   0.      
GRID        4698        0.4     0.285   0.      
GRID        4699        0.      0.29    0.      
GRID        4700        0.005   0.29    0.      
GRID        4701        0.01    0.29    0.      
GRID        4702        0.015   0.29    0.      
GRID        4703        0.02    0.29    0.      
GRID        4704        0.025   0.29    0.      
GRID        4705        0.03    0.29    0.      
GRID        4706        0.035   0.29    0.      
GRID        4707        0.04    0.29    0.      
GRID        4708        0.045   0.29    0.      
GRID        4709        0.05    0.29    0.      
GRID        4710        0.055   0.29    0.      
GRID        4711        0.06    0.29    0.      
GRID        4712        0.065   0.29    0.      
GRID        4713        0.07    0.29    0.      
GRID        4714        0.075   0.29    0.      
GRID        4715        0.08    0.29    0.      
GRID        4716        0.085   0.29    0.      
GRID        4717        0.09    0.29    0.      
GRID        4718        0.095   0.29    0.      
GRID        4719        0.1     0.29    0.      
GRID        4720        0.105   0.29    0.      
GRID        4721        0.11    0.29    0.      
GRID        4722        0.115   0.29    0.      
GRID        4723        0.12    0.29    0.      
GRID        4724        0.125   0.29    0.      
GRID        4725        0.13    0.29    0.      
GRID        4726        0.135   0.29    0.      
GRID        4727        0.14    0.29    0.      
GRID        4728        0.145   0.29    0.      
GRID        4729        0.15    0.29    0.      
GRID        4730        0.155   0.29    0.      
GRID        4731        0.16    0.29    0.      
GRID        4732        0.165   0.29    0.      
GRID        4733        0.17    0.29    0.      
GRID        4734        0.175   0.29    0.      
GRID        4735        0.18    0.29    0.      
GRID        4736        0.185   0.29    0.      
GRID        4737        0.19    0.29    0.      
GRID        4738        0.195   0.29    0.      
GRID        4739        0.2     0.29    0.      
GRID        4740        0.205   0.29    0.      
GRID        4741        0.21    0.29    0.      
GRID        4742        0.215   0.29    0.      
GRID        4743        0.22    0.29    0.      
GRID        4744        0.225   0.29    0.      
GRID        4745        0.23    0.29    0.      
GRID        4746        0.235   0.29    0.      
GRID        4747        0.24    0.29    0.      
GRID        4748        0.245   0.29    0.      
GRID        4749        0.25    0.29    0.      
GRID        4750        0.255   0.29    0.      
GRID        4751        0.26    0.29    0.      
GRID        4752        0.265   0.29    0.      
GRID        4753        0.27    0.29    0.      
GRID        4754        0.275   0.29    0.      
GRID        4755        0.28    0.29    0.      
GRID        4756        0.285   0.29    0.      
GRID        4757        0.29    0.29    0.      
GRID        4758        0.295   0.29    0.      
GRID        4759        0.3     0.29    0.      
GRID        4760        0.305   0.29    0.      
GRID        4761        0.31    0.29    0.      
GRID        4762        0.315   0.29    0.      
GRID        4763        0.32    0.29    0.      
GRID        4764        0.325   0.29    0.      
GRID        4765        0.33    0.29    0.      
GRID        4766        0.335   0.29    0.      
GRID        4767        0.34    0.29    0.      
GRID        4768        0.345   0.29    0.      
GRID        4769        0.35    0.29    0.      
GRID        4770        0.355   0.29    0.      
GRID        4771        0.36    0.29    0.      
GRID        4772        0.365   0.29    0.      
GRID        4773        0.37    0.29    0.      
GRID        4774        0.375   0.29    0.      
GRID        4775        0.38    0.29    0.      
GRID        4776        0.385   0.29    0.      
GRID        4777        0.39    0.29    0.      
GRID        4778        0.395   0.29    0.      
GRID        4779        0.4     0.29    0.      
GRID        4780        0.      0.295   0.      
GRID        4781        0.005   0.295   0.      
GRID        4782        0.01    0.295   0.      
GRID        4783        0.015   0.295   0.      
GRID        4784        0.02    0.295   0.      
GRID        4785        0.025   0.295   0.      
GRID        4786        0.03    0.295   0.      
GRID        4787        0.035   0.295   0.      
GRID        4788        0.04    0.295   0.      
GRID        4789        0.045   0.295   0.      
GRID        4790        0.05    0.295   0.      
GRID        4791        0.055   0.295   0.      
GRID        4792        0.06    0.295   0.      
GRID        4793        0.065   0.295   0.      
GRID        4794        0.07    0.295   0.      
GRID        4795        0.075   0.295   0.      
GRID        4796        0.08    0.295   0.      
GRID        4797        0.085   0.295   0.      
GRID        4798        0.09    0.295   0.      
GRID        4799        0.095   0.295   0.      
GRID        4800        0.1     0.295   0.      
GRID        4801        0.105   0.295   0.      
GRID        4802        0.11    0.295   0.      
GRID        4803        0.115   0.295   0.      
GRID        4804        0.12    0.295   0.      
GRID        4805        0.125   0.295   0.      
GRID        4806        0.13    0.295   0.      
GRID        4807        0.135   0.295   0.      
GRID        4808        0.14    0.295   0.      
GRID        4809        0.145   0.295   0.      
GRID        4810        0.15    0.295   0.      
GRID        4811        0.155   0.295   0.      
GRID        4812        0.16    0.295   0.      
GRID        4813        0.165   0.295   0.      
GRID        4814        0.17    0.295   0.      
GRID        4815        0.175   0.295   0.      
GRID        4816        0.18    0.295   0.      
GRID        4817        0.185   0.295   0.      
GRID        4818        0.19    0.295   0.      
GRID        4819        0.195   0.295   0.      
GRID        4820        0.2     0.295   0.      
GRID        4821        0.205   0.295   0.      
GRID        4822        0.21    0.295   0.      
GRID        4823        0.215   0.295   0.      
GRID        4824        0.22    0.295   0.      
GRID        4825        0.225   0.295   0.      
GRID        4826        0.23    0.295   0.      
GRID        4827        0.235   0.295   0.      
GRID        4828        0.24    0.295   0.      
GRID        4829        0.245   0.295   0.      
GRID        4830        0.25    0.295   0.      
GRID        4831        0.255   0.295   0.      
GRID        4832        0.26    0.295   0.      
GRID        4833        0.265   0.295   0.      
GRID        4834        0.27    0.295   0.      
GRID        4835        0.275   0.295   0.      
GRID        4836        0.28    0.295   0.      
GRID        4837        0.285   0.295   0.      
GRID        4838        0.29    0.295   0.      
GRID        4839        0.295   0.295   0.      
GRID        4840        0.3     0.295   0.      
GRID        4841        0.305   0.295   0.      
GRID        4842        0.31    0.295   0.      
GRID        4843        0.315   0.295   0.      
GRID        4844        0.32    0.295   0.      
GRID        4845        0.325   0.295   0.      
GRID        4846        0.33    0.295   0.      
GRID        4847        0.335   0.295   0.      
GRID        4848        0.34    0.295   0.      
GRID        4849        0.345   0.295   0.      
GRID        4850        0.35    0.295   0.      
GRID        4851        0.355   0.295   0.      
GRID        4852        0.36    0.295   0.      
GRID        4853        0.365   0.295   0.      
GRID        4854        0.37    0.295   0.      
GRID        4855        0.375   0.295   0.      
GRID        4856        0.38    0.295   0.      
GRID        4857        0.385   0.295   0.      
GRID        4858        0.39    0.295   0.      
GRID        4859        0.395   0.295   0.      
GRID        4860        0.4     0.295   0.      
GRID        4861        0.      0.3     0.      
GRID        4862        0.005   0.3     0.      
GRID        4863        0.01    0.3     0.      
GRID        4864        0.015   0.3     0.      
GRID        4865        0.02    0.3     0.      
GRID        4866        0.025   0.3     0.      
GRID        4867        0.03    0.3     0.      
GRID        4868        0.035   0.3     0.      
GRID        4869        0.04    0.3     0.      
GRID        4870        0.045   0.3     0.      
GRID        4871        0.05    0.3     0.      
GRID        4872        0.055   0.3     0.      
GRID        4873        0.06    0.3     0.      
GRID        4874        0.065   0.3     0.      
GRID        4875        0.07    0.3     0.      
GRID        4876        0.075   0.3     0.      
GRID        4877        0.08    0.3     0.      
GRID        4878        0.085   0.3     0.      
GRID        4879        0.09    0.3     0.      
GRID        4880        0.095   0.3     0.      
GRID        4881        0.1     0.3     0.      
GRID        4882        0.105   0.3     0.      
GRID        4883        0.11    0.3     0.      
GRID        4884        0.115   0.3     0.      
GRID        4885        0.12    0.3     0.      
GRID        4886        0.125   0.3     0.      
GRID        4887        0.13    0.3     0.      
GRID        4888        0.135   0.3     0.      
GRID        4889        0.14    0.3     0.      
GRID        4890        0.145   0.3     0.      
GRID        4891        0.15    0.3     0.      
GRID        4892        0.155   0.3     0.      
GRID        4893        0.16    0.3     0.      
GRID        4894        0.165   0.3     0.      
GRID        4895        0.17    0.3     0.      
GRID        4896        0.175   0.3     0.      
GRID        4897        0.18    0.3     0.      
GRID        4898        0.185   0.3     0.      
GRID        4899        0.19    0.3     0.      
GRID        4900        0.195   0.3     0.      
GRID        4901        0.2     0.3     0.      
GRID        4902        0.205   0.3     0.      
GRID        4903        0.21    0.3     0.      
GRID        4904        0.215   0.3     0.      
GRID        4905        0.22    0.3     0.      
GRID        4906        0.225   0.3     0.      
GRID        4907        0.23    0.3     0.      
GRID        4908        0.235   0.3     0.      
GRID        4909        0.24    0.3     0.      
GRID        4910        0.245   0.3     0.      
GRID        4911        0.25    0.3     0.      
GRID        4912        0.255   0.3     0.      
GRID        4913        0.26    0.3     0.      
GRID        4914        0.265   0.3     0.      
GRID        4915        0.27    0.3     0.      
GRID        4916        0.275   0.3     0.      
GRID        4917        0.28    0.3     0.      
GRID        4918        0.285   0.3     0.      
GRID        4919        0.29    0.3     0.      
GRID        4920        0.295   0.3     0.      
GRID        4921        0.3     0.3     0.      
GRID        4922        0.305   0.3     0.      
GRID        4923        0.31    0.3     0.      
GRID        4924        0.315   0.3     0.      
GRID        4925        0.32    0.3     0.      
GRID        4926        0.325   0.3     0.      
GRID        4927        0.33    0.3     0.      
GRID        4928        0.335   0.3     0.      
GRID        4929        0.34    0.3     0.      
GRID        4930        0.345   0.3     0.      
GRID        4931        0.35    0.3     0.      
GRID        4932        0.355   0.3     0.      
GRID        4933        0.36    0.3     0.      
GRID        4934        0.365   0.3     0.      
GRID        4935        0.37    0.3     0.      
GRID        4936        0.375   0.3     0.      
GRID        4937        0.38    0.3     0.      
GRID        4938        0.385   0.3     0.      
GRID        4939        0.39    0.3     0.      
GRID        4940        0.395   0.3     0.      
GRID        4941        0.4     0.3     0.      
