$1......2.......3.......4.......5.......6.......7.......8.......
GRID           1        0.      0.      0.      
GRID           2        0.0025  0.      0.      
GRID           3        0.005   0.      0.      
GRID           4        0.0075  0.      0.      
GRID           5        0.01    0.      0.      
GRID           6        0.0125  0.      0.      
GRID           7        0.015   0.      0.      
GRID           8        0.0175  0.      0.      
GRID           9        0.02    0.      0.      
GRID          10        0.0225  0.      0.      
GRID          11        0.025   0.      0.      
GRID          12        0.0275  0.      0.      
GRID          13        0.03    0.      0.      
GRID          14        0.0325  0.      0.      
GRID          15        0.035   0.      0.      
GRID          16        0.0375  0.      0.      
GRID          17        0.04    0.      0.      
GRID          18        0.0425  0.      0.      
GRID          19        0.045   0.      0.      
GRID          20        0.0475  0.      0.      
GRID          21        0.05    0.      0.      
GRID          22        0.0525  0.      0.      
GRID          23        0.055   0.      0.      
GRID          24        0.0575  0.      0.      
GRID          25        0.06    0.      0.      
GRID          26        0.0625  0.      0.      
GRID          27        0.065   0.      0.      
GRID          28        0.0675  0.      0.      
GRID          29        0.07    0.      0.      
GRID          30        0.0725  0.      0.      
GRID          31        0.075   0.      0.      
GRID          32        0.0775  0.      0.      
GRID          33        0.08    0.      0.      
GRID          34        0.0825  0.      0.      
GRID          35        0.085   0.      0.      
GRID          36        0.0875  0.      0.      
GRID          37        0.09    0.      0.      
GRID          38        0.0925  0.      0.      
GRID          39        0.095   0.      0.      
GRID          40        0.0975  0.      0.      
GRID          41        0.1     0.      0.      
GRID          42        0.1025  0.      0.      
GRID          43        0.105   0.      0.      
GRID          44        0.1075  0.      0.      
GRID          45        0.11    0.      0.      
GRID          46        0.1125  0.      0.      
GRID          47        0.115   0.      0.      
GRID          48        0.1175  0.      0.      
GRID          49        0.12    0.      0.      
GRID          50        0.1225  0.      0.      
GRID          51        0.125   0.      0.      
GRID          52        0.1275  0.      0.      
GRID          53        0.13    0.      0.      
GRID          54        0.1325  0.      0.      
GRID          55        0.135   0.      0.      
GRID          56        0.1375  0.      0.      
GRID          57        0.14    0.      0.      
GRID          58        0.1425  0.      0.      
GRID          59        0.145   0.      0.      
GRID          60        0.1475  0.      0.      
GRID          61        0.15    0.      0.      
GRID          62        0.1525  0.      0.      
GRID          63        0.155   0.      0.      
GRID          64        0.1575  0.      0.      
GRID          65        0.16    0.      0.      
GRID          66        0.1625  0.      0.      
GRID          67        0.165   0.      0.      
GRID          68        0.1675  0.      0.      
GRID          69        0.17    0.      0.      
GRID          70        0.1725  0.      0.      
GRID          71        0.175   0.      0.      
GRID          72        0.1775  0.      0.      
GRID          73        0.18    0.      0.      
GRID          74        0.1825  0.      0.      
GRID          75        0.185   0.      0.      
GRID          76        0.1875  0.      0.      
GRID          77        0.19    0.      0.      
GRID          78        0.1925  0.      0.      
GRID          79        0.195   0.      0.      
GRID          80        0.1975  0.      0.      
GRID          81        0.2     0.      0.      
GRID          82        0.2025  0.      0.      
GRID          83        0.205   0.      0.      
GRID          84        0.2075  0.      0.      
GRID          85        0.21    0.      0.      
GRID          86        0.2125  0.      0.      
GRID          87        0.215   0.      0.      
GRID          88        0.2175  0.      0.      
GRID          89        0.22    0.      0.      
GRID          90        0.2225  0.      0.      
GRID          91        0.225   0.      0.      
GRID          92        0.2275  0.      0.      
GRID          93        0.23    0.      0.      
GRID          94        0.2325  0.      0.      
GRID          95        0.235   0.      0.      
GRID          96        0.2375  0.      0.      
GRID          97        0.24    0.      0.      
GRID          98        0.2425  0.      0.      
GRID          99        0.245   0.      0.      
GRID         100        0.2475  0.      0.      
GRID         101        0.25    0.      0.      
GRID         102        0.2525  0.      0.      
GRID         103        0.255   0.      0.      
GRID         104        0.2575  0.      0.      
GRID         105        0.26    0.      0.      
GRID         106        0.2625  0.      0.      
GRID         107        0.265   0.      0.      
GRID         108        0.2675  0.      0.      
GRID         109        0.27    0.      0.      
GRID         110        0.2725  0.      0.      
GRID         111        0.275   0.      0.      
GRID         112        0.2775  0.      0.      
GRID         113        0.28    0.      0.      
GRID         114        0.2825  0.      0.      
GRID         115        0.285   0.      0.      
GRID         116        0.2875  0.      0.      
GRID         117        0.29    0.      0.      
GRID         118        0.2925  0.      0.      
GRID         119        0.295   0.      0.      
GRID         120        0.2975  0.      0.      
GRID         121        0.3     0.      0.      
GRID         122        0.3025  0.      0.      
GRID         123        0.305   0.      0.      
GRID         124        0.3075  0.      0.      
GRID         125        0.31    0.      0.      
GRID         126        0.3125  0.      0.      
GRID         127        0.315   0.      0.      
GRID         128        0.3175  0.      0.      
GRID         129        0.32    0.      0.      
GRID         130        0.3225  0.      0.      
GRID         131        0.325   0.      0.      
GRID         132        0.3275  0.      0.      
GRID         133        0.33    0.      0.      
GRID         134        0.3325  0.      0.      
GRID         135        0.335   0.      0.      
GRID         136        0.3375  0.      0.      
GRID         137        0.34    0.      0.      
GRID         138        0.3425  0.      0.      
GRID         139        0.345   0.      0.      
GRID         140        0.3475  0.      0.      
GRID         141        0.35    0.      0.      
GRID         142        0.3525  0.      0.      
GRID         143        0.355   0.      0.      
GRID         144        0.3575  0.      0.      
GRID         145        0.36    0.      0.      
GRID         146        0.3625  0.      0.      
GRID         147        0.365   0.      0.      
GRID         148        0.3675  0.      0.      
GRID         149        0.37    0.      0.      
GRID         150        0.3725  0.      0.      
GRID         151        0.375   0.      0.      
GRID         152        0.3775  0.      0.      
GRID         153        0.38    0.      0.      
GRID         154        0.3825  0.      0.      
GRID         155        0.385   0.      0.      
GRID         156        0.3875  0.      0.      
GRID         157        0.39    0.      0.      
GRID         158        0.3925  0.      0.      
GRID         159        0.395   0.      0.      
GRID         160        0.3975  0.      0.      
GRID         161        0.4     0.      0.      
GRID         162        0.      0.0025  0.      
GRID         163        0.0025  0.0025  0.      
GRID         164        0.005   0.0025  0.      
GRID         165        0.0075  0.0025  0.      
GRID         166        0.01    0.0025  0.      
GRID         167        0.0125  0.0025  0.      
GRID         168        0.015   0.0025  0.      
GRID         169        0.0175  0.0025  0.      
GRID         170        0.02    0.0025  0.      
GRID         171        0.0225  0.0025  0.      
GRID         172        0.025   0.0025  0.      
GRID         173        0.0275  0.0025  0.      
GRID         174        0.03    0.0025  0.      
GRID         175        0.0325  0.0025  0.      
GRID         176        0.035   0.0025  0.      
GRID         177        0.0375  0.0025  0.      
GRID         178        0.04    0.0025  0.      
GRID         179        0.0425  0.0025  0.      
GRID         180        0.045   0.0025  0.      
GRID         181        0.0475  0.0025  0.      
GRID         182        0.05    0.0025  0.      
GRID         183        0.0525  0.0025  0.      
GRID         184        0.055   0.0025  0.      
GRID         185        0.0575  0.0025  0.      
GRID         186        0.06    0.0025  0.      
GRID         187        0.0625  0.0025  0.      
GRID         188        0.065   0.0025  0.      
GRID         189        0.0675  0.0025  0.      
GRID         190        0.07    0.0025  0.      
GRID         191        0.0725  0.0025  0.      
GRID         192        0.075   0.0025  0.      
GRID         193        0.0775  0.0025  0.      
GRID         194        0.08    0.0025  0.      
GRID         195        0.0825  0.0025  0.      
GRID         196        0.085   0.0025  0.      
GRID         197        0.0875  0.0025  0.      
GRID         198        0.09    0.0025  0.      
GRID         199        0.0925  0.0025  0.      
GRID         200        0.095   0.0025  0.      
GRID         201        0.0975  0.0025  0.      
GRID         202        0.1     0.0025  0.      
GRID         203        0.1025  0.0025  0.      
GRID         204        0.105   0.0025  0.      
GRID         205        0.1075  0.0025  0.      
GRID         206        0.11    0.0025  0.      
GRID         207        0.1125  0.0025  0.      
GRID         208        0.115   0.0025  0.      
GRID         209        0.1175  0.0025  0.      
GRID         210        0.12    0.0025  0.      
GRID         211        0.1225  0.0025  0.      
GRID         212        0.125   0.0025  0.      
GRID         213        0.1275  0.0025  0.      
GRID         214        0.13    0.0025  0.      
GRID         215        0.1325  0.0025  0.      
GRID         216        0.135   0.0025  0.      
GRID         217        0.1375  0.0025  0.      
GRID         218        0.14    0.0025  0.      
GRID         219        0.1425  0.0025  0.      
GRID         220        0.145   0.0025  0.      
GRID         221        0.1475  0.0025  0.      
GRID         222        0.15    0.0025  0.      
GRID         223        0.1525  0.0025  0.      
GRID         224        0.155   0.0025  0.      
GRID         225        0.1575  0.0025  0.      
GRID         226        0.16    0.0025  0.      
GRID         227        0.1625  0.0025  0.      
GRID         228        0.165   0.0025  0.      
GRID         229        0.1675  0.0025  0.      
GRID         230        0.17    0.0025  0.      
GRID         231        0.1725  0.0025  0.      
GRID         232        0.175   0.0025  0.      
GRID         233        0.1775  0.0025  0.      
GRID         234        0.18    0.0025  0.      
GRID         235        0.1825  0.0025  0.      
GRID         236        0.185   0.0025  0.      
GRID         237        0.1875  0.0025  0.      
GRID         238        0.19    0.0025  0.      
GRID         239        0.1925  0.0025  0.      
GRID         240        0.195   0.0025  0.      
GRID         241        0.1975  0.0025  0.      
GRID         242        0.2     0.0025  0.      
GRID         243        0.2025  0.0025  0.      
GRID         244        0.205   0.0025  0.      
GRID         245        0.2075  0.0025  0.      
GRID         246        0.21    0.0025  0.      
GRID         247        0.2125  0.0025  0.      
GRID         248        0.215   0.0025  0.      
GRID         249        0.2175  0.0025  0.      
GRID         250        0.22    0.0025  0.      
GRID         251        0.2225  0.0025  0.      
GRID         252        0.225   0.0025  0.      
GRID         253        0.2275  0.0025  0.      
GRID         254        0.23    0.0025  0.      
GRID         255        0.2325  0.0025  0.      
GRID         256        0.235   0.0025  0.      
GRID         257        0.2375  0.0025  0.      
GRID         258        0.24    0.0025  0.      
GRID         259        0.2425  0.0025  0.      
GRID         260        0.245   0.0025  0.      
GRID         261        0.2475  0.0025  0.      
GRID         262        0.25    0.0025  0.      
GRID         263        0.2525  0.0025  0.      
GRID         264        0.255   0.0025  0.      
GRID         265        0.2575  0.0025  0.      
GRID         266        0.26    0.0025  0.      
GRID         267        0.2625  0.0025  0.      
GRID         268        0.265   0.0025  0.      
GRID         269        0.2675  0.0025  0.      
GRID         270        0.27    0.0025  0.      
GRID         271        0.2725  0.0025  0.      
GRID         272        0.275   0.0025  0.      
GRID         273        0.2775  0.0025  0.      
GRID         274        0.28    0.0025  0.      
GRID         275        0.2825  0.0025  0.      
GRID         276        0.285   0.0025  0.      
GRID         277        0.2875  0.0025  0.      
GRID         278        0.29    0.0025  0.      
GRID         279        0.2925  0.0025  0.      
GRID         280        0.295   0.0025  0.      
GRID         281        0.2975  0.0025  0.      
GRID         282        0.3     0.0025  0.      
GRID         283        0.3025  0.0025  0.      
GRID         284        0.305   0.0025  0.      
GRID         285        0.3075  0.0025  0.      
GRID         286        0.31    0.0025  0.      
GRID         287        0.3125  0.0025  0.      
GRID         288        0.315   0.0025  0.      
GRID         289        0.3175  0.0025  0.      
GRID         290        0.32    0.0025  0.      
GRID         291        0.3225  0.0025  0.      
GRID         292        0.325   0.0025  0.      
GRID         293        0.3275  0.0025  0.      
GRID         294        0.33    0.0025  0.      
GRID         295        0.3325  0.0025  0.      
GRID         296        0.335   0.0025  0.      
GRID         297        0.3375  0.0025  0.      
GRID         298        0.34    0.0025  0.      
GRID         299        0.3425  0.0025  0.      
GRID         300        0.345   0.0025  0.      
GRID         301        0.3475  0.0025  0.      
GRID         302        0.35    0.0025  0.      
GRID         303        0.3525  0.0025  0.      
GRID         304        0.355   0.0025  0.      
GRID         305        0.3575  0.0025  0.      
GRID         306        0.36    0.0025  0.      
GRID         307        0.3625  0.0025  0.      
GRID         308        0.365   0.0025  0.      
GRID         309        0.3675  0.0025  0.      
GRID         310        0.37    0.0025  0.      
GRID         311        0.3725  0.0025  0.      
GRID         312        0.375   0.0025  0.      
GRID         313        0.3775  0.0025  0.      
GRID         314        0.38    0.0025  0.      
GRID         315        0.3825  0.0025  0.      
GRID         316        0.385   0.0025  0.      
GRID         317        0.3875  0.0025  0.      
GRID         318        0.39    0.0025  0.      
GRID         319        0.3925  0.0025  0.      
GRID         320        0.395   0.0025  0.      
GRID         321        0.3975  0.0025  0.      
GRID         322        0.4     0.0025  0.      
GRID         323        0.      0.005   0.      
GRID         324        0.0025  0.005   0.      
GRID         325        0.005   0.005   0.      
GRID         326        0.0075  0.005   0.      
GRID         327        0.01    0.005   0.      
GRID         328        0.0125  0.005   0.      
GRID         329        0.015   0.005   0.      
GRID         330        0.0175  0.005   0.      
GRID         331        0.02    0.005   0.      
GRID         332        0.0225  0.005   0.      
GRID         333        0.025   0.005   0.      
GRID         334        0.0275  0.005   0.      
GRID         335        0.03    0.005   0.      
GRID         336        0.0325  0.005   0.      
GRID         337        0.035   0.005   0.      
GRID         338        0.0375  0.005   0.      
GRID         339        0.04    0.005   0.      
GRID         340        0.0425  0.005   0.      
GRID         341        0.045   0.005   0.      
GRID         342        0.0475  0.005   0.      
GRID         343        0.05    0.005   0.      
GRID         344        0.0525  0.005   0.      
GRID         345        0.055   0.005   0.      
GRID         346        0.0575  0.005   0.      
GRID         347        0.06    0.005   0.      
GRID         348        0.0625  0.005   0.      
GRID         349        0.065   0.005   0.      
GRID         350        0.0675  0.005   0.      
GRID         351        0.07    0.005   0.      
GRID         352        0.0725  0.005   0.      
GRID         353        0.075   0.005   0.      
GRID         354        0.0775  0.005   0.      
GRID         355        0.08    0.005   0.      
GRID         356        0.0825  0.005   0.      
GRID         357        0.085   0.005   0.      
GRID         358        0.0875  0.005   0.      
GRID         359        0.09    0.005   0.      
GRID         360        0.0925  0.005   0.      
GRID         361        0.095   0.005   0.      
GRID         362        0.0975  0.005   0.      
GRID         363        0.1     0.005   0.      
GRID         364        0.1025  0.005   0.      
GRID         365        0.105   0.005   0.      
GRID         366        0.1075  0.005   0.      
GRID         367        0.11    0.005   0.      
GRID         368        0.1125  0.005   0.      
GRID         369        0.115   0.005   0.      
GRID         370        0.1175  0.005   0.      
GRID         371        0.12    0.005   0.      
GRID         372        0.1225  0.005   0.      
GRID         373        0.125   0.005   0.      
GRID         374        0.1275  0.005   0.      
GRID         375        0.13    0.005   0.      
GRID         376        0.1325  0.005   0.      
GRID         377        0.135   0.005   0.      
GRID         378        0.1375  0.005   0.      
GRID         379        0.14    0.005   0.      
GRID         380        0.1425  0.005   0.      
GRID         381        0.145   0.005   0.      
GRID         382        0.1475  0.005   0.      
GRID         383        0.15    0.005   0.      
GRID         384        0.1525  0.005   0.      
GRID         385        0.155   0.005   0.      
GRID         386        0.1575  0.005   0.      
GRID         387        0.16    0.005   0.      
GRID         388        0.1625  0.005   0.      
GRID         389        0.165   0.005   0.      
GRID         390        0.1675  0.005   0.      
GRID         391        0.17    0.005   0.      
GRID         392        0.1725  0.005   0.      
GRID         393        0.175   0.005   0.      
GRID         394        0.1775  0.005   0.      
GRID         395        0.18    0.005   0.      
GRID         396        0.1825  0.005   0.      
GRID         397        0.185   0.005   0.      
GRID         398        0.1875  0.005   0.      
GRID         399        0.19    0.005   0.      
GRID         400        0.1925  0.005   0.      
GRID         401        0.195   0.005   0.      
GRID         402        0.1975  0.005   0.      
GRID         403        0.2     0.005   0.      
GRID         404        0.2025  0.005   0.      
GRID         405        0.205   0.005   0.      
GRID         406        0.2075  0.005   0.      
GRID         407        0.21    0.005   0.      
GRID         408        0.2125  0.005   0.      
GRID         409        0.215   0.005   0.      
GRID         410        0.2175  0.005   0.      
GRID         411        0.22    0.005   0.      
GRID         412        0.2225  0.005   0.      
GRID         413        0.225   0.005   0.      
GRID         414        0.2275  0.005   0.      
GRID         415        0.23    0.005   0.      
GRID         416        0.2325  0.005   0.      
GRID         417        0.235   0.005   0.      
GRID         418        0.2375  0.005   0.      
GRID         419        0.24    0.005   0.      
GRID         420        0.2425  0.005   0.      
GRID         421        0.245   0.005   0.      
GRID         422        0.2475  0.005   0.      
GRID         423        0.25    0.005   0.      
GRID         424        0.2525  0.005   0.      
GRID         425        0.255   0.005   0.      
GRID         426        0.2575  0.005   0.      
GRID         427        0.26    0.005   0.      
GRID         428        0.2625  0.005   0.      
GRID         429        0.265   0.005   0.      
GRID         430        0.2675  0.005   0.      
GRID         431        0.27    0.005   0.      
GRID         432        0.2725  0.005   0.      
GRID         433        0.275   0.005   0.      
GRID         434        0.2775  0.005   0.      
GRID         435        0.28    0.005   0.      
GRID         436        0.2825  0.005   0.      
GRID         437        0.285   0.005   0.      
GRID         438        0.2875  0.005   0.      
GRID         439        0.29    0.005   0.      
GRID         440        0.2925  0.005   0.      
GRID         441        0.295   0.005   0.      
GRID         442        0.2975  0.005   0.      
GRID         443        0.3     0.005   0.      
GRID         444        0.3025  0.005   0.      
GRID         445        0.305   0.005   0.      
GRID         446        0.3075  0.005   0.      
GRID         447        0.31    0.005   0.      
GRID         448        0.3125  0.005   0.      
GRID         449        0.315   0.005   0.      
GRID         450        0.3175  0.005   0.      
GRID         451        0.32    0.005   0.      
GRID         452        0.3225  0.005   0.      
GRID         453        0.325   0.005   0.      
GRID         454        0.3275  0.005   0.      
GRID         455        0.33    0.005   0.      
GRID         456        0.3325  0.005   0.      
GRID         457        0.335   0.005   0.      
GRID         458        0.3375  0.005   0.      
GRID         459        0.34    0.005   0.      
GRID         460        0.3425  0.005   0.      
GRID         461        0.345   0.005   0.      
GRID         462        0.3475  0.005   0.      
GRID         463        0.35    0.005   0.      
GRID         464        0.3525  0.005   0.      
GRID         465        0.355   0.005   0.      
GRID         466        0.3575  0.005   0.      
GRID         467        0.36    0.005   0.      
GRID         468        0.3625  0.005   0.      
GRID         469        0.365   0.005   0.      
GRID         470        0.3675  0.005   0.      
GRID         471        0.37    0.005   0.      
GRID         472        0.3725  0.005   0.      
GRID         473        0.375   0.005   0.      
GRID         474        0.3775  0.005   0.      
GRID         475        0.38    0.005   0.      
GRID         476        0.3825  0.005   0.      
GRID         477        0.385   0.005   0.      
GRID         478        0.3875  0.005   0.      
GRID         479        0.39    0.005   0.      
GRID         480        0.3925  0.005   0.      
GRID         481        0.395   0.005   0.      
GRID         482        0.3975  0.005   0.      
GRID         483        0.4     0.005   0.      
GRID         484        0.      0.0075  0.      
GRID         485        0.0025  0.0075  0.      
GRID         486        0.005   0.0075  0.      
GRID         487        0.0075  0.0075  0.      
GRID         488        0.01    0.0075  0.      
GRID         489        0.0125  0.0075  0.      
GRID         490        0.015   0.0075  0.      
GRID         491        0.0175  0.0075  0.      
GRID         492        0.02    0.0075  0.      
GRID         493        0.0225  0.0075  0.      
GRID         494        0.025   0.0075  0.      
GRID         495        0.0275  0.0075  0.      
GRID         496        0.03    0.0075  0.      
GRID         497        0.0325  0.0075  0.      
GRID         498        0.035   0.0075  0.      
GRID         499        0.0375  0.0075  0.      
GRID         500        0.04    0.0075  0.      
GRID         501        0.0425  0.0075  0.      
GRID         502        0.045   0.0075  0.      
GRID         503        0.0475  0.0075  0.      
GRID         504        0.05    0.0075  0.      
GRID         505        0.0525  0.0075  0.      
GRID         506        0.055   0.0075  0.      
GRID         507        0.0575  0.0075  0.      
GRID         508        0.06    0.0075  0.      
GRID         509        0.0625  0.0075  0.      
GRID         510        0.065   0.0075  0.      
GRID         511        0.0675  0.0075  0.      
GRID         512        0.07    0.0075  0.      
GRID         513        0.0725  0.0075  0.      
GRID         514        0.075   0.0075  0.      
GRID         515        0.0775  0.0075  0.      
GRID         516        0.08    0.0075  0.      
GRID         517        0.0825  0.0075  0.      
GRID         518        0.085   0.0075  0.      
GRID         519        0.0875  0.0075  0.      
GRID         520        0.09    0.0075  0.      
GRID         521        0.0925  0.0075  0.      
GRID         522        0.095   0.0075  0.      
GRID         523        0.0975  0.0075  0.      
GRID         524        0.1     0.0075  0.      
GRID         525        0.1025  0.0075  0.      
GRID         526        0.105   0.0075  0.      
GRID         527        0.1075  0.0075  0.      
GRID         528        0.11    0.0075  0.      
GRID         529        0.1125  0.0075  0.      
GRID         530        0.115   0.0075  0.      
GRID         531        0.1175  0.0075  0.      
GRID         532        0.12    0.0075  0.      
GRID         533        0.1225  0.0075  0.      
GRID         534        0.125   0.0075  0.      
GRID         535        0.1275  0.0075  0.      
GRID         536        0.13    0.0075  0.      
GRID         537        0.1325  0.0075  0.      
GRID         538        0.135   0.0075  0.      
GRID         539        0.1375  0.0075  0.      
GRID         540        0.14    0.0075  0.      
GRID         541        0.1425  0.0075  0.      
GRID         542        0.145   0.0075  0.      
GRID         543        0.1475  0.0075  0.      
GRID         544        0.15    0.0075  0.      
GRID         545        0.1525  0.0075  0.      
GRID         546        0.155   0.0075  0.      
GRID         547        0.1575  0.0075  0.      
GRID         548        0.16    0.0075  0.      
GRID         549        0.1625  0.0075  0.      
GRID         550        0.165   0.0075  0.      
GRID         551        0.1675  0.0075  0.      
GRID         552        0.17    0.0075  0.      
GRID         553        0.1725  0.0075  0.      
GRID         554        0.175   0.0075  0.      
GRID         555        0.1775  0.0075  0.      
GRID         556        0.18    0.0075  0.      
GRID         557        0.1825  0.0075  0.      
GRID         558        0.185   0.0075  0.      
GRID         559        0.1875  0.0075  0.      
GRID         560        0.19    0.0075  0.      
GRID         561        0.1925  0.0075  0.      
GRID         562        0.195   0.0075  0.      
GRID         563        0.1975  0.0075  0.      
GRID         564        0.2     0.0075  0.      
GRID         565        0.2025  0.0075  0.      
GRID         566        0.205   0.0075  0.      
GRID         567        0.2075  0.0075  0.      
GRID         568        0.21    0.0075  0.      
GRID         569        0.2125  0.0075  0.      
GRID         570        0.215   0.0075  0.      
GRID         571        0.2175  0.0075  0.      
GRID         572        0.22    0.0075  0.      
GRID         573        0.2225  0.0075  0.      
GRID         574        0.225   0.0075  0.      
GRID         575        0.2275  0.0075  0.      
GRID         576        0.23    0.0075  0.      
GRID         577        0.2325  0.0075  0.      
GRID         578        0.235   0.0075  0.      
GRID         579        0.2375  0.0075  0.      
GRID         580        0.24    0.0075  0.      
GRID         581        0.2425  0.0075  0.      
GRID         582        0.245   0.0075  0.      
GRID         583        0.2475  0.0075  0.      
GRID         584        0.25    0.0075  0.      
GRID         585        0.2525  0.0075  0.      
GRID         586        0.255   0.0075  0.      
GRID         587        0.2575  0.0075  0.      
GRID         588        0.26    0.0075  0.      
GRID         589        0.2625  0.0075  0.      
GRID         590        0.265   0.0075  0.      
GRID         591        0.2675  0.0075  0.      
GRID         592        0.27    0.0075  0.      
GRID         593        0.2725  0.0075  0.      
GRID         594        0.275   0.0075  0.      
GRID         595        0.2775  0.0075  0.      
GRID         596        0.28    0.0075  0.      
GRID         597        0.2825  0.0075  0.      
GRID         598        0.285   0.0075  0.      
GRID         599        0.2875  0.0075  0.      
GRID         600        0.29    0.0075  0.      
GRID         601        0.2925  0.0075  0.      
GRID         602        0.295   0.0075  0.      
GRID         603        0.2975  0.0075  0.      
GRID         604        0.3     0.0075  0.      
GRID         605        0.3025  0.0075  0.      
GRID         606        0.305   0.0075  0.      
GRID         607        0.3075  0.0075  0.      
GRID         608        0.31    0.0075  0.      
GRID         609        0.3125  0.0075  0.      
GRID         610        0.315   0.0075  0.      
GRID         611        0.3175  0.0075  0.      
GRID         612        0.32    0.0075  0.      
GRID         613        0.3225  0.0075  0.      
GRID         614        0.325   0.0075  0.      
GRID         615        0.3275  0.0075  0.      
GRID         616        0.33    0.0075  0.      
GRID         617        0.3325  0.0075  0.      
GRID         618        0.335   0.0075  0.      
GRID         619        0.3375  0.0075  0.      
GRID         620        0.34    0.0075  0.      
GRID         621        0.3425  0.0075  0.      
GRID         622        0.345   0.0075  0.      
GRID         623        0.3475  0.0075  0.      
GRID         624        0.35    0.0075  0.      
GRID         625        0.3525  0.0075  0.      
GRID         626        0.355   0.0075  0.      
GRID         627        0.3575  0.0075  0.      
GRID         628        0.36    0.0075  0.      
GRID         629        0.3625  0.0075  0.      
GRID         630        0.365   0.0075  0.      
GRID         631        0.3675  0.0075  0.      
GRID         632        0.37    0.0075  0.      
GRID         633        0.3725  0.0075  0.      
GRID         634        0.375   0.0075  0.      
GRID         635        0.3775  0.0075  0.      
GRID         636        0.38    0.0075  0.      
GRID         637        0.3825  0.0075  0.      
GRID         638        0.385   0.0075  0.      
GRID         639        0.3875  0.0075  0.      
GRID         640        0.39    0.0075  0.      
GRID         641        0.3925  0.0075  0.      
GRID         642        0.395   0.0075  0.      
GRID         643        0.3975  0.0075  0.      
GRID         644        0.4     0.0075  0.      
GRID         645        0.      0.01    0.      
GRID         646        0.0025  0.01    0.      
GRID         647        0.005   0.01    0.      
GRID         648        0.0075  0.01    0.      
GRID         649        0.01    0.01    0.      
GRID         650        0.0125  0.01    0.      
GRID         651        0.015   0.01    0.      
GRID         652        0.0175  0.01    0.      
GRID         653        0.02    0.01    0.      
GRID         654        0.0225  0.01    0.      
GRID         655        0.025   0.01    0.      
GRID         656        0.0275  0.01    0.      
GRID         657        0.03    0.01    0.      
GRID         658        0.0325  0.01    0.      
GRID         659        0.035   0.01    0.      
GRID         660        0.0375  0.01    0.      
GRID         661        0.04    0.01    0.      
GRID         662        0.0425  0.01    0.      
GRID         663        0.045   0.01    0.      
GRID         664        0.0475  0.01    0.      
GRID         665        0.05    0.01    0.      
GRID         666        0.0525  0.01    0.      
GRID         667        0.055   0.01    0.      
GRID         668        0.0575  0.01    0.      
GRID         669        0.06    0.01    0.      
GRID         670        0.0625  0.01    0.      
GRID         671        0.065   0.01    0.      
GRID         672        0.0675  0.01    0.      
GRID         673        0.07    0.01    0.      
GRID         674        0.0725  0.01    0.      
GRID         675        0.075   0.01    0.      
GRID         676        0.0775  0.01    0.      
GRID         677        0.08    0.01    0.      
GRID         678        0.0825  0.01    0.      
GRID         679        0.085   0.01    0.      
GRID         680        0.0875  0.01    0.      
GRID         681        0.09    0.01    0.      
GRID         682        0.0925  0.01    0.      
GRID         683        0.095   0.01    0.      
GRID         684        0.0975  0.01    0.      
GRID         685        0.1     0.01    0.      
GRID         686        0.1025  0.01    0.      
GRID         687        0.105   0.01    0.      
GRID         688        0.1075  0.01    0.      
GRID         689        0.11    0.01    0.      
GRID         690        0.1125  0.01    0.      
GRID         691        0.115   0.01    0.      
GRID         692        0.1175  0.01    0.      
GRID         693        0.12    0.01    0.      
GRID         694        0.1225  0.01    0.      
GRID         695        0.125   0.01    0.      
GRID         696        0.1275  0.01    0.      
GRID         697        0.13    0.01    0.      
GRID         698        0.1325  0.01    0.      
GRID         699        0.135   0.01    0.      
GRID         700        0.1375  0.01    0.      
GRID         701        0.14    0.01    0.      
GRID         702        0.1425  0.01    0.      
GRID         703        0.145   0.01    0.      
GRID         704        0.1475  0.01    0.      
GRID         705        0.15    0.01    0.      
GRID         706        0.1525  0.01    0.      
GRID         707        0.155   0.01    0.      
GRID         708        0.1575  0.01    0.      
GRID         709        0.16    0.01    0.      
GRID         710        0.1625  0.01    0.      
GRID         711        0.165   0.01    0.      
GRID         712        0.1675  0.01    0.      
GRID         713        0.17    0.01    0.      
GRID         714        0.1725  0.01    0.      
GRID         715        0.175   0.01    0.      
GRID         716        0.1775  0.01    0.      
GRID         717        0.18    0.01    0.      
GRID         718        0.1825  0.01    0.      
GRID         719        0.185   0.01    0.      
GRID         720        0.1875  0.01    0.      
GRID         721        0.19    0.01    0.      
GRID         722        0.1925  0.01    0.      
GRID         723        0.195   0.01    0.      
GRID         724        0.1975  0.01    0.      
GRID         725        0.2     0.01    0.      
GRID         726        0.2025  0.01    0.      
GRID         727        0.205   0.01    0.      
GRID         728        0.2075  0.01    0.      
GRID         729        0.21    0.01    0.      
GRID         730        0.2125  0.01    0.      
GRID         731        0.215   0.01    0.      
GRID         732        0.2175  0.01    0.      
GRID         733        0.22    0.01    0.      
GRID         734        0.2225  0.01    0.      
GRID         735        0.225   0.01    0.      
GRID         736        0.2275  0.01    0.      
GRID         737        0.23    0.01    0.      
GRID         738        0.2325  0.01    0.      
GRID         739        0.235   0.01    0.      
GRID         740        0.2375  0.01    0.      
GRID         741        0.24    0.01    0.      
GRID         742        0.2425  0.01    0.      
GRID         743        0.245   0.01    0.      
GRID         744        0.2475  0.01    0.      
GRID         745        0.25    0.01    0.      
GRID         746        0.2525  0.01    0.      
GRID         747        0.255   0.01    0.      
GRID         748        0.2575  0.01    0.      
GRID         749        0.26    0.01    0.      
GRID         750        0.2625  0.01    0.      
GRID         751        0.265   0.01    0.      
GRID         752        0.2675  0.01    0.      
GRID         753        0.27    0.01    0.      
GRID         754        0.2725  0.01    0.      
GRID         755        0.275   0.01    0.      
GRID         756        0.2775  0.01    0.      
GRID         757        0.28    0.01    0.      
GRID         758        0.2825  0.01    0.      
GRID         759        0.285   0.01    0.      
GRID         760        0.2875  0.01    0.      
GRID         761        0.29    0.01    0.      
GRID         762        0.2925  0.01    0.      
GRID         763        0.295   0.01    0.      
GRID         764        0.2975  0.01    0.      
GRID         765        0.3     0.01    0.      
GRID         766        0.3025  0.01    0.      
GRID         767        0.305   0.01    0.      
GRID         768        0.3075  0.01    0.      
GRID         769        0.31    0.01    0.      
GRID         770        0.3125  0.01    0.      
GRID         771        0.315   0.01    0.      
GRID         772        0.3175  0.01    0.      
GRID         773        0.32    0.01    0.      
GRID         774        0.3225  0.01    0.      
GRID         775        0.325   0.01    0.      
GRID         776        0.3275  0.01    0.      
GRID         777        0.33    0.01    0.      
GRID         778        0.3325  0.01    0.      
GRID         779        0.335   0.01    0.      
GRID         780        0.3375  0.01    0.      
GRID         781        0.34    0.01    0.      
GRID         782        0.3425  0.01    0.      
GRID         783        0.345   0.01    0.      
GRID         784        0.3475  0.01    0.      
GRID         785        0.35    0.01    0.      
GRID         786        0.3525  0.01    0.      
GRID         787        0.355   0.01    0.      
GRID         788        0.3575  0.01    0.      
GRID         789        0.36    0.01    0.      
GRID         790        0.3625  0.01    0.      
GRID         791        0.365   0.01    0.      
GRID         792        0.3675  0.01    0.      
GRID         793        0.37    0.01    0.      
GRID         794        0.3725  0.01    0.      
GRID         795        0.375   0.01    0.      
GRID         796        0.3775  0.01    0.      
GRID         797        0.38    0.01    0.      
GRID         798        0.3825  0.01    0.      
GRID         799        0.385   0.01    0.      
GRID         800        0.3875  0.01    0.      
GRID         801        0.39    0.01    0.      
GRID         802        0.3925  0.01    0.      
GRID         803        0.395   0.01    0.      
GRID         804        0.3975  0.01    0.      
GRID         805        0.4     0.01    0.      
GRID         806        0.      0.0125  0.      
GRID         807        0.0025  0.0125  0.      
GRID         808        0.005   0.0125  0.      
GRID         809        0.0075  0.0125  0.      
GRID         810        0.01    0.0125  0.      
GRID         811        0.0125  0.0125  0.      
GRID         812        0.015   0.0125  0.      
GRID         813        0.0175  0.0125  0.      
GRID         814        0.02    0.0125  0.      
GRID         815        0.0225  0.0125  0.      
GRID         816        0.025   0.0125  0.      
GRID         817        0.0275  0.0125  0.      
GRID         818        0.03    0.0125  0.      
GRID         819        0.0325  0.0125  0.      
GRID         820        0.035   0.0125  0.      
GRID         821        0.0375  0.0125  0.      
GRID         822        0.04    0.0125  0.      
GRID         823        0.0425  0.0125  0.      
GRID         824        0.045   0.0125  0.      
GRID         825        0.0475  0.0125  0.      
GRID         826        0.05    0.0125  0.      
GRID         827        0.0525  0.0125  0.      
GRID         828        0.055   0.0125  0.      
GRID         829        0.0575  0.0125  0.      
GRID         830        0.06    0.0125  0.      
GRID         831        0.0625  0.0125  0.      
GRID         832        0.065   0.0125  0.      
GRID         833        0.0675  0.0125  0.      
GRID         834        0.07    0.0125  0.      
GRID         835        0.0725  0.0125  0.      
GRID         836        0.075   0.0125  0.      
GRID         837        0.0775  0.0125  0.      
GRID         838        0.08    0.0125  0.      
GRID         839        0.0825  0.0125  0.      
GRID         840        0.085   0.0125  0.      
GRID         841        0.0875  0.0125  0.      
GRID         842        0.09    0.0125  0.      
GRID         843        0.0925  0.0125  0.      
GRID         844        0.095   0.0125  0.      
GRID         845        0.0975  0.0125  0.      
GRID         846        0.1     0.0125  0.      
GRID         847        0.1025  0.0125  0.      
GRID         848        0.105   0.0125  0.      
GRID         849        0.1075  0.0125  0.      
GRID         850        0.11    0.0125  0.      
GRID         851        0.1125  0.0125  0.      
GRID         852        0.115   0.0125  0.      
GRID         853        0.1175  0.0125  0.      
GRID         854        0.12    0.0125  0.      
GRID         855        0.1225  0.0125  0.      
GRID         856        0.125   0.0125  0.      
GRID         857        0.1275  0.0125  0.      
GRID         858        0.13    0.0125  0.      
GRID         859        0.1325  0.0125  0.      
GRID         860        0.135   0.0125  0.      
GRID         861        0.1375  0.0125  0.      
GRID         862        0.14    0.0125  0.      
GRID         863        0.1425  0.0125  0.      
GRID         864        0.145   0.0125  0.      
GRID         865        0.1475  0.0125  0.      
GRID         866        0.15    0.0125  0.      
GRID         867        0.1525  0.0125  0.      
GRID         868        0.155   0.0125  0.      
GRID         869        0.1575  0.0125  0.      
GRID         870        0.16    0.0125  0.      
GRID         871        0.1625  0.0125  0.      
GRID         872        0.165   0.0125  0.      
GRID         873        0.1675  0.0125  0.      
GRID         874        0.17    0.0125  0.      
GRID         875        0.1725  0.0125  0.      
GRID         876        0.175   0.0125  0.      
GRID         877        0.1775  0.0125  0.      
GRID         878        0.18    0.0125  0.      
GRID         879        0.1825  0.0125  0.      
GRID         880        0.185   0.0125  0.      
GRID         881        0.1875  0.0125  0.      
GRID         882        0.19    0.0125  0.      
GRID         883        0.1925  0.0125  0.      
GRID         884        0.195   0.0125  0.      
GRID         885        0.1975  0.0125  0.      
GRID         886        0.2     0.0125  0.      
GRID         887        0.2025  0.0125  0.      
GRID         888        0.205   0.0125  0.      
GRID         889        0.2075  0.0125  0.      
GRID         890        0.21    0.0125  0.      
GRID         891        0.2125  0.0125  0.      
GRID         892        0.215   0.0125  0.      
GRID         893        0.2175  0.0125  0.      
GRID         894        0.22    0.0125  0.      
GRID         895        0.2225  0.0125  0.      
GRID         896        0.225   0.0125  0.      
GRID         897        0.2275  0.0125  0.      
GRID         898        0.23    0.0125  0.      
GRID         899        0.2325  0.0125  0.      
GRID         900        0.235   0.0125  0.      
GRID         901        0.2375  0.0125  0.      
GRID         902        0.24    0.0125  0.      
GRID         903        0.2425  0.0125  0.      
GRID         904        0.245   0.0125  0.      
GRID         905        0.2475  0.0125  0.      
GRID         906        0.25    0.0125  0.      
GRID         907        0.2525  0.0125  0.      
GRID         908        0.255   0.0125  0.      
GRID         909        0.2575  0.0125  0.      
GRID         910        0.26    0.0125  0.      
GRID         911        0.2625  0.0125  0.      
GRID         912        0.265   0.0125  0.      
GRID         913        0.2675  0.0125  0.      
GRID         914        0.27    0.0125  0.      
GRID         915        0.2725  0.0125  0.      
GRID         916        0.275   0.0125  0.      
GRID         917        0.2775  0.0125  0.      
GRID         918        0.28    0.0125  0.      
GRID         919        0.2825  0.0125  0.      
GRID         920        0.285   0.0125  0.      
GRID         921        0.2875  0.0125  0.      
GRID         922        0.29    0.0125  0.      
GRID         923        0.2925  0.0125  0.      
GRID         924        0.295   0.0125  0.      
GRID         925        0.2975  0.0125  0.      
GRID         926        0.3     0.0125  0.      
GRID         927        0.3025  0.0125  0.      
GRID         928        0.305   0.0125  0.      
GRID         929        0.3075  0.0125  0.      
GRID         930        0.31    0.0125  0.      
GRID         931        0.3125  0.0125  0.      
GRID         932        0.315   0.0125  0.      
GRID         933        0.3175  0.0125  0.      
GRID         934        0.32    0.0125  0.      
GRID         935        0.3225  0.0125  0.      
GRID         936        0.325   0.0125  0.      
GRID         937        0.3275  0.0125  0.      
GRID         938        0.33    0.0125  0.      
GRID         939        0.3325  0.0125  0.      
GRID         940        0.335   0.0125  0.      
GRID         941        0.3375  0.0125  0.      
GRID         942        0.34    0.0125  0.      
GRID         943        0.3425  0.0125  0.      
GRID         944        0.345   0.0125  0.      
GRID         945        0.3475  0.0125  0.      
GRID         946        0.35    0.0125  0.      
GRID         947        0.3525  0.0125  0.      
GRID         948        0.355   0.0125  0.      
GRID         949        0.3575  0.0125  0.      
GRID         950        0.36    0.0125  0.      
GRID         951        0.3625  0.0125  0.      
GRID         952        0.365   0.0125  0.      
GRID         953        0.3675  0.0125  0.      
GRID         954        0.37    0.0125  0.      
GRID         955        0.3725  0.0125  0.      
GRID         956        0.375   0.0125  0.      
GRID         957        0.3775  0.0125  0.      
GRID         958        0.38    0.0125  0.      
GRID         959        0.3825  0.0125  0.      
GRID         960        0.385   0.0125  0.      
GRID         961        0.3875  0.0125  0.      
GRID         962        0.39    0.0125  0.      
GRID         963        0.3925  0.0125  0.      
GRID         964        0.395   0.0125  0.      
GRID         965        0.3975  0.0125  0.      
GRID         966        0.4     0.0125  0.      
GRID         967        0.      0.015   0.      
GRID         968        0.0025  0.015   0.      
GRID         969        0.005   0.015   0.      
GRID         970        0.0075  0.015   0.      
GRID         971        0.01    0.015   0.      
GRID         972        0.0125  0.015   0.      
GRID         973        0.015   0.015   0.      
GRID         974        0.0175  0.015   0.      
GRID         975        0.02    0.015   0.      
GRID         976        0.0225  0.015   0.      
GRID         977        0.025   0.015   0.      
GRID         978        0.0275  0.015   0.      
GRID         979        0.03    0.015   0.      
GRID         980        0.0325  0.015   0.      
GRID         981        0.035   0.015   0.      
GRID         982        0.0375  0.015   0.      
GRID         983        0.04    0.015   0.      
GRID         984        0.0425  0.015   0.      
GRID         985        0.045   0.015   0.      
GRID         986        0.0475  0.015   0.      
GRID         987        0.05    0.015   0.      
GRID         988        0.0525  0.015   0.      
GRID         989        0.055   0.015   0.      
GRID         990        0.0575  0.015   0.      
GRID         991        0.06    0.015   0.      
GRID         992        0.0625  0.015   0.      
GRID         993        0.065   0.015   0.      
GRID         994        0.0675  0.015   0.      
GRID         995        0.07    0.015   0.      
GRID         996        0.0725  0.015   0.      
GRID         997        0.075   0.015   0.      
GRID         998        0.0775  0.015   0.      
GRID         999        0.08    0.015   0.      
GRID        1000        0.0825  0.015   0.      
GRID        1001        0.085   0.015   0.      
GRID        1002        0.0875  0.015   0.      
GRID        1003        0.09    0.015   0.      
GRID        1004        0.0925  0.015   0.      
GRID        1005        0.095   0.015   0.      
GRID        1006        0.0975  0.015   0.      
GRID        1007        0.1     0.015   0.      
GRID        1008        0.1025  0.015   0.      
GRID        1009        0.105   0.015   0.      
GRID        1010        0.1075  0.015   0.      
GRID        1011        0.11    0.015   0.      
GRID        1012        0.1125  0.015   0.      
GRID        1013        0.115   0.015   0.      
GRID        1014        0.1175  0.015   0.      
GRID        1015        0.12    0.015   0.      
GRID        1016        0.1225  0.015   0.      
GRID        1017        0.125   0.015   0.      
GRID        1018        0.1275  0.015   0.      
GRID        1019        0.13    0.015   0.      
GRID        1020        0.1325  0.015   0.      
GRID        1021        0.135   0.015   0.      
GRID        1022        0.1375  0.015   0.      
GRID        1023        0.14    0.015   0.      
GRID        1024        0.1425  0.015   0.      
GRID        1025        0.145   0.015   0.      
GRID        1026        0.1475  0.015   0.      
GRID        1027        0.15    0.015   0.      
GRID        1028        0.1525  0.015   0.      
GRID        1029        0.155   0.015   0.      
GRID        1030        0.1575  0.015   0.      
GRID        1031        0.16    0.015   0.      
GRID        1032        0.1625  0.015   0.      
GRID        1033        0.165   0.015   0.      
GRID        1034        0.1675  0.015   0.      
GRID        1035        0.17    0.015   0.      
GRID        1036        0.1725  0.015   0.      
GRID        1037        0.175   0.015   0.      
GRID        1038        0.1775  0.015   0.      
GRID        1039        0.18    0.015   0.      
GRID        1040        0.1825  0.015   0.      
GRID        1041        0.185   0.015   0.      
GRID        1042        0.1875  0.015   0.      
GRID        1043        0.19    0.015   0.      
GRID        1044        0.1925  0.015   0.      
GRID        1045        0.195   0.015   0.      
GRID        1046        0.1975  0.015   0.      
GRID        1047        0.2     0.015   0.      
GRID        1048        0.2025  0.015   0.      
GRID        1049        0.205   0.015   0.      
GRID        1050        0.2075  0.015   0.      
GRID        1051        0.21    0.015   0.      
GRID        1052        0.2125  0.015   0.      
GRID        1053        0.215   0.015   0.      
GRID        1054        0.2175  0.015   0.      
GRID        1055        0.22    0.015   0.      
GRID        1056        0.2225  0.015   0.      
GRID        1057        0.225   0.015   0.      
GRID        1058        0.2275  0.015   0.      
GRID        1059        0.23    0.015   0.      
GRID        1060        0.2325  0.015   0.      
GRID        1061        0.235   0.015   0.      
GRID        1062        0.2375  0.015   0.      
GRID        1063        0.24    0.015   0.      
GRID        1064        0.2425  0.015   0.      
GRID        1065        0.245   0.015   0.      
GRID        1066        0.2475  0.015   0.      
GRID        1067        0.25    0.015   0.      
GRID        1068        0.2525  0.015   0.      
GRID        1069        0.255   0.015   0.      
GRID        1070        0.2575  0.015   0.      
GRID        1071        0.26    0.015   0.      
GRID        1072        0.2625  0.015   0.      
GRID        1073        0.265   0.015   0.      
GRID        1074        0.2675  0.015   0.      
GRID        1075        0.27    0.015   0.      
GRID        1076        0.2725  0.015   0.      
GRID        1077        0.275   0.015   0.      
GRID        1078        0.2775  0.015   0.      
GRID        1079        0.28    0.015   0.      
GRID        1080        0.2825  0.015   0.      
GRID        1081        0.285   0.015   0.      
GRID        1082        0.2875  0.015   0.      
GRID        1083        0.29    0.015   0.      
GRID        1084        0.2925  0.015   0.      
GRID        1085        0.295   0.015   0.      
GRID        1086        0.2975  0.015   0.      
GRID        1087        0.3     0.015   0.      
GRID        1088        0.3025  0.015   0.      
GRID        1089        0.305   0.015   0.      
GRID        1090        0.3075  0.015   0.      
GRID        1091        0.31    0.015   0.      
GRID        1092        0.3125  0.015   0.      
GRID        1093        0.315   0.015   0.      
GRID        1094        0.3175  0.015   0.      
GRID        1095        0.32    0.015   0.      
GRID        1096        0.3225  0.015   0.      
GRID        1097        0.325   0.015   0.      
GRID        1098        0.3275  0.015   0.      
GRID        1099        0.33    0.015   0.      
GRID        1100        0.3325  0.015   0.      
GRID        1101        0.335   0.015   0.      
GRID        1102        0.3375  0.015   0.      
GRID        1103        0.34    0.015   0.      
GRID        1104        0.3425  0.015   0.      
GRID        1105        0.345   0.015   0.      
GRID        1106        0.3475  0.015   0.      
GRID        1107        0.35    0.015   0.      
GRID        1108        0.3525  0.015   0.      
GRID        1109        0.355   0.015   0.      
GRID        1110        0.3575  0.015   0.      
GRID        1111        0.36    0.015   0.      
GRID        1112        0.3625  0.015   0.      
GRID        1113        0.365   0.015   0.      
GRID        1114        0.3675  0.015   0.      
GRID        1115        0.37    0.015   0.      
GRID        1116        0.3725  0.015   0.      
GRID        1117        0.375   0.015   0.      
GRID        1118        0.3775  0.015   0.      
GRID        1119        0.38    0.015   0.      
GRID        1120        0.3825  0.015   0.      
GRID        1121        0.385   0.015   0.      
GRID        1122        0.3875  0.015   0.      
GRID        1123        0.39    0.015   0.      
GRID        1124        0.3925  0.015   0.      
GRID        1125        0.395   0.015   0.      
GRID        1126        0.3975  0.015   0.      
GRID        1127        0.4     0.015   0.      
GRID        1128        0.      0.0175  0.      
GRID        1129        0.0025  0.0175  0.      
GRID        1130        0.005   0.0175  0.      
GRID        1131        0.0075  0.0175  0.      
GRID        1132        0.01    0.0175  0.      
GRID        1133        0.0125  0.0175  0.      
GRID        1134        0.015   0.0175  0.      
GRID        1135        0.0175  0.0175  0.      
GRID        1136        0.02    0.0175  0.      
GRID        1137        0.0225  0.0175  0.      
GRID        1138        0.025   0.0175  0.      
GRID        1139        0.0275  0.0175  0.      
GRID        1140        0.03    0.0175  0.      
GRID        1141        0.0325  0.0175  0.      
GRID        1142        0.035   0.0175  0.      
GRID        1143        0.0375  0.0175  0.      
GRID        1144        0.04    0.0175  0.      
GRID        1145        0.0425  0.0175  0.      
GRID        1146        0.045   0.0175  0.      
GRID        1147        0.0475  0.0175  0.      
GRID        1148        0.05    0.0175  0.      
GRID        1149        0.0525  0.0175  0.      
GRID        1150        0.055   0.0175  0.      
GRID        1151        0.0575  0.0175  0.      
GRID        1152        0.06    0.0175  0.      
GRID        1153        0.0625  0.0175  0.      
GRID        1154        0.065   0.0175  0.      
GRID        1155        0.0675  0.0175  0.      
GRID        1156        0.07    0.0175  0.      
GRID        1157        0.0725  0.0175  0.      
GRID        1158        0.075   0.0175  0.      
GRID        1159        0.0775  0.0175  0.      
GRID        1160        0.08    0.0175  0.      
GRID        1161        0.0825  0.0175  0.      
GRID        1162        0.085   0.0175  0.      
GRID        1163        0.0875  0.0175  0.      
GRID        1164        0.09    0.0175  0.      
GRID        1165        0.0925  0.0175  0.      
GRID        1166        0.095   0.0175  0.      
GRID        1167        0.0975  0.0175  0.      
GRID        1168        0.1     0.0175  0.      
GRID        1169        0.1025  0.0175  0.      
GRID        1170        0.105   0.0175  0.      
GRID        1171        0.1075  0.0175  0.      
GRID        1172        0.11    0.0175  0.      
GRID        1173        0.1125  0.0175  0.      
GRID        1174        0.115   0.0175  0.      
GRID        1175        0.1175  0.0175  0.      
GRID        1176        0.12    0.0175  0.      
GRID        1177        0.1225  0.0175  0.      
GRID        1178        0.125   0.0175  0.      
GRID        1179        0.1275  0.0175  0.      
GRID        1180        0.13    0.0175  0.      
GRID        1181        0.1325  0.0175  0.      
GRID        1182        0.135   0.0175  0.      
GRID        1183        0.1375  0.0175  0.      
GRID        1184        0.14    0.0175  0.      
GRID        1185        0.1425  0.0175  0.      
GRID        1186        0.145   0.0175  0.      
GRID        1187        0.1475  0.0175  0.      
GRID        1188        0.15    0.0175  0.      
GRID        1189        0.1525  0.0175  0.      
GRID        1190        0.155   0.0175  0.      
GRID        1191        0.1575  0.0175  0.      
GRID        1192        0.16    0.0175  0.      
GRID        1193        0.1625  0.0175  0.      
GRID        1194        0.165   0.0175  0.      
GRID        1195        0.1675  0.0175  0.      
GRID        1196        0.17    0.0175  0.      
GRID        1197        0.1725  0.0175  0.      
GRID        1198        0.175   0.0175  0.      
GRID        1199        0.1775  0.0175  0.      
GRID        1200        0.18    0.0175  0.      
GRID        1201        0.1825  0.0175  0.      
GRID        1202        0.185   0.0175  0.      
GRID        1203        0.1875  0.0175  0.      
GRID        1204        0.19    0.0175  0.      
GRID        1205        0.1925  0.0175  0.      
GRID        1206        0.195   0.0175  0.      
GRID        1207        0.1975  0.0175  0.      
GRID        1208        0.2     0.0175  0.      
GRID        1209        0.2025  0.0175  0.      
GRID        1210        0.205   0.0175  0.      
GRID        1211        0.2075  0.0175  0.      
GRID        1212        0.21    0.0175  0.      
GRID        1213        0.2125  0.0175  0.      
GRID        1214        0.215   0.0175  0.      
GRID        1215        0.2175  0.0175  0.      
GRID        1216        0.22    0.0175  0.      
GRID        1217        0.2225  0.0175  0.      
GRID        1218        0.225   0.0175  0.      
GRID        1219        0.2275  0.0175  0.      
GRID        1220        0.23    0.0175  0.      
GRID        1221        0.2325  0.0175  0.      
GRID        1222        0.235   0.0175  0.      
GRID        1223        0.2375  0.0175  0.      
GRID        1224        0.24    0.0175  0.      
GRID        1225        0.2425  0.0175  0.      
GRID        1226        0.245   0.0175  0.      
GRID        1227        0.2475  0.0175  0.      
GRID        1228        0.25    0.0175  0.      
GRID        1229        0.2525  0.0175  0.      
GRID        1230        0.255   0.0175  0.      
GRID        1231        0.2575  0.0175  0.      
GRID        1232        0.26    0.0175  0.      
GRID        1233        0.2625  0.0175  0.      
GRID        1234        0.265   0.0175  0.      
GRID        1235        0.2675  0.0175  0.      
GRID        1236        0.27    0.0175  0.      
GRID        1237        0.2725  0.0175  0.      
GRID        1238        0.275   0.0175  0.      
GRID        1239        0.2775  0.0175  0.      
GRID        1240        0.28    0.0175  0.      
GRID        1241        0.2825  0.0175  0.      
GRID        1242        0.285   0.0175  0.      
GRID        1243        0.2875  0.0175  0.      
GRID        1244        0.29    0.0175  0.      
GRID        1245        0.2925  0.0175  0.      
GRID        1246        0.295   0.0175  0.      
GRID        1247        0.2975  0.0175  0.      
GRID        1248        0.3     0.0175  0.      
GRID        1249        0.3025  0.0175  0.      
GRID        1250        0.305   0.0175  0.      
GRID        1251        0.3075  0.0175  0.      
GRID        1252        0.31    0.0175  0.      
GRID        1253        0.3125  0.0175  0.      
GRID        1254        0.315   0.0175  0.      
GRID        1255        0.3175  0.0175  0.      
GRID        1256        0.32    0.0175  0.      
GRID        1257        0.3225  0.0175  0.      
GRID        1258        0.325   0.0175  0.      
GRID        1259        0.3275  0.0175  0.      
GRID        1260        0.33    0.0175  0.      
GRID        1261        0.3325  0.0175  0.      
GRID        1262        0.335   0.0175  0.      
GRID        1263        0.3375  0.0175  0.      
GRID        1264        0.34    0.0175  0.      
GRID        1265        0.3425  0.0175  0.      
GRID        1266        0.345   0.0175  0.      
GRID        1267        0.3475  0.0175  0.      
GRID        1268        0.35    0.0175  0.      
GRID        1269        0.3525  0.0175  0.      
GRID        1270        0.355   0.0175  0.      
GRID        1271        0.3575  0.0175  0.      
GRID        1272        0.36    0.0175  0.      
GRID        1273        0.3625  0.0175  0.      
GRID        1274        0.365   0.0175  0.      
GRID        1275        0.3675  0.0175  0.      
GRID        1276        0.37    0.0175  0.      
GRID        1277        0.3725  0.0175  0.      
GRID        1278        0.375   0.0175  0.      
GRID        1279        0.3775  0.0175  0.      
GRID        1280        0.38    0.0175  0.      
GRID        1281        0.3825  0.0175  0.      
GRID        1282        0.385   0.0175  0.      
GRID        1283        0.3875  0.0175  0.      
GRID        1284        0.39    0.0175  0.      
GRID        1285        0.3925  0.0175  0.      
GRID        1286        0.395   0.0175  0.      
GRID        1287        0.3975  0.0175  0.      
GRID        1288        0.4     0.0175  0.      
GRID        1289        0.      0.02    0.      
GRID        1290        0.0025  0.02    0.      
GRID        1291        0.005   0.02    0.      
GRID        1292        0.0075  0.02    0.      
GRID        1293        0.01    0.02    0.      
GRID        1294        0.0125  0.02    0.      
GRID        1295        0.015   0.02    0.      
GRID        1296        0.0175  0.02    0.      
GRID        1297        0.02    0.02    0.      
GRID        1298        0.0225  0.02    0.      
GRID        1299        0.025   0.02    0.      
GRID        1300        0.0275  0.02    0.      
GRID        1301        0.03    0.02    0.      
GRID        1302        0.0325  0.02    0.      
GRID        1303        0.035   0.02    0.      
GRID        1304        0.0375  0.02    0.      
GRID        1305        0.04    0.02    0.      
GRID        1306        0.0425  0.02    0.      
GRID        1307        0.045   0.02    0.      
GRID        1308        0.0475  0.02    0.      
GRID        1309        0.05    0.02    0.      
GRID        1310        0.0525  0.02    0.      
GRID        1311        0.055   0.02    0.      
GRID        1312        0.0575  0.02    0.      
GRID        1313        0.06    0.02    0.      
GRID        1314        0.0625  0.02    0.      
GRID        1315        0.065   0.02    0.      
GRID        1316        0.0675  0.02    0.      
GRID        1317        0.07    0.02    0.      
GRID        1318        0.0725  0.02    0.      
GRID        1319        0.075   0.02    0.      
GRID        1320        0.0775  0.02    0.      
GRID        1321        0.08    0.02    0.      
GRID        1322        0.0825  0.02    0.      
GRID        1323        0.085   0.02    0.      
GRID        1324        0.0875  0.02    0.      
GRID        1325        0.09    0.02    0.      
GRID        1326        0.0925  0.02    0.      
GRID        1327        0.095   0.02    0.      
GRID        1328        0.0975  0.02    0.      
GRID        1329        0.1     0.02    0.      
GRID        1330        0.1025  0.02    0.      
GRID        1331        0.105   0.02    0.      
GRID        1332        0.1075  0.02    0.      
GRID        1333        0.11    0.02    0.      
GRID        1334        0.1125  0.02    0.      
GRID        1335        0.115   0.02    0.      
GRID        1336        0.1175  0.02    0.      
GRID        1337        0.12    0.02    0.      
GRID        1338        0.1225  0.02    0.      
GRID        1339        0.125   0.02    0.      
GRID        1340        0.1275  0.02    0.      
GRID        1341        0.13    0.02    0.      
GRID        1342        0.1325  0.02    0.      
GRID        1343        0.135   0.02    0.      
GRID        1344        0.1375  0.02    0.      
GRID        1345        0.14    0.02    0.      
GRID        1346        0.1425  0.02    0.      
GRID        1347        0.145   0.02    0.      
GRID        1348        0.1475  0.02    0.      
GRID        1349        0.15    0.02    0.      
GRID        1350        0.1525  0.02    0.      
GRID        1351        0.155   0.02    0.      
GRID        1352        0.1575  0.02    0.      
GRID        1353        0.16    0.02    0.      
GRID        1354        0.1625  0.02    0.      
GRID        1355        0.165   0.02    0.      
GRID        1356        0.1675  0.02    0.      
GRID        1357        0.17    0.02    0.      
GRID        1358        0.1725  0.02    0.      
GRID        1359        0.175   0.02    0.      
GRID        1360        0.1775  0.02    0.      
GRID        1361        0.18    0.02    0.      
GRID        1362        0.1825  0.02    0.      
GRID        1363        0.185   0.02    0.      
GRID        1364        0.1875  0.02    0.      
GRID        1365        0.19    0.02    0.      
GRID        1366        0.1925  0.02    0.      
GRID        1367        0.195   0.02    0.      
GRID        1368        0.1975  0.02    0.      
GRID        1369        0.2     0.02    0.      
GRID        1370        0.2025  0.02    0.      
GRID        1371        0.205   0.02    0.      
GRID        1372        0.2075  0.02    0.      
GRID        1373        0.21    0.02    0.      
GRID        1374        0.2125  0.02    0.      
GRID        1375        0.215   0.02    0.      
GRID        1376        0.2175  0.02    0.      
GRID        1377        0.22    0.02    0.      
GRID        1378        0.2225  0.02    0.      
GRID        1379        0.225   0.02    0.      
GRID        1380        0.2275  0.02    0.      
GRID        1381        0.23    0.02    0.      
GRID        1382        0.2325  0.02    0.      
GRID        1383        0.235   0.02    0.      
GRID        1384        0.2375  0.02    0.      
GRID        1385        0.24    0.02    0.      
GRID        1386        0.2425  0.02    0.      
GRID        1387        0.245   0.02    0.      
GRID        1388        0.2475  0.02    0.      
GRID        1389        0.25    0.02    0.      
GRID        1390        0.2525  0.02    0.      
GRID        1391        0.255   0.02    0.      
GRID        1392        0.2575  0.02    0.      
GRID        1393        0.26    0.02    0.      
GRID        1394        0.2625  0.02    0.      
GRID        1395        0.265   0.02    0.      
GRID        1396        0.2675  0.02    0.      
GRID        1397        0.27    0.02    0.      
GRID        1398        0.2725  0.02    0.      
GRID        1399        0.275   0.02    0.      
GRID        1400        0.2775  0.02    0.      
GRID        1401        0.28    0.02    0.      
GRID        1402        0.2825  0.02    0.      
GRID        1403        0.285   0.02    0.      
GRID        1404        0.2875  0.02    0.      
GRID        1405        0.29    0.02    0.      
GRID        1406        0.2925  0.02    0.      
GRID        1407        0.295   0.02    0.      
GRID        1408        0.2975  0.02    0.      
GRID        1409        0.3     0.02    0.      
GRID        1410        0.3025  0.02    0.      
GRID        1411        0.305   0.02    0.      
GRID        1412        0.3075  0.02    0.      
GRID        1413        0.31    0.02    0.      
GRID        1414        0.3125  0.02    0.      
GRID        1415        0.315   0.02    0.      
GRID        1416        0.3175  0.02    0.      
GRID        1417        0.32    0.02    0.      
GRID        1418        0.3225  0.02    0.      
GRID        1419        0.325   0.02    0.      
GRID        1420        0.3275  0.02    0.      
GRID        1421        0.33    0.02    0.      
GRID        1422        0.3325  0.02    0.      
GRID        1423        0.335   0.02    0.      
GRID        1424        0.3375  0.02    0.      
GRID        1425        0.34    0.02    0.      
GRID        1426        0.3425  0.02    0.      
GRID        1427        0.345   0.02    0.      
GRID        1428        0.3475  0.02    0.      
GRID        1429        0.35    0.02    0.      
GRID        1430        0.3525  0.02    0.      
GRID        1431        0.355   0.02    0.      
GRID        1432        0.3575  0.02    0.      
GRID        1433        0.36    0.02    0.      
GRID        1434        0.3625  0.02    0.      
GRID        1435        0.365   0.02    0.      
GRID        1436        0.3675  0.02    0.      
GRID        1437        0.37    0.02    0.      
GRID        1438        0.3725  0.02    0.      
GRID        1439        0.375   0.02    0.      
GRID        1440        0.3775  0.02    0.      
GRID        1441        0.38    0.02    0.      
GRID        1442        0.3825  0.02    0.      
GRID        1443        0.385   0.02    0.      
GRID        1444        0.3875  0.02    0.      
GRID        1445        0.39    0.02    0.      
GRID        1446        0.3925  0.02    0.      
GRID        1447        0.395   0.02    0.      
GRID        1448        0.3975  0.02    0.      
GRID        1449        0.4     0.02    0.      
GRID        1450        0.      0.0225  0.      
GRID        1451        0.0025  0.0225  0.      
GRID        1452        0.005   0.0225  0.      
GRID        1453        0.0075  0.0225  0.      
GRID        1454        0.01    0.0225  0.      
GRID        1455        0.0125  0.0225  0.      
GRID        1456        0.015   0.0225  0.      
GRID        1457        0.0175  0.0225  0.      
GRID        1458        0.02    0.0225  0.      
GRID        1459        0.0225  0.0225  0.      
GRID        1460        0.025   0.0225  0.      
GRID        1461        0.0275  0.0225  0.      
GRID        1462        0.03    0.0225  0.      
GRID        1463        0.0325  0.0225  0.      
GRID        1464        0.035   0.0225  0.      
GRID        1465        0.0375  0.0225  0.      
GRID        1466        0.04    0.0225  0.      
GRID        1467        0.0425  0.0225  0.      
GRID        1468        0.045   0.0225  0.      
GRID        1469        0.0475  0.0225  0.      
GRID        1470        0.05    0.0225  0.      
GRID        1471        0.0525  0.0225  0.      
GRID        1472        0.055   0.0225  0.      
GRID        1473        0.0575  0.0225  0.      
GRID        1474        0.06    0.0225  0.      
GRID        1475        0.0625  0.0225  0.      
GRID        1476        0.065   0.0225  0.      
GRID        1477        0.0675  0.0225  0.      
GRID        1478        0.07    0.0225  0.      
GRID        1479        0.0725  0.0225  0.      
GRID        1480        0.075   0.0225  0.      
GRID        1481        0.0775  0.0225  0.      
GRID        1482        0.08    0.0225  0.      
GRID        1483        0.0825  0.0225  0.      
GRID        1484        0.085   0.0225  0.      
GRID        1485        0.0875  0.0225  0.      
GRID        1486        0.09    0.0225  0.      
GRID        1487        0.0925  0.0225  0.      
GRID        1488        0.095   0.0225  0.      
GRID        1489        0.0975  0.0225  0.      
GRID        1490        0.1     0.0225  0.      
GRID        1491        0.1025  0.0225  0.      
GRID        1492        0.105   0.0225  0.      
GRID        1493        0.1075  0.0225  0.      
GRID        1494        0.11    0.0225  0.      
GRID        1495        0.1125  0.0225  0.      
GRID        1496        0.115   0.0225  0.      
GRID        1497        0.1175  0.0225  0.      
GRID        1498        0.12    0.0225  0.      
GRID        1499        0.1225  0.0225  0.      
GRID        1500        0.125   0.0225  0.      
GRID        1501        0.1275  0.0225  0.      
GRID        1502        0.13    0.0225  0.      
GRID        1503        0.1325  0.0225  0.      
GRID        1504        0.135   0.0225  0.      
GRID        1505        0.1375  0.0225  0.      
GRID        1506        0.14    0.0225  0.      
GRID        1507        0.1425  0.0225  0.      
GRID        1508        0.145   0.0225  0.      
GRID        1509        0.1475  0.0225  0.      
GRID        1510        0.15    0.0225  0.      
GRID        1511        0.1525  0.0225  0.      
GRID        1512        0.155   0.0225  0.      
GRID        1513        0.1575  0.0225  0.      
GRID        1514        0.16    0.0225  0.      
GRID        1515        0.1625  0.0225  0.      
GRID        1516        0.165   0.0225  0.      
GRID        1517        0.1675  0.0225  0.      
GRID        1518        0.17    0.0225  0.      
GRID        1519        0.1725  0.0225  0.      
GRID        1520        0.175   0.0225  0.      
GRID        1521        0.1775  0.0225  0.      
GRID        1522        0.18    0.0225  0.      
GRID        1523        0.1825  0.0225  0.      
GRID        1524        0.185   0.0225  0.      
GRID        1525        0.1875  0.0225  0.      
GRID        1526        0.19    0.0225  0.      
GRID        1527        0.1925  0.0225  0.      
GRID        1528        0.195   0.0225  0.      
GRID        1529        0.1975  0.0225  0.      
GRID        1530        0.2     0.0225  0.      
GRID        1531        0.2025  0.0225  0.      
GRID        1532        0.205   0.0225  0.      
GRID        1533        0.2075  0.0225  0.      
GRID        1534        0.21    0.0225  0.      
GRID        1535        0.2125  0.0225  0.      
GRID        1536        0.215   0.0225  0.      
GRID        1537        0.2175  0.0225  0.      
GRID        1538        0.22    0.0225  0.      
GRID        1539        0.2225  0.0225  0.      
GRID        1540        0.225   0.0225  0.      
GRID        1541        0.2275  0.0225  0.      
GRID        1542        0.23    0.0225  0.      
GRID        1543        0.2325  0.0225  0.      
GRID        1544        0.235   0.0225  0.      
GRID        1545        0.2375  0.0225  0.      
GRID        1546        0.24    0.0225  0.      
GRID        1547        0.2425  0.0225  0.      
GRID        1548        0.245   0.0225  0.      
GRID        1549        0.2475  0.0225  0.      
GRID        1550        0.25    0.0225  0.      
GRID        1551        0.2525  0.0225  0.      
GRID        1552        0.255   0.0225  0.      
GRID        1553        0.2575  0.0225  0.      
GRID        1554        0.26    0.0225  0.      
GRID        1555        0.2625  0.0225  0.      
GRID        1556        0.265   0.0225  0.      
GRID        1557        0.2675  0.0225  0.      
GRID        1558        0.27    0.0225  0.      
GRID        1559        0.2725  0.0225  0.      
GRID        1560        0.275   0.0225  0.      
GRID        1561        0.2775  0.0225  0.      
GRID        1562        0.28    0.0225  0.      
GRID        1563        0.2825  0.0225  0.      
GRID        1564        0.285   0.0225  0.      
GRID        1565        0.2875  0.0225  0.      
GRID        1566        0.29    0.0225  0.      
GRID        1567        0.2925  0.0225  0.      
GRID        1568        0.295   0.0225  0.      
GRID        1569        0.2975  0.0225  0.      
GRID        1570        0.3     0.0225  0.      
GRID        1571        0.3025  0.0225  0.      
GRID        1572        0.305   0.0225  0.      
GRID        1573        0.3075  0.0225  0.      
GRID        1574        0.31    0.0225  0.      
GRID        1575        0.3125  0.0225  0.      
GRID        1576        0.315   0.0225  0.      
GRID        1577        0.3175  0.0225  0.      
GRID        1578        0.32    0.0225  0.      
GRID        1579        0.3225  0.0225  0.      
GRID        1580        0.325   0.0225  0.      
GRID        1581        0.3275  0.0225  0.      
GRID        1582        0.33    0.0225  0.      
GRID        1583        0.3325  0.0225  0.      
GRID        1584        0.335   0.0225  0.      
GRID        1585        0.3375  0.0225  0.      
GRID        1586        0.34    0.0225  0.      
GRID        1587        0.3425  0.0225  0.      
GRID        1588        0.345   0.0225  0.      
GRID        1589        0.3475  0.0225  0.      
GRID        1590        0.35    0.0225  0.      
GRID        1591        0.3525  0.0225  0.      
GRID        1592        0.355   0.0225  0.      
GRID        1593        0.3575  0.0225  0.      
GRID        1594        0.36    0.0225  0.      
GRID        1595        0.3625  0.0225  0.      
GRID        1596        0.365   0.0225  0.      
GRID        1597        0.3675  0.0225  0.      
GRID        1598        0.37    0.0225  0.      
GRID        1599        0.3725  0.0225  0.      
GRID        1600        0.375   0.0225  0.      
GRID        1601        0.3775  0.0225  0.      
GRID        1602        0.38    0.0225  0.      
GRID        1603        0.3825  0.0225  0.      
GRID        1604        0.385   0.0225  0.      
GRID        1605        0.3875  0.0225  0.      
GRID        1606        0.39    0.0225  0.      
GRID        1607        0.3925  0.0225  0.      
GRID        1608        0.395   0.0225  0.      
GRID        1609        0.3975  0.0225  0.      
GRID        1610        0.4     0.0225  0.      
GRID        1611        0.      0.025   0.      
GRID        1612        0.0025  0.025   0.      
GRID        1613        0.005   0.025   0.      
GRID        1614        0.0075  0.025   0.      
GRID        1615        0.01    0.025   0.      
GRID        1616        0.0125  0.025   0.      
GRID        1617        0.015   0.025   0.      
GRID        1618        0.0175  0.025   0.      
GRID        1619        0.02    0.025   0.      
GRID        1620        0.0225  0.025   0.      
GRID        1621        0.025   0.025   0.      
GRID        1622        0.0275  0.025   0.      
GRID        1623        0.03    0.025   0.      
GRID        1624        0.0325  0.025   0.      
GRID        1625        0.035   0.025   0.      
GRID        1626        0.0375  0.025   0.      
GRID        1627        0.04    0.025   0.      
GRID        1628        0.0425  0.025   0.      
GRID        1629        0.045   0.025   0.      
GRID        1630        0.0475  0.025   0.      
GRID        1631        0.05    0.025   0.      
GRID        1632        0.0525  0.025   0.      
GRID        1633        0.055   0.025   0.      
GRID        1634        0.0575  0.025   0.      
GRID        1635        0.06    0.025   0.      
GRID        1636        0.0625  0.025   0.      
GRID        1637        0.065   0.025   0.      
GRID        1638        0.0675  0.025   0.      
GRID        1639        0.07    0.025   0.      
GRID        1640        0.0725  0.025   0.      
GRID        1641        0.075   0.025   0.      
GRID        1642        0.0775  0.025   0.      
GRID        1643        0.08    0.025   0.      
GRID        1644        0.0825  0.025   0.      
GRID        1645        0.085   0.025   0.      
GRID        1646        0.0875  0.025   0.      
GRID        1647        0.09    0.025   0.      
GRID        1648        0.0925  0.025   0.      
GRID        1649        0.095   0.025   0.      
GRID        1650        0.0975  0.025   0.      
GRID        1651        0.1     0.025   0.      
GRID        1652        0.1025  0.025   0.      
GRID        1653        0.105   0.025   0.      
GRID        1654        0.1075  0.025   0.      
GRID        1655        0.11    0.025   0.      
GRID        1656        0.1125  0.025   0.      
GRID        1657        0.115   0.025   0.      
GRID        1658        0.1175  0.025   0.      
GRID        1659        0.12    0.025   0.      
GRID        1660        0.1225  0.025   0.      
GRID        1661        0.125   0.025   0.      
GRID        1662        0.1275  0.025   0.      
GRID        1663        0.13    0.025   0.      
GRID        1664        0.1325  0.025   0.      
GRID        1665        0.135   0.025   0.      
GRID        1666        0.1375  0.025   0.      
GRID        1667        0.14    0.025   0.      
GRID        1668        0.1425  0.025   0.      
GRID        1669        0.145   0.025   0.      
GRID        1670        0.1475  0.025   0.      
GRID        1671        0.15    0.025   0.      
GRID        1672        0.1525  0.025   0.      
GRID        1673        0.155   0.025   0.      
GRID        1674        0.1575  0.025   0.      
GRID        1675        0.16    0.025   0.      
GRID        1676        0.1625  0.025   0.      
GRID        1677        0.165   0.025   0.      
GRID        1678        0.1675  0.025   0.      
GRID        1679        0.17    0.025   0.      
GRID        1680        0.1725  0.025   0.      
GRID        1681        0.175   0.025   0.      
GRID        1682        0.1775  0.025   0.      
GRID        1683        0.18    0.025   0.      
GRID        1684        0.1825  0.025   0.      
GRID        1685        0.185   0.025   0.      
GRID        1686        0.1875  0.025   0.      
GRID        1687        0.19    0.025   0.      
GRID        1688        0.1925  0.025   0.      
GRID        1689        0.195   0.025   0.      
GRID        1690        0.1975  0.025   0.      
GRID        1691        0.2     0.025   0.      
GRID        1692        0.2025  0.025   0.      
GRID        1693        0.205   0.025   0.      
GRID        1694        0.2075  0.025   0.      
GRID        1695        0.21    0.025   0.      
GRID        1696        0.2125  0.025   0.      
GRID        1697        0.215   0.025   0.      
GRID        1698        0.2175  0.025   0.      
GRID        1699        0.22    0.025   0.      
GRID        1700        0.2225  0.025   0.      
GRID        1701        0.225   0.025   0.      
GRID        1702        0.2275  0.025   0.      
GRID        1703        0.23    0.025   0.      
GRID        1704        0.2325  0.025   0.      
GRID        1705        0.235   0.025   0.      
GRID        1706        0.2375  0.025   0.      
GRID        1707        0.24    0.025   0.      
GRID        1708        0.2425  0.025   0.      
GRID        1709        0.245   0.025   0.      
GRID        1710        0.2475  0.025   0.      
GRID        1711        0.25    0.025   0.      
GRID        1712        0.2525  0.025   0.      
GRID        1713        0.255   0.025   0.      
GRID        1714        0.2575  0.025   0.      
GRID        1715        0.26    0.025   0.      
GRID        1716        0.2625  0.025   0.      
GRID        1717        0.265   0.025   0.      
GRID        1718        0.2675  0.025   0.      
GRID        1719        0.27    0.025   0.      
GRID        1720        0.2725  0.025   0.      
GRID        1721        0.275   0.025   0.      
GRID        1722        0.2775  0.025   0.      
GRID        1723        0.28    0.025   0.      
GRID        1724        0.2825  0.025   0.      
GRID        1725        0.285   0.025   0.      
GRID        1726        0.2875  0.025   0.      
GRID        1727        0.29    0.025   0.      
GRID        1728        0.2925  0.025   0.      
GRID        1729        0.295   0.025   0.      
GRID        1730        0.2975  0.025   0.      
GRID        1731        0.3     0.025   0.      
GRID        1732        0.3025  0.025   0.      
GRID        1733        0.305   0.025   0.      
GRID        1734        0.3075  0.025   0.      
GRID        1735        0.31    0.025   0.      
GRID        1736        0.3125  0.025   0.      
GRID        1737        0.315   0.025   0.      
GRID        1738        0.3175  0.025   0.      
GRID        1739        0.32    0.025   0.      
GRID        1740        0.3225  0.025   0.      
GRID        1741        0.325   0.025   0.      
GRID        1742        0.3275  0.025   0.      
GRID        1743        0.33    0.025   0.      
GRID        1744        0.3325  0.025   0.      
GRID        1745        0.335   0.025   0.      
GRID        1746        0.3375  0.025   0.      
GRID        1747        0.34    0.025   0.      
GRID        1748        0.3425  0.025   0.      
GRID        1749        0.345   0.025   0.      
GRID        1750        0.3475  0.025   0.      
GRID        1751        0.35    0.025   0.      
GRID        1752        0.3525  0.025   0.      
GRID        1753        0.355   0.025   0.      
GRID        1754        0.3575  0.025   0.      
GRID        1755        0.36    0.025   0.      
GRID        1756        0.3625  0.025   0.      
GRID        1757        0.365   0.025   0.      
GRID        1758        0.3675  0.025   0.      
GRID        1759        0.37    0.025   0.      
GRID        1760        0.3725  0.025   0.      
GRID        1761        0.375   0.025   0.      
GRID        1762        0.3775  0.025   0.      
GRID        1763        0.38    0.025   0.      
GRID        1764        0.3825  0.025   0.      
GRID        1765        0.385   0.025   0.      
GRID        1766        0.3875  0.025   0.      
GRID        1767        0.39    0.025   0.      
GRID        1768        0.3925  0.025   0.      
GRID        1769        0.395   0.025   0.      
GRID        1770        0.3975  0.025   0.      
GRID        1771        0.4     0.025   0.      
GRID        1772        0.      0.0275  0.      
GRID        1773        0.0025  0.0275  0.      
GRID        1774        0.005   0.0275  0.      
GRID        1775        0.0075  0.0275  0.      
GRID        1776        0.01    0.0275  0.      
GRID        1777        0.0125  0.0275  0.      
GRID        1778        0.015   0.0275  0.      
GRID        1779        0.0175  0.0275  0.      
GRID        1780        0.02    0.0275  0.      
GRID        1781        0.0225  0.0275  0.      
GRID        1782        0.025   0.0275  0.      
GRID        1783        0.0275  0.0275  0.      
GRID        1784        0.03    0.0275  0.      
GRID        1785        0.0325  0.0275  0.      
GRID        1786        0.035   0.0275  0.      
GRID        1787        0.0375  0.0275  0.      
GRID        1788        0.04    0.0275  0.      
GRID        1789        0.0425  0.0275  0.      
GRID        1790        0.045   0.0275  0.      
GRID        1791        0.0475  0.0275  0.      
GRID        1792        0.05    0.0275  0.      
GRID        1793        0.0525  0.0275  0.      
GRID        1794        0.055   0.0275  0.      
GRID        1795        0.0575  0.0275  0.      
GRID        1796        0.06    0.0275  0.      
GRID        1797        0.0625  0.0275  0.      
GRID        1798        0.065   0.0275  0.      
GRID        1799        0.0675  0.0275  0.      
GRID        1800        0.07    0.0275  0.      
GRID        1801        0.0725  0.0275  0.      
GRID        1802        0.075   0.0275  0.      
GRID        1803        0.0775  0.0275  0.      
GRID        1804        0.08    0.0275  0.      
GRID        1805        0.0825  0.0275  0.      
GRID        1806        0.085   0.0275  0.      
GRID        1807        0.0875  0.0275  0.      
GRID        1808        0.09    0.0275  0.      
GRID        1809        0.0925  0.0275  0.      
GRID        1810        0.095   0.0275  0.      
GRID        1811        0.0975  0.0275  0.      
GRID        1812        0.1     0.0275  0.      
GRID        1813        0.1025  0.0275  0.      
GRID        1814        0.105   0.0275  0.      
GRID        1815        0.1075  0.0275  0.      
GRID        1816        0.11    0.0275  0.      
GRID        1817        0.1125  0.0275  0.      
GRID        1818        0.115   0.0275  0.      
GRID        1819        0.1175  0.0275  0.      
GRID        1820        0.12    0.0275  0.      
GRID        1821        0.1225  0.0275  0.      
GRID        1822        0.125   0.0275  0.      
GRID        1823        0.1275  0.0275  0.      
GRID        1824        0.13    0.0275  0.      
GRID        1825        0.1325  0.0275  0.      
GRID        1826        0.135   0.0275  0.      
GRID        1827        0.1375  0.0275  0.      
GRID        1828        0.14    0.0275  0.      
GRID        1829        0.1425  0.0275  0.      
GRID        1830        0.145   0.0275  0.      
GRID        1831        0.1475  0.0275  0.      
GRID        1832        0.15    0.0275  0.      
GRID        1833        0.1525  0.0275  0.      
GRID        1834        0.155   0.0275  0.      
GRID        1835        0.1575  0.0275  0.      
GRID        1836        0.16    0.0275  0.      
GRID        1837        0.1625  0.0275  0.      
GRID        1838        0.165   0.0275  0.      
GRID        1839        0.1675  0.0275  0.      
GRID        1840        0.17    0.0275  0.      
GRID        1841        0.1725  0.0275  0.      
GRID        1842        0.175   0.0275  0.      
GRID        1843        0.1775  0.0275  0.      
GRID        1844        0.18    0.0275  0.      
GRID        1845        0.1825  0.0275  0.      
GRID        1846        0.185   0.0275  0.      
GRID        1847        0.1875  0.0275  0.      
GRID        1848        0.19    0.0275  0.      
GRID        1849        0.1925  0.0275  0.      
GRID        1850        0.195   0.0275  0.      
GRID        1851        0.1975  0.0275  0.      
GRID        1852        0.2     0.0275  0.      
GRID        1853        0.2025  0.0275  0.      
GRID        1854        0.205   0.0275  0.      
GRID        1855        0.2075  0.0275  0.      
GRID        1856        0.21    0.0275  0.      
GRID        1857        0.2125  0.0275  0.      
GRID        1858        0.215   0.0275  0.      
GRID        1859        0.2175  0.0275  0.      
GRID        1860        0.22    0.0275  0.      
GRID        1861        0.2225  0.0275  0.      
GRID        1862        0.225   0.0275  0.      
GRID        1863        0.2275  0.0275  0.      
GRID        1864        0.23    0.0275  0.      
GRID        1865        0.2325  0.0275  0.      
GRID        1866        0.235   0.0275  0.      
GRID        1867        0.2375  0.0275  0.      
GRID        1868        0.24    0.0275  0.      
GRID        1869        0.2425  0.0275  0.      
GRID        1870        0.245   0.0275  0.      
GRID        1871        0.2475  0.0275  0.      
GRID        1872        0.25    0.0275  0.      
GRID        1873        0.2525  0.0275  0.      
GRID        1874        0.255   0.0275  0.      
GRID        1875        0.2575  0.0275  0.      
GRID        1876        0.26    0.0275  0.      
GRID        1877        0.2625  0.0275  0.      
GRID        1878        0.265   0.0275  0.      
GRID        1879        0.2675  0.0275  0.      
GRID        1880        0.27    0.0275  0.      
GRID        1881        0.2725  0.0275  0.      
GRID        1882        0.275   0.0275  0.      
GRID        1883        0.2775  0.0275  0.      
GRID        1884        0.28    0.0275  0.      
GRID        1885        0.2825  0.0275  0.      
GRID        1886        0.285   0.0275  0.      
GRID        1887        0.2875  0.0275  0.      
GRID        1888        0.29    0.0275  0.      
GRID        1889        0.2925  0.0275  0.      
GRID        1890        0.295   0.0275  0.      
GRID        1891        0.2975  0.0275  0.      
GRID        1892        0.3     0.0275  0.      
GRID        1893        0.3025  0.0275  0.      
GRID        1894        0.305   0.0275  0.      
GRID        1895        0.3075  0.0275  0.      
GRID        1896        0.31    0.0275  0.      
GRID        1897        0.3125  0.0275  0.      
GRID        1898        0.315   0.0275  0.      
GRID        1899        0.3175  0.0275  0.      
GRID        1900        0.32    0.0275  0.      
GRID        1901        0.3225  0.0275  0.      
GRID        1902        0.325   0.0275  0.      
GRID        1903        0.3275  0.0275  0.      
GRID        1904        0.33    0.0275  0.      
GRID        1905        0.3325  0.0275  0.      
GRID        1906        0.335   0.0275  0.      
GRID        1907        0.3375  0.0275  0.      
GRID        1908        0.34    0.0275  0.      
GRID        1909        0.3425  0.0275  0.      
GRID        1910        0.345   0.0275  0.      
GRID        1911        0.3475  0.0275  0.      
GRID        1912        0.35    0.0275  0.      
GRID        1913        0.3525  0.0275  0.      
GRID        1914        0.355   0.0275  0.      
GRID        1915        0.3575  0.0275  0.      
GRID        1916        0.36    0.0275  0.      
GRID        1917        0.3625  0.0275  0.      
GRID        1918        0.365   0.0275  0.      
GRID        1919        0.3675  0.0275  0.      
GRID        1920        0.37    0.0275  0.      
GRID        1921        0.3725  0.0275  0.      
GRID        1922        0.375   0.0275  0.      
GRID        1923        0.3775  0.0275  0.      
GRID        1924        0.38    0.0275  0.      
GRID        1925        0.3825  0.0275  0.      
GRID        1926        0.385   0.0275  0.      
GRID        1927        0.3875  0.0275  0.      
GRID        1928        0.39    0.0275  0.      
GRID        1929        0.3925  0.0275  0.      
GRID        1930        0.395   0.0275  0.      
GRID        1931        0.3975  0.0275  0.      
GRID        1932        0.4     0.0275  0.      
GRID        1933        0.      0.03    0.      
GRID        1934        0.0025  0.03    0.      
GRID        1935        0.005   0.03    0.      
GRID        1936        0.0075  0.03    0.      
GRID        1937        0.01    0.03    0.      
GRID        1938        0.0125  0.03    0.      
GRID        1939        0.015   0.03    0.      
GRID        1940        0.0175  0.03    0.      
GRID        1941        0.02    0.03    0.      
GRID        1942        0.0225  0.03    0.      
GRID        1943        0.025   0.03    0.      
GRID        1944        0.0275  0.03    0.      
GRID        1945        0.03    0.03    0.      
GRID        1946        0.0325  0.03    0.      
GRID        1947        0.035   0.03    0.      
GRID        1948        0.0375  0.03    0.      
GRID        1949        0.04    0.03    0.      
GRID        1950        0.0425  0.03    0.      
GRID        1951        0.045   0.03    0.      
GRID        1952        0.0475  0.03    0.      
GRID        1953        0.05    0.03    0.      
GRID        1954        0.0525  0.03    0.      
GRID        1955        0.055   0.03    0.      
GRID        1956        0.0575  0.03    0.      
GRID        1957        0.06    0.03    0.      
GRID        1958        0.0625  0.03    0.      
GRID        1959        0.065   0.03    0.      
GRID        1960        0.0675  0.03    0.      
GRID        1961        0.07    0.03    0.      
GRID        1962        0.0725  0.03    0.      
GRID        1963        0.075   0.03    0.      
GRID        1964        0.0775  0.03    0.      
GRID        1965        0.08    0.03    0.      
GRID        1966        0.0825  0.03    0.      
GRID        1967        0.085   0.03    0.      
GRID        1968        0.0875  0.03    0.      
GRID        1969        0.09    0.03    0.      
GRID        1970        0.0925  0.03    0.      
GRID        1971        0.095   0.03    0.      
GRID        1972        0.0975  0.03    0.      
GRID        1973        0.1     0.03    0.      
GRID        1974        0.1025  0.03    0.      
GRID        1975        0.105   0.03    0.      
GRID        1976        0.1075  0.03    0.      
GRID        1977        0.11    0.03    0.      
GRID        1978        0.1125  0.03    0.      
GRID        1979        0.115   0.03    0.      
GRID        1980        0.1175  0.03    0.      
GRID        1981        0.12    0.03    0.      
GRID        1982        0.1225  0.03    0.      
GRID        1983        0.125   0.03    0.      
GRID        1984        0.1275  0.03    0.      
GRID        1985        0.13    0.03    0.      
GRID        1986        0.1325  0.03    0.      
GRID        1987        0.135   0.03    0.      
GRID        1988        0.1375  0.03    0.      
GRID        1989        0.14    0.03    0.      
GRID        1990        0.1425  0.03    0.      
GRID        1991        0.145   0.03    0.      
GRID        1992        0.1475  0.03    0.      
GRID        1993        0.15    0.03    0.      
GRID        1994        0.1525  0.03    0.      
GRID        1995        0.155   0.03    0.      
GRID        1996        0.1575  0.03    0.      
GRID        1997        0.16    0.03    0.      
GRID        1998        0.1625  0.03    0.      
GRID        1999        0.165   0.03    0.      
GRID        2000        0.1675  0.03    0.      
GRID        2001        0.17    0.03    0.      
GRID        2002        0.1725  0.03    0.      
GRID        2003        0.175   0.03    0.      
GRID        2004        0.1775  0.03    0.      
GRID        2005        0.18    0.03    0.      
GRID        2006        0.1825  0.03    0.      
GRID        2007        0.185   0.03    0.      
GRID        2008        0.1875  0.03    0.      
GRID        2009        0.19    0.03    0.      
GRID        2010        0.1925  0.03    0.      
GRID        2011        0.195   0.03    0.      
GRID        2012        0.1975  0.03    0.      
GRID        2013        0.2     0.03    0.      
GRID        2014        0.2025  0.03    0.      
GRID        2015        0.205   0.03    0.      
GRID        2016        0.2075  0.03    0.      
GRID        2017        0.21    0.03    0.      
GRID        2018        0.2125  0.03    0.      
GRID        2019        0.215   0.03    0.      
GRID        2020        0.2175  0.03    0.      
GRID        2021        0.22    0.03    0.      
GRID        2022        0.2225  0.03    0.      
GRID        2023        0.225   0.03    0.      
GRID        2024        0.2275  0.03    0.      
GRID        2025        0.23    0.03    0.      
GRID        2026        0.2325  0.03    0.      
GRID        2027        0.235   0.03    0.      
GRID        2028        0.2375  0.03    0.      
GRID        2029        0.24    0.03    0.      
GRID        2030        0.2425  0.03    0.      
GRID        2031        0.245   0.03    0.      
GRID        2032        0.2475  0.03    0.      
GRID        2033        0.25    0.03    0.      
GRID        2034        0.2525  0.03    0.      
GRID        2035        0.255   0.03    0.      
GRID        2036        0.2575  0.03    0.      
GRID        2037        0.26    0.03    0.      
GRID        2038        0.2625  0.03    0.      
GRID        2039        0.265   0.03    0.      
GRID        2040        0.2675  0.03    0.      
GRID        2041        0.27    0.03    0.      
GRID        2042        0.2725  0.03    0.      
GRID        2043        0.275   0.03    0.      
GRID        2044        0.2775  0.03    0.      
GRID        2045        0.28    0.03    0.      
GRID        2046        0.2825  0.03    0.      
GRID        2047        0.285   0.03    0.      
GRID        2048        0.2875  0.03    0.      
GRID        2049        0.29    0.03    0.      
GRID        2050        0.2925  0.03    0.      
GRID        2051        0.295   0.03    0.      
GRID        2052        0.2975  0.03    0.      
GRID        2053        0.3     0.03    0.      
GRID        2054        0.3025  0.03    0.      
GRID        2055        0.305   0.03    0.      
GRID        2056        0.3075  0.03    0.      
GRID        2057        0.31    0.03    0.      
GRID        2058        0.3125  0.03    0.      
GRID        2059        0.315   0.03    0.      
GRID        2060        0.3175  0.03    0.      
GRID        2061        0.32    0.03    0.      
GRID        2062        0.3225  0.03    0.      
GRID        2063        0.325   0.03    0.      
GRID        2064        0.3275  0.03    0.      
GRID        2065        0.33    0.03    0.      
GRID        2066        0.3325  0.03    0.      
GRID        2067        0.335   0.03    0.      
GRID        2068        0.3375  0.03    0.      
GRID        2069        0.34    0.03    0.      
GRID        2070        0.3425  0.03    0.      
GRID        2071        0.345   0.03    0.      
GRID        2072        0.3475  0.03    0.      
GRID        2073        0.35    0.03    0.      
GRID        2074        0.3525  0.03    0.      
GRID        2075        0.355   0.03    0.      
GRID        2076        0.3575  0.03    0.      
GRID        2077        0.36    0.03    0.      
GRID        2078        0.3625  0.03    0.      
GRID        2079        0.365   0.03    0.      
GRID        2080        0.3675  0.03    0.      
GRID        2081        0.37    0.03    0.      
GRID        2082        0.3725  0.03    0.      
GRID        2083        0.375   0.03    0.      
GRID        2084        0.3775  0.03    0.      
GRID        2085        0.38    0.03    0.      
GRID        2086        0.3825  0.03    0.      
GRID        2087        0.385   0.03    0.      
GRID        2088        0.3875  0.03    0.      
GRID        2089        0.39    0.03    0.      
GRID        2090        0.3925  0.03    0.      
GRID        2091        0.395   0.03    0.      
GRID        2092        0.3975  0.03    0.      
GRID        2093        0.4     0.03    0.      
GRID        2094        0.      0.0325  0.      
GRID        2095        0.0025  0.0325  0.      
GRID        2096        0.005   0.0325  0.      
GRID        2097        0.0075  0.0325  0.      
GRID        2098        0.01    0.0325  0.      
GRID        2099        0.0125  0.0325  0.      
GRID        2100        0.015   0.0325  0.      
GRID        2101        0.0175  0.0325  0.      
GRID        2102        0.02    0.0325  0.      
GRID        2103        0.0225  0.0325  0.      
GRID        2104        0.025   0.0325  0.      
GRID        2105        0.0275  0.0325  0.      
GRID        2106        0.03    0.0325  0.      
GRID        2107        0.0325  0.0325  0.      
GRID        2108        0.035   0.0325  0.      
GRID        2109        0.0375  0.0325  0.      
GRID        2110        0.04    0.0325  0.      
GRID        2111        0.0425  0.0325  0.      
GRID        2112        0.045   0.0325  0.      
GRID        2113        0.0475  0.0325  0.      
GRID        2114        0.05    0.0325  0.      
GRID        2115        0.0525  0.0325  0.      
GRID        2116        0.055   0.0325  0.      
GRID        2117        0.0575  0.0325  0.      
GRID        2118        0.06    0.0325  0.      
GRID        2119        0.0625  0.0325  0.      
GRID        2120        0.065   0.0325  0.      
GRID        2121        0.0675  0.0325  0.      
GRID        2122        0.07    0.0325  0.      
GRID        2123        0.0725  0.0325  0.      
GRID        2124        0.075   0.0325  0.      
GRID        2125        0.0775  0.0325  0.      
GRID        2126        0.08    0.0325  0.      
GRID        2127        0.0825  0.0325  0.      
GRID        2128        0.085   0.0325  0.      
GRID        2129        0.0875  0.0325  0.      
GRID        2130        0.09    0.0325  0.      
GRID        2131        0.0925  0.0325  0.      
GRID        2132        0.095   0.0325  0.      
GRID        2133        0.0975  0.0325  0.      
GRID        2134        0.1     0.0325  0.      
GRID        2135        0.1025  0.0325  0.      
GRID        2136        0.105   0.0325  0.      
GRID        2137        0.1075  0.0325  0.      
GRID        2138        0.11    0.0325  0.      
GRID        2139        0.1125  0.0325  0.      
GRID        2140        0.115   0.0325  0.      
GRID        2141        0.1175  0.0325  0.      
GRID        2142        0.12    0.0325  0.      
GRID        2143        0.1225  0.0325  0.      
GRID        2144        0.125   0.0325  0.      
GRID        2145        0.1275  0.0325  0.      
GRID        2146        0.13    0.0325  0.      
GRID        2147        0.1325  0.0325  0.      
GRID        2148        0.135   0.0325  0.      
GRID        2149        0.1375  0.0325  0.      
GRID        2150        0.14    0.0325  0.      
GRID        2151        0.1425  0.0325  0.      
GRID        2152        0.145   0.0325  0.      
GRID        2153        0.1475  0.0325  0.      
GRID        2154        0.15    0.0325  0.      
GRID        2155        0.1525  0.0325  0.      
GRID        2156        0.155   0.0325  0.      
GRID        2157        0.1575  0.0325  0.      
GRID        2158        0.16    0.0325  0.      
GRID        2159        0.1625  0.0325  0.      
GRID        2160        0.165   0.0325  0.      
GRID        2161        0.1675  0.0325  0.      
GRID        2162        0.17    0.0325  0.      
GRID        2163        0.1725  0.0325  0.      
GRID        2164        0.175   0.0325  0.      
GRID        2165        0.1775  0.0325  0.      
GRID        2166        0.18    0.0325  0.      
GRID        2167        0.1825  0.0325  0.      
GRID        2168        0.185   0.0325  0.      
GRID        2169        0.1875  0.0325  0.      
GRID        2170        0.19    0.0325  0.      
GRID        2171        0.1925  0.0325  0.      
GRID        2172        0.195   0.0325  0.      
GRID        2173        0.1975  0.0325  0.      
GRID        2174        0.2     0.0325  0.      
GRID        2175        0.2025  0.0325  0.      
GRID        2176        0.205   0.0325  0.      
GRID        2177        0.2075  0.0325  0.      
GRID        2178        0.21    0.0325  0.      
GRID        2179        0.2125  0.0325  0.      
GRID        2180        0.215   0.0325  0.      
GRID        2181        0.2175  0.0325  0.      
GRID        2182        0.22    0.0325  0.      
GRID        2183        0.2225  0.0325  0.      
GRID        2184        0.225   0.0325  0.      
GRID        2185        0.2275  0.0325  0.      
GRID        2186        0.23    0.0325  0.      
GRID        2187        0.2325  0.0325  0.      
GRID        2188        0.235   0.0325  0.      
GRID        2189        0.2375  0.0325  0.      
GRID        2190        0.24    0.0325  0.      
GRID        2191        0.2425  0.0325  0.      
GRID        2192        0.245   0.0325  0.      
GRID        2193        0.2475  0.0325  0.      
GRID        2194        0.25    0.0325  0.      
GRID        2195        0.2525  0.0325  0.      
GRID        2196        0.255   0.0325  0.      
GRID        2197        0.2575  0.0325  0.      
GRID        2198        0.26    0.0325  0.      
GRID        2199        0.2625  0.0325  0.      
GRID        2200        0.265   0.0325  0.      
GRID        2201        0.2675  0.0325  0.      
GRID        2202        0.27    0.0325  0.      
GRID        2203        0.2725  0.0325  0.      
GRID        2204        0.275   0.0325  0.      
GRID        2205        0.2775  0.0325  0.      
GRID        2206        0.28    0.0325  0.      
GRID        2207        0.2825  0.0325  0.      
GRID        2208        0.285   0.0325  0.      
GRID        2209        0.2875  0.0325  0.      
GRID        2210        0.29    0.0325  0.      
GRID        2211        0.2925  0.0325  0.      
GRID        2212        0.295   0.0325  0.      
GRID        2213        0.2975  0.0325  0.      
GRID        2214        0.3     0.0325  0.      
GRID        2215        0.3025  0.0325  0.      
GRID        2216        0.305   0.0325  0.      
GRID        2217        0.3075  0.0325  0.      
GRID        2218        0.31    0.0325  0.      
GRID        2219        0.3125  0.0325  0.      
GRID        2220        0.315   0.0325  0.      
GRID        2221        0.3175  0.0325  0.      
GRID        2222        0.32    0.0325  0.      
GRID        2223        0.3225  0.0325  0.      
GRID        2224        0.325   0.0325  0.      
GRID        2225        0.3275  0.0325  0.      
GRID        2226        0.33    0.0325  0.      
GRID        2227        0.3325  0.0325  0.      
GRID        2228        0.335   0.0325  0.      
GRID        2229        0.3375  0.0325  0.      
GRID        2230        0.34    0.0325  0.      
GRID        2231        0.3425  0.0325  0.      
GRID        2232        0.345   0.0325  0.      
GRID        2233        0.3475  0.0325  0.      
GRID        2234        0.35    0.0325  0.      
GRID        2235        0.3525  0.0325  0.      
GRID        2236        0.355   0.0325  0.      
GRID        2237        0.3575  0.0325  0.      
GRID        2238        0.36    0.0325  0.      
GRID        2239        0.3625  0.0325  0.      
GRID        2240        0.365   0.0325  0.      
GRID        2241        0.3675  0.0325  0.      
GRID        2242        0.37    0.0325  0.      
GRID        2243        0.3725  0.0325  0.      
GRID        2244        0.375   0.0325  0.      
GRID        2245        0.3775  0.0325  0.      
GRID        2246        0.38    0.0325  0.      
GRID        2247        0.3825  0.0325  0.      
GRID        2248        0.385   0.0325  0.      
GRID        2249        0.3875  0.0325  0.      
GRID        2250        0.39    0.0325  0.      
GRID        2251        0.3925  0.0325  0.      
GRID        2252        0.395   0.0325  0.      
GRID        2253        0.3975  0.0325  0.      
GRID        2254        0.4     0.0325  0.      
GRID        2255        0.      0.035   0.      
GRID        2256        0.0025  0.035   0.      
GRID        2257        0.005   0.035   0.      
GRID        2258        0.0075  0.035   0.      
GRID        2259        0.01    0.035   0.      
GRID        2260        0.0125  0.035   0.      
GRID        2261        0.015   0.035   0.      
GRID        2262        0.0175  0.035   0.      
GRID        2263        0.02    0.035   0.      
GRID        2264        0.0225  0.035   0.      
GRID        2265        0.025   0.035   0.      
GRID        2266        0.0275  0.035   0.      
GRID        2267        0.03    0.035   0.      
GRID        2268        0.0325  0.035   0.      
GRID        2269        0.035   0.035   0.      
GRID        2270        0.0375  0.035   0.      
GRID        2271        0.04    0.035   0.      
GRID        2272        0.0425  0.035   0.      
GRID        2273        0.045   0.035   0.      
GRID        2274        0.0475  0.035   0.      
GRID        2275        0.05    0.035   0.      
GRID        2276        0.0525  0.035   0.      
GRID        2277        0.055   0.035   0.      
GRID        2278        0.0575  0.035   0.      
GRID        2279        0.06    0.035   0.      
GRID        2280        0.0625  0.035   0.      
GRID        2281        0.065   0.035   0.      
GRID        2282        0.0675  0.035   0.      
GRID        2283        0.07    0.035   0.      
GRID        2284        0.0725  0.035   0.      
GRID        2285        0.075   0.035   0.      
GRID        2286        0.0775  0.035   0.      
GRID        2287        0.08    0.035   0.      
GRID        2288        0.0825  0.035   0.      
GRID        2289        0.085   0.035   0.      
GRID        2290        0.0875  0.035   0.      
GRID        2291        0.09    0.035   0.      
GRID        2292        0.0925  0.035   0.      
GRID        2293        0.095   0.035   0.      
GRID        2294        0.0975  0.035   0.      
GRID        2295        0.1     0.035   0.      
GRID        2296        0.1025  0.035   0.      
GRID        2297        0.105   0.035   0.      
GRID        2298        0.1075  0.035   0.      
GRID        2299        0.11    0.035   0.      
GRID        2300        0.1125  0.035   0.      
GRID        2301        0.115   0.035   0.      
GRID        2302        0.1175  0.035   0.      
GRID        2303        0.12    0.035   0.      
GRID        2304        0.1225  0.035   0.      
GRID        2305        0.125   0.035   0.      
GRID        2306        0.1275  0.035   0.      
GRID        2307        0.13    0.035   0.      
GRID        2308        0.1325  0.035   0.      
GRID        2309        0.135   0.035   0.      
GRID        2310        0.1375  0.035   0.      
GRID        2311        0.14    0.035   0.      
GRID        2312        0.1425  0.035   0.      
GRID        2313        0.145   0.035   0.      
GRID        2314        0.1475  0.035   0.      
GRID        2315        0.15    0.035   0.      
GRID        2316        0.1525  0.035   0.      
GRID        2317        0.155   0.035   0.      
GRID        2318        0.1575  0.035   0.      
GRID        2319        0.16    0.035   0.      
GRID        2320        0.1625  0.035   0.      
GRID        2321        0.165   0.035   0.      
GRID        2322        0.1675  0.035   0.      
GRID        2323        0.17    0.035   0.      
GRID        2324        0.1725  0.035   0.      
GRID        2325        0.175   0.035   0.      
GRID        2326        0.1775  0.035   0.      
GRID        2327        0.18    0.035   0.      
GRID        2328        0.1825  0.035   0.      
GRID        2329        0.185   0.035   0.      
GRID        2330        0.1875  0.035   0.      
GRID        2331        0.19    0.035   0.      
GRID        2332        0.1925  0.035   0.      
GRID        2333        0.195   0.035   0.      
GRID        2334        0.1975  0.035   0.      
GRID        2335        0.2     0.035   0.      
GRID        2336        0.2025  0.035   0.      
GRID        2337        0.205   0.035   0.      
GRID        2338        0.2075  0.035   0.      
GRID        2339        0.21    0.035   0.      
GRID        2340        0.2125  0.035   0.      
GRID        2341        0.215   0.035   0.      
GRID        2342        0.2175  0.035   0.      
GRID        2343        0.22    0.035   0.      
GRID        2344        0.2225  0.035   0.      
GRID        2345        0.225   0.035   0.      
GRID        2346        0.2275  0.035   0.      
GRID        2347        0.23    0.035   0.      
GRID        2348        0.2325  0.035   0.      
GRID        2349        0.235   0.035   0.      
GRID        2350        0.2375  0.035   0.      
GRID        2351        0.24    0.035   0.      
GRID        2352        0.2425  0.035   0.      
GRID        2353        0.245   0.035   0.      
GRID        2354        0.2475  0.035   0.      
GRID        2355        0.25    0.035   0.      
GRID        2356        0.2525  0.035   0.      
GRID        2357        0.255   0.035   0.      
GRID        2358        0.2575  0.035   0.      
GRID        2359        0.26    0.035   0.      
GRID        2360        0.2625  0.035   0.      
GRID        2361        0.265   0.035   0.      
GRID        2362        0.2675  0.035   0.      
GRID        2363        0.27    0.035   0.      
GRID        2364        0.2725  0.035   0.      
GRID        2365        0.275   0.035   0.      
GRID        2366        0.2775  0.035   0.      
GRID        2367        0.28    0.035   0.      
GRID        2368        0.2825  0.035   0.      
GRID        2369        0.285   0.035   0.      
GRID        2370        0.2875  0.035   0.      
GRID        2371        0.29    0.035   0.      
GRID        2372        0.2925  0.035   0.      
GRID        2373        0.295   0.035   0.      
GRID        2374        0.2975  0.035   0.      
GRID        2375        0.3     0.035   0.      
GRID        2376        0.3025  0.035   0.      
GRID        2377        0.305   0.035   0.      
GRID        2378        0.3075  0.035   0.      
GRID        2379        0.31    0.035   0.      
GRID        2380        0.3125  0.035   0.      
GRID        2381        0.315   0.035   0.      
GRID        2382        0.3175  0.035   0.      
GRID        2383        0.32    0.035   0.      
GRID        2384        0.3225  0.035   0.      
GRID        2385        0.325   0.035   0.      
GRID        2386        0.3275  0.035   0.      
GRID        2387        0.33    0.035   0.      
GRID        2388        0.3325  0.035   0.      
GRID        2389        0.335   0.035   0.      
GRID        2390        0.3375  0.035   0.      
GRID        2391        0.34    0.035   0.      
GRID        2392        0.3425  0.035   0.      
GRID        2393        0.345   0.035   0.      
GRID        2394        0.3475  0.035   0.      
GRID        2395        0.35    0.035   0.      
GRID        2396        0.3525  0.035   0.      
GRID        2397        0.355   0.035   0.      
GRID        2398        0.3575  0.035   0.      
GRID        2399        0.36    0.035   0.      
GRID        2400        0.3625  0.035   0.      
GRID        2401        0.365   0.035   0.      
GRID        2402        0.3675  0.035   0.      
GRID        2403        0.37    0.035   0.      
GRID        2404        0.3725  0.035   0.      
GRID        2405        0.375   0.035   0.      
GRID        2406        0.3775  0.035   0.      
GRID        2407        0.38    0.035   0.      
GRID        2408        0.3825  0.035   0.      
GRID        2409        0.385   0.035   0.      
GRID        2410        0.3875  0.035   0.      
GRID        2411        0.39    0.035   0.      
GRID        2412        0.3925  0.035   0.      
GRID        2413        0.395   0.035   0.      
GRID        2414        0.3975  0.035   0.      
GRID        2415        0.4     0.035   0.      
GRID        2416        0.      0.0375  0.      
GRID        2417        0.0025  0.0375  0.      
GRID        2418        0.005   0.0375  0.      
GRID        2419        0.0075  0.0375  0.      
GRID        2420        0.01    0.0375  0.      
GRID        2421        0.0125  0.0375  0.      
GRID        2422        0.015   0.0375  0.      
GRID        2423        0.0175  0.0375  0.      
GRID        2424        0.02    0.0375  0.      
GRID        2425        0.0225  0.0375  0.      
GRID        2426        0.025   0.0375  0.      
GRID        2427        0.0275  0.0375  0.      
GRID        2428        0.03    0.0375  0.      
GRID        2429        0.0325  0.0375  0.      
GRID        2430        0.035   0.0375  0.      
GRID        2431        0.0375  0.0375  0.      
GRID        2432        0.04    0.0375  0.      
GRID        2433        0.0425  0.0375  0.      
GRID        2434        0.045   0.0375  0.      
GRID        2435        0.0475  0.0375  0.      
GRID        2436        0.05    0.0375  0.      
GRID        2437        0.0525  0.0375  0.      
GRID        2438        0.055   0.0375  0.      
GRID        2439        0.0575  0.0375  0.      
GRID        2440        0.06    0.0375  0.      
GRID        2441        0.0625  0.0375  0.      
GRID        2442        0.065   0.0375  0.      
GRID        2443        0.0675  0.0375  0.      
GRID        2444        0.07    0.0375  0.      
GRID        2445        0.0725  0.0375  0.      
GRID        2446        0.075   0.0375  0.      
GRID        2447        0.0775  0.0375  0.      
GRID        2448        0.08    0.0375  0.      
GRID        2449        0.0825  0.0375  0.      
GRID        2450        0.085   0.0375  0.      
GRID        2451        0.0875  0.0375  0.      
GRID        2452        0.09    0.0375  0.      
GRID        2453        0.0925  0.0375  0.      
GRID        2454        0.095   0.0375  0.      
GRID        2455        0.0975  0.0375  0.      
GRID        2456        0.1     0.0375  0.      
GRID        2457        0.1025  0.0375  0.      
GRID        2458        0.105   0.0375  0.      
GRID        2459        0.1075  0.0375  0.      
GRID        2460        0.11    0.0375  0.      
GRID        2461        0.1125  0.0375  0.      
GRID        2462        0.115   0.0375  0.      
GRID        2463        0.1175  0.0375  0.      
GRID        2464        0.12    0.0375  0.      
GRID        2465        0.1225  0.0375  0.      
GRID        2466        0.125   0.0375  0.      
GRID        2467        0.1275  0.0375  0.      
GRID        2468        0.13    0.0375  0.      
GRID        2469        0.1325  0.0375  0.      
GRID        2470        0.135   0.0375  0.      
GRID        2471        0.1375  0.0375  0.      
GRID        2472        0.14    0.0375  0.      
GRID        2473        0.1425  0.0375  0.      
GRID        2474        0.145   0.0375  0.      
GRID        2475        0.1475  0.0375  0.      
GRID        2476        0.15    0.0375  0.      
GRID        2477        0.1525  0.0375  0.      
GRID        2478        0.155   0.0375  0.      
GRID        2479        0.1575  0.0375  0.      
GRID        2480        0.16    0.0375  0.      
GRID        2481        0.1625  0.0375  0.      
GRID        2482        0.165   0.0375  0.      
GRID        2483        0.1675  0.0375  0.      
GRID        2484        0.17    0.0375  0.      
GRID        2485        0.1725  0.0375  0.      
GRID        2486        0.175   0.0375  0.      
GRID        2487        0.1775  0.0375  0.      
GRID        2488        0.18    0.0375  0.      
GRID        2489        0.1825  0.0375  0.      
GRID        2490        0.185   0.0375  0.      
GRID        2491        0.1875  0.0375  0.      
GRID        2492        0.19    0.0375  0.      
GRID        2493        0.1925  0.0375  0.      
GRID        2494        0.195   0.0375  0.      
GRID        2495        0.1975  0.0375  0.      
GRID        2496        0.2     0.0375  0.      
GRID        2497        0.2025  0.0375  0.      
GRID        2498        0.205   0.0375  0.      
GRID        2499        0.2075  0.0375  0.      
GRID        2500        0.21    0.0375  0.      
GRID        2501        0.2125  0.0375  0.      
GRID        2502        0.215   0.0375  0.      
GRID        2503        0.2175  0.0375  0.      
GRID        2504        0.22    0.0375  0.      
GRID        2505        0.2225  0.0375  0.      
GRID        2506        0.225   0.0375  0.      
GRID        2507        0.2275  0.0375  0.      
GRID        2508        0.23    0.0375  0.      
GRID        2509        0.2325  0.0375  0.      
GRID        2510        0.235   0.0375  0.      
GRID        2511        0.2375  0.0375  0.      
GRID        2512        0.24    0.0375  0.      
GRID        2513        0.2425  0.0375  0.      
GRID        2514        0.245   0.0375  0.      
GRID        2515        0.2475  0.0375  0.      
GRID        2516        0.25    0.0375  0.      
GRID        2517        0.2525  0.0375  0.      
GRID        2518        0.255   0.0375  0.      
GRID        2519        0.2575  0.0375  0.      
GRID        2520        0.26    0.0375  0.      
GRID        2521        0.2625  0.0375  0.      
GRID        2522        0.265   0.0375  0.      
GRID        2523        0.2675  0.0375  0.      
GRID        2524        0.27    0.0375  0.      
GRID        2525        0.2725  0.0375  0.      
GRID        2526        0.275   0.0375  0.      
GRID        2527        0.2775  0.0375  0.      
GRID        2528        0.28    0.0375  0.      
GRID        2529        0.2825  0.0375  0.      
GRID        2530        0.285   0.0375  0.      
GRID        2531        0.2875  0.0375  0.      
GRID        2532        0.29    0.0375  0.      
GRID        2533        0.2925  0.0375  0.      
GRID        2534        0.295   0.0375  0.      
GRID        2535        0.2975  0.0375  0.      
GRID        2536        0.3     0.0375  0.      
GRID        2537        0.3025  0.0375  0.      
GRID        2538        0.305   0.0375  0.      
GRID        2539        0.3075  0.0375  0.      
GRID        2540        0.31    0.0375  0.      
GRID        2541        0.3125  0.0375  0.      
GRID        2542        0.315   0.0375  0.      
GRID        2543        0.3175  0.0375  0.      
GRID        2544        0.32    0.0375  0.      
GRID        2545        0.3225  0.0375  0.      
GRID        2546        0.325   0.0375  0.      
GRID        2547        0.3275  0.0375  0.      
GRID        2548        0.33    0.0375  0.      
GRID        2549        0.3325  0.0375  0.      
GRID        2550        0.335   0.0375  0.      
GRID        2551        0.3375  0.0375  0.      
GRID        2552        0.34    0.0375  0.      
GRID        2553        0.3425  0.0375  0.      
GRID        2554        0.345   0.0375  0.      
GRID        2555        0.3475  0.0375  0.      
GRID        2556        0.35    0.0375  0.      
GRID        2557        0.3525  0.0375  0.      
GRID        2558        0.355   0.0375  0.      
GRID        2559        0.3575  0.0375  0.      
GRID        2560        0.36    0.0375  0.      
GRID        2561        0.3625  0.0375  0.      
GRID        2562        0.365   0.0375  0.      
GRID        2563        0.3675  0.0375  0.      
GRID        2564        0.37    0.0375  0.      
GRID        2565        0.3725  0.0375  0.      
GRID        2566        0.375   0.0375  0.      
GRID        2567        0.3775  0.0375  0.      
GRID        2568        0.38    0.0375  0.      
GRID        2569        0.3825  0.0375  0.      
GRID        2570        0.385   0.0375  0.      
GRID        2571        0.3875  0.0375  0.      
GRID        2572        0.39    0.0375  0.      
GRID        2573        0.3925  0.0375  0.      
GRID        2574        0.395   0.0375  0.      
GRID        2575        0.3975  0.0375  0.      
GRID        2576        0.4     0.0375  0.      
GRID        2577        0.      0.04    0.      
GRID        2578        0.0025  0.04    0.      
GRID        2579        0.005   0.04    0.      
GRID        2580        0.0075  0.04    0.      
GRID        2581        0.01    0.04    0.      
GRID        2582        0.0125  0.04    0.      
GRID        2583        0.015   0.04    0.      
GRID        2584        0.0175  0.04    0.      
GRID        2585        0.02    0.04    0.      
GRID        2586        0.0225  0.04    0.      
GRID        2587        0.025   0.04    0.      
GRID        2588        0.0275  0.04    0.      
GRID        2589        0.03    0.04    0.      
GRID        2590        0.0325  0.04    0.      
GRID        2591        0.035   0.04    0.      
GRID        2592        0.0375  0.04    0.      
GRID        2593        0.04    0.04    0.      
GRID        2594        0.0425  0.04    0.      
GRID        2595        0.045   0.04    0.      
GRID        2596        0.0475  0.04    0.      
GRID        2597        0.05    0.04    0.      
GRID        2598        0.0525  0.04    0.      
GRID        2599        0.055   0.04    0.      
GRID        2600        0.0575  0.04    0.      
GRID        2601        0.06    0.04    0.      
GRID        2602        0.0625  0.04    0.      
GRID        2603        0.065   0.04    0.      
GRID        2604        0.0675  0.04    0.      
GRID        2605        0.07    0.04    0.      
GRID        2606        0.0725  0.04    0.      
GRID        2607        0.075   0.04    0.      
GRID        2608        0.0775  0.04    0.      
GRID        2609        0.08    0.04    0.      
GRID        2610        0.0825  0.04    0.      
GRID        2611        0.085   0.04    0.      
GRID        2612        0.0875  0.04    0.      
GRID        2613        0.09    0.04    0.      
GRID        2614        0.0925  0.04    0.      
GRID        2615        0.095   0.04    0.      
GRID        2616        0.0975  0.04    0.      
GRID        2617        0.1     0.04    0.      
GRID        2618        0.1025  0.04    0.      
GRID        2619        0.105   0.04    0.      
GRID        2620        0.1075  0.04    0.      
GRID        2621        0.11    0.04    0.      
GRID        2622        0.1125  0.04    0.      
GRID        2623        0.115   0.04    0.      
GRID        2624        0.1175  0.04    0.      
GRID        2625        0.12    0.04    0.      
GRID        2626        0.1225  0.04    0.      
GRID        2627        0.125   0.04    0.      
GRID        2628        0.1275  0.04    0.      
GRID        2629        0.13    0.04    0.      
GRID        2630        0.1325  0.04    0.      
GRID        2631        0.135   0.04    0.      
GRID        2632        0.1375  0.04    0.      
GRID        2633        0.14    0.04    0.      
GRID        2634        0.1425  0.04    0.      
GRID        2635        0.145   0.04    0.      
GRID        2636        0.1475  0.04    0.      
GRID        2637        0.15    0.04    0.      
GRID        2638        0.1525  0.04    0.      
GRID        2639        0.155   0.04    0.      
GRID        2640        0.1575  0.04    0.      
GRID        2641        0.16    0.04    0.      
GRID        2642        0.1625  0.04    0.      
GRID        2643        0.165   0.04    0.      
GRID        2644        0.1675  0.04    0.      
GRID        2645        0.17    0.04    0.      
GRID        2646        0.1725  0.04    0.      
GRID        2647        0.175   0.04    0.      
GRID        2648        0.1775  0.04    0.      
GRID        2649        0.18    0.04    0.      
GRID        2650        0.1825  0.04    0.      
GRID        2651        0.185   0.04    0.      
GRID        2652        0.1875  0.04    0.      
GRID        2653        0.19    0.04    0.      
GRID        2654        0.1925  0.04    0.      
GRID        2655        0.195   0.04    0.      
GRID        2656        0.1975  0.04    0.      
GRID        2657        0.2     0.04    0.      
GRID        2658        0.2025  0.04    0.      
GRID        2659        0.205   0.04    0.      
GRID        2660        0.2075  0.04    0.      
GRID        2661        0.21    0.04    0.      
GRID        2662        0.2125  0.04    0.      
GRID        2663        0.215   0.04    0.      
GRID        2664        0.2175  0.04    0.      
GRID        2665        0.22    0.04    0.      
GRID        2666        0.2225  0.04    0.      
GRID        2667        0.225   0.04    0.      
GRID        2668        0.2275  0.04    0.      
GRID        2669        0.23    0.04    0.      
GRID        2670        0.2325  0.04    0.      
GRID        2671        0.235   0.04    0.      
GRID        2672        0.2375  0.04    0.      
GRID        2673        0.24    0.04    0.      
GRID        2674        0.2425  0.04    0.      
GRID        2675        0.245   0.04    0.      
GRID        2676        0.2475  0.04    0.      
GRID        2677        0.25    0.04    0.      
GRID        2678        0.2525  0.04    0.      
GRID        2679        0.255   0.04    0.      
GRID        2680        0.2575  0.04    0.      
GRID        2681        0.26    0.04    0.      
GRID        2682        0.2625  0.04    0.      
GRID        2683        0.265   0.04    0.      
GRID        2684        0.2675  0.04    0.      
GRID        2685        0.27    0.04    0.      
GRID        2686        0.2725  0.04    0.      
GRID        2687        0.275   0.04    0.      
GRID        2688        0.2775  0.04    0.      
GRID        2689        0.28    0.04    0.      
GRID        2690        0.2825  0.04    0.      
GRID        2691        0.285   0.04    0.      
GRID        2692        0.2875  0.04    0.      
GRID        2693        0.29    0.04    0.      
GRID        2694        0.2925  0.04    0.      
GRID        2695        0.295   0.04    0.      
GRID        2696        0.2975  0.04    0.      
GRID        2697        0.3     0.04    0.      
GRID        2698        0.3025  0.04    0.      
GRID        2699        0.305   0.04    0.      
GRID        2700        0.3075  0.04    0.      
GRID        2701        0.31    0.04    0.      
GRID        2702        0.3125  0.04    0.      
GRID        2703        0.315   0.04    0.      
GRID        2704        0.3175  0.04    0.      
GRID        2705        0.32    0.04    0.      
GRID        2706        0.3225  0.04    0.      
GRID        2707        0.325   0.04    0.      
GRID        2708        0.3275  0.04    0.      
GRID        2709        0.33    0.04    0.      
GRID        2710        0.3325  0.04    0.      
GRID        2711        0.335   0.04    0.      
GRID        2712        0.3375  0.04    0.      
GRID        2713        0.34    0.04    0.      
GRID        2714        0.3425  0.04    0.      
GRID        2715        0.345   0.04    0.      
GRID        2716        0.3475  0.04    0.      
GRID        2717        0.35    0.04    0.      
GRID        2718        0.3525  0.04    0.      
GRID        2719        0.355   0.04    0.      
GRID        2720        0.3575  0.04    0.      
GRID        2721        0.36    0.04    0.      
GRID        2722        0.3625  0.04    0.      
GRID        2723        0.365   0.04    0.      
GRID        2724        0.3675  0.04    0.      
GRID        2725        0.37    0.04    0.      
GRID        2726        0.3725  0.04    0.      
GRID        2727        0.375   0.04    0.      
GRID        2728        0.3775  0.04    0.      
GRID        2729        0.38    0.04    0.      
GRID        2730        0.3825  0.04    0.      
GRID        2731        0.385   0.04    0.      
GRID        2732        0.3875  0.04    0.      
GRID        2733        0.39    0.04    0.      
GRID        2734        0.3925  0.04    0.      
GRID        2735        0.395   0.04    0.      
GRID        2736        0.3975  0.04    0.      
GRID        2737        0.4     0.04    0.      
GRID        2738        0.      0.0425  0.      
GRID        2739        0.0025  0.0425  0.      
GRID        2740        0.005   0.0425  0.      
GRID        2741        0.0075  0.0425  0.      
GRID        2742        0.01    0.0425  0.      
GRID        2743        0.0125  0.0425  0.      
GRID        2744        0.015   0.0425  0.      
GRID        2745        0.0175  0.0425  0.      
GRID        2746        0.02    0.0425  0.      
GRID        2747        0.0225  0.0425  0.      
GRID        2748        0.025   0.0425  0.      
GRID        2749        0.0275  0.0425  0.      
GRID        2750        0.03    0.0425  0.      
GRID        2751        0.0325  0.0425  0.      
GRID        2752        0.035   0.0425  0.      
GRID        2753        0.0375  0.0425  0.      
GRID        2754        0.04    0.0425  0.      
GRID        2755        0.0425  0.0425  0.      
GRID        2756        0.045   0.0425  0.      
GRID        2757        0.0475  0.0425  0.      
GRID        2758        0.05    0.0425  0.      
GRID        2759        0.0525  0.0425  0.      
GRID        2760        0.055   0.0425  0.      
GRID        2761        0.0575  0.0425  0.      
GRID        2762        0.06    0.0425  0.      
GRID        2763        0.0625  0.0425  0.      
GRID        2764        0.065   0.0425  0.      
GRID        2765        0.0675  0.0425  0.      
GRID        2766        0.07    0.0425  0.      
GRID        2767        0.0725  0.0425  0.      
GRID        2768        0.075   0.0425  0.      
GRID        2769        0.0775  0.0425  0.      
GRID        2770        0.08    0.0425  0.      
GRID        2771        0.0825  0.0425  0.      
GRID        2772        0.085   0.0425  0.      
GRID        2773        0.0875  0.0425  0.      
GRID        2774        0.09    0.0425  0.      
GRID        2775        0.0925  0.0425  0.      
GRID        2776        0.095   0.0425  0.      
GRID        2777        0.0975  0.0425  0.      
GRID        2778        0.1     0.0425  0.      
GRID        2779        0.1025  0.0425  0.      
GRID        2780        0.105   0.0425  0.      
GRID        2781        0.1075  0.0425  0.      
GRID        2782        0.11    0.0425  0.      
GRID        2783        0.1125  0.0425  0.      
GRID        2784        0.115   0.0425  0.      
GRID        2785        0.1175  0.0425  0.      
GRID        2786        0.12    0.0425  0.      
GRID        2787        0.1225  0.0425  0.      
GRID        2788        0.125   0.0425  0.      
GRID        2789        0.1275  0.0425  0.      
GRID        2790        0.13    0.0425  0.      
GRID        2791        0.1325  0.0425  0.      
GRID        2792        0.135   0.0425  0.      
GRID        2793        0.1375  0.0425  0.      
GRID        2794        0.14    0.0425  0.      
GRID        2795        0.1425  0.0425  0.      
GRID        2796        0.145   0.0425  0.      
GRID        2797        0.1475  0.0425  0.      
GRID        2798        0.15    0.0425  0.      
GRID        2799        0.1525  0.0425  0.      
GRID        2800        0.155   0.0425  0.      
GRID        2801        0.1575  0.0425  0.      
GRID        2802        0.16    0.0425  0.      
GRID        2803        0.1625  0.0425  0.      
GRID        2804        0.165   0.0425  0.      
GRID        2805        0.1675  0.0425  0.      
GRID        2806        0.17    0.0425  0.      
GRID        2807        0.1725  0.0425  0.      
GRID        2808        0.175   0.0425  0.      
GRID        2809        0.1775  0.0425  0.      
GRID        2810        0.18    0.0425  0.      
GRID        2811        0.1825  0.0425  0.      
GRID        2812        0.185   0.0425  0.      
GRID        2813        0.1875  0.0425  0.      
GRID        2814        0.19    0.0425  0.      
GRID        2815        0.1925  0.0425  0.      
GRID        2816        0.195   0.0425  0.      
GRID        2817        0.1975  0.0425  0.      
GRID        2818        0.2     0.0425  0.      
GRID        2819        0.2025  0.0425  0.      
GRID        2820        0.205   0.0425  0.      
GRID        2821        0.2075  0.0425  0.      
GRID        2822        0.21    0.0425  0.      
GRID        2823        0.2125  0.0425  0.      
GRID        2824        0.215   0.0425  0.      
GRID        2825        0.2175  0.0425  0.      
GRID        2826        0.22    0.0425  0.      
GRID        2827        0.2225  0.0425  0.      
GRID        2828        0.225   0.0425  0.      
GRID        2829        0.2275  0.0425  0.      
GRID        2830        0.23    0.0425  0.      
GRID        2831        0.2325  0.0425  0.      
GRID        2832        0.235   0.0425  0.      
GRID        2833        0.2375  0.0425  0.      
GRID        2834        0.24    0.0425  0.      
GRID        2835        0.2425  0.0425  0.      
GRID        2836        0.245   0.0425  0.      
GRID        2837        0.2475  0.0425  0.      
GRID        2838        0.25    0.0425  0.      
GRID        2839        0.2525  0.0425  0.      
GRID        2840        0.255   0.0425  0.      
GRID        2841        0.2575  0.0425  0.      
GRID        2842        0.26    0.0425  0.      
GRID        2843        0.2625  0.0425  0.      
GRID        2844        0.265   0.0425  0.      
GRID        2845        0.2675  0.0425  0.      
GRID        2846        0.27    0.0425  0.      
GRID        2847        0.2725  0.0425  0.      
GRID        2848        0.275   0.0425  0.      
GRID        2849        0.2775  0.0425  0.      
GRID        2850        0.28    0.0425  0.      
GRID        2851        0.2825  0.0425  0.      
GRID        2852        0.285   0.0425  0.      
GRID        2853        0.2875  0.0425  0.      
GRID        2854        0.29    0.0425  0.      
GRID        2855        0.2925  0.0425  0.      
GRID        2856        0.295   0.0425  0.      
GRID        2857        0.2975  0.0425  0.      
GRID        2858        0.3     0.0425  0.      
GRID        2859        0.3025  0.0425  0.      
GRID        2860        0.305   0.0425  0.      
GRID        2861        0.3075  0.0425  0.      
GRID        2862        0.31    0.0425  0.      
GRID        2863        0.3125  0.0425  0.      
GRID        2864        0.315   0.0425  0.      
GRID        2865        0.3175  0.0425  0.      
GRID        2866        0.32    0.0425  0.      
GRID        2867        0.3225  0.0425  0.      
GRID        2868        0.325   0.0425  0.      
GRID        2869        0.3275  0.0425  0.      
GRID        2870        0.33    0.0425  0.      
GRID        2871        0.3325  0.0425  0.      
GRID        2872        0.335   0.0425  0.      
GRID        2873        0.3375  0.0425  0.      
GRID        2874        0.34    0.0425  0.      
GRID        2875        0.3425  0.0425  0.      
GRID        2876        0.345   0.0425  0.      
GRID        2877        0.3475  0.0425  0.      
GRID        2878        0.35    0.0425  0.      
GRID        2879        0.3525  0.0425  0.      
GRID        2880        0.355   0.0425  0.      
GRID        2881        0.3575  0.0425  0.      
GRID        2882        0.36    0.0425  0.      
GRID        2883        0.3625  0.0425  0.      
GRID        2884        0.365   0.0425  0.      
GRID        2885        0.3675  0.0425  0.      
GRID        2886        0.37    0.0425  0.      
GRID        2887        0.3725  0.0425  0.      
GRID        2888        0.375   0.0425  0.      
GRID        2889        0.3775  0.0425  0.      
GRID        2890        0.38    0.0425  0.      
GRID        2891        0.3825  0.0425  0.      
GRID        2892        0.385   0.0425  0.      
GRID        2893        0.3875  0.0425  0.      
GRID        2894        0.39    0.0425  0.      
GRID        2895        0.3925  0.0425  0.      
GRID        2896        0.395   0.0425  0.      
GRID        2897        0.3975  0.0425  0.      
GRID        2898        0.4     0.0425  0.      
GRID        2899        0.      0.045   0.      
GRID        2900        0.0025  0.045   0.      
GRID        2901        0.005   0.045   0.      
GRID        2902        0.0075  0.045   0.      
GRID        2903        0.01    0.045   0.      
GRID        2904        0.0125  0.045   0.      
GRID        2905        0.015   0.045   0.      
GRID        2906        0.0175  0.045   0.      
GRID        2907        0.02    0.045   0.      
GRID        2908        0.0225  0.045   0.      
GRID        2909        0.025   0.045   0.      
GRID        2910        0.0275  0.045   0.      
GRID        2911        0.03    0.045   0.      
GRID        2912        0.0325  0.045   0.      
GRID        2913        0.035   0.045   0.      
GRID        2914        0.0375  0.045   0.      
GRID        2915        0.04    0.045   0.      
GRID        2916        0.0425  0.045   0.      
GRID        2917        0.045   0.045   0.      
GRID        2918        0.0475  0.045   0.      
GRID        2919        0.05    0.045   0.      
GRID        2920        0.0525  0.045   0.      
GRID        2921        0.055   0.045   0.      
GRID        2922        0.0575  0.045   0.      
GRID        2923        0.06    0.045   0.      
GRID        2924        0.0625  0.045   0.      
GRID        2925        0.065   0.045   0.      
GRID        2926        0.0675  0.045   0.      
GRID        2927        0.07    0.045   0.      
GRID        2928        0.0725  0.045   0.      
GRID        2929        0.075   0.045   0.      
GRID        2930        0.0775  0.045   0.      
GRID        2931        0.08    0.045   0.      
GRID        2932        0.0825  0.045   0.      
GRID        2933        0.085   0.045   0.      
GRID        2934        0.0875  0.045   0.      
GRID        2935        0.09    0.045   0.      
GRID        2936        0.0925  0.045   0.      
GRID        2937        0.095   0.045   0.      
GRID        2938        0.0975  0.045   0.      
GRID        2939        0.1     0.045   0.      
GRID        2940        0.1025  0.045   0.      
GRID        2941        0.105   0.045   0.      
GRID        2942        0.1075  0.045   0.      
GRID        2943        0.11    0.045   0.      
GRID        2944        0.1125  0.045   0.      
GRID        2945        0.115   0.045   0.      
GRID        2946        0.1175  0.045   0.      
GRID        2947        0.12    0.045   0.      
GRID        2948        0.1225  0.045   0.      
GRID        2949        0.125   0.045   0.      
GRID        2950        0.1275  0.045   0.      
GRID        2951        0.13    0.045   0.      
GRID        2952        0.1325  0.045   0.      
GRID        2953        0.135   0.045   0.      
GRID        2954        0.1375  0.045   0.      
GRID        2955        0.14    0.045   0.      
GRID        2956        0.1425  0.045   0.      
GRID        2957        0.145   0.045   0.      
GRID        2958        0.1475  0.045   0.      
GRID        2959        0.15    0.045   0.      
GRID        2960        0.1525  0.045   0.      
GRID        2961        0.155   0.045   0.      
GRID        2962        0.1575  0.045   0.      
GRID        2963        0.16    0.045   0.      
GRID        2964        0.1625  0.045   0.      
GRID        2965        0.165   0.045   0.      
GRID        2966        0.1675  0.045   0.      
GRID        2967        0.17    0.045   0.      
GRID        2968        0.1725  0.045   0.      
GRID        2969        0.175   0.045   0.      
GRID        2970        0.1775  0.045   0.      
GRID        2971        0.18    0.045   0.      
GRID        2972        0.1825  0.045   0.      
GRID        2973        0.185   0.045   0.      
GRID        2974        0.1875  0.045   0.      
GRID        2975        0.19    0.045   0.      
GRID        2976        0.1925  0.045   0.      
GRID        2977        0.195   0.045   0.      
GRID        2978        0.1975  0.045   0.      
GRID        2979        0.2     0.045   0.      
GRID        2980        0.2025  0.045   0.      
GRID        2981        0.205   0.045   0.      
GRID        2982        0.2075  0.045   0.      
GRID        2983        0.21    0.045   0.      
GRID        2984        0.2125  0.045   0.      
GRID        2985        0.215   0.045   0.      
GRID        2986        0.2175  0.045   0.      
GRID        2987        0.22    0.045   0.      
GRID        2988        0.2225  0.045   0.      
GRID        2989        0.225   0.045   0.      
GRID        2990        0.2275  0.045   0.      
GRID        2991        0.23    0.045   0.      
GRID        2992        0.2325  0.045   0.      
GRID        2993        0.235   0.045   0.      
GRID        2994        0.2375  0.045   0.      
GRID        2995        0.24    0.045   0.      
GRID        2996        0.2425  0.045   0.      
GRID        2997        0.245   0.045   0.      
GRID        2998        0.2475  0.045   0.      
GRID        2999        0.25    0.045   0.      
GRID        3000        0.2525  0.045   0.      
GRID        3001        0.255   0.045   0.      
GRID        3002        0.2575  0.045   0.      
GRID        3003        0.26    0.045   0.      
GRID        3004        0.2625  0.045   0.      
GRID        3005        0.265   0.045   0.      
GRID        3006        0.2675  0.045   0.      
GRID        3007        0.27    0.045   0.      
GRID        3008        0.2725  0.045   0.      
GRID        3009        0.275   0.045   0.      
GRID        3010        0.2775  0.045   0.      
GRID        3011        0.28    0.045   0.      
GRID        3012        0.2825  0.045   0.      
GRID        3013        0.285   0.045   0.      
GRID        3014        0.2875  0.045   0.      
GRID        3015        0.29    0.045   0.      
GRID        3016        0.2925  0.045   0.      
GRID        3017        0.295   0.045   0.      
GRID        3018        0.2975  0.045   0.      
GRID        3019        0.3     0.045   0.      
GRID        3020        0.3025  0.045   0.      
GRID        3021        0.305   0.045   0.      
GRID        3022        0.3075  0.045   0.      
GRID        3023        0.31    0.045   0.      
GRID        3024        0.3125  0.045   0.      
GRID        3025        0.315   0.045   0.      
GRID        3026        0.3175  0.045   0.      
GRID        3027        0.32    0.045   0.      
GRID        3028        0.3225  0.045   0.      
GRID        3029        0.325   0.045   0.      
GRID        3030        0.3275  0.045   0.      
GRID        3031        0.33    0.045   0.      
GRID        3032        0.3325  0.045   0.      
GRID        3033        0.335   0.045   0.      
GRID        3034        0.3375  0.045   0.      
GRID        3035        0.34    0.045   0.      
GRID        3036        0.3425  0.045   0.      
GRID        3037        0.345   0.045   0.      
GRID        3038        0.3475  0.045   0.      
GRID        3039        0.35    0.045   0.      
GRID        3040        0.3525  0.045   0.      
GRID        3041        0.355   0.045   0.      
GRID        3042        0.3575  0.045   0.      
GRID        3043        0.36    0.045   0.      
GRID        3044        0.3625  0.045   0.      
GRID        3045        0.365   0.045   0.      
GRID        3046        0.3675  0.045   0.      
GRID        3047        0.37    0.045   0.      
GRID        3048        0.3725  0.045   0.      
GRID        3049        0.375   0.045   0.      
GRID        3050        0.3775  0.045   0.      
GRID        3051        0.38    0.045   0.      
GRID        3052        0.3825  0.045   0.      
GRID        3053        0.385   0.045   0.      
GRID        3054        0.3875  0.045   0.      
GRID        3055        0.39    0.045   0.      
GRID        3056        0.3925  0.045   0.      
GRID        3057        0.395   0.045   0.      
GRID        3058        0.3975  0.045   0.      
GRID        3059        0.4     0.045   0.      
GRID        3060        0.      0.0475  0.      
GRID        3061        0.0025  0.0475  0.      
GRID        3062        0.005   0.0475  0.      
GRID        3063        0.0075  0.0475  0.      
GRID        3064        0.01    0.0475  0.      
GRID        3065        0.0125  0.0475  0.      
GRID        3066        0.015   0.0475  0.      
GRID        3067        0.0175  0.0475  0.      
GRID        3068        0.02    0.0475  0.      
GRID        3069        0.0225  0.0475  0.      
GRID        3070        0.025   0.0475  0.      
GRID        3071        0.0275  0.0475  0.      
GRID        3072        0.03    0.0475  0.      
GRID        3073        0.0325  0.0475  0.      
GRID        3074        0.035   0.0475  0.      
GRID        3075        0.0375  0.0475  0.      
GRID        3076        0.04    0.0475  0.      
GRID        3077        0.0425  0.0475  0.      
GRID        3078        0.045   0.0475  0.      
GRID        3079        0.0475  0.0475  0.      
GRID        3080        0.05    0.0475  0.      
GRID        3081        0.0525  0.0475  0.      
GRID        3082        0.055   0.0475  0.      
GRID        3083        0.0575  0.0475  0.      
GRID        3084        0.06    0.0475  0.      
GRID        3085        0.0625  0.0475  0.      
GRID        3086        0.065   0.0475  0.      
GRID        3087        0.0675  0.0475  0.      
GRID        3088        0.07    0.0475  0.      
GRID        3089        0.0725  0.0475  0.      
GRID        3090        0.075   0.0475  0.      
GRID        3091        0.0775  0.0475  0.      
GRID        3092        0.08    0.0475  0.      
GRID        3093        0.0825  0.0475  0.      
GRID        3094        0.085   0.0475  0.      
GRID        3095        0.0875  0.0475  0.      
GRID        3096        0.09    0.0475  0.      
GRID        3097        0.0925  0.0475  0.      
GRID        3098        0.095   0.0475  0.      
GRID        3099        0.0975  0.0475  0.      
GRID        3100        0.1     0.0475  0.      
GRID        3101        0.1025  0.0475  0.      
GRID        3102        0.105   0.0475  0.      
GRID        3103        0.1075  0.0475  0.      
GRID        3104        0.11    0.0475  0.      
GRID        3105        0.1125  0.0475  0.      
GRID        3106        0.115   0.0475  0.      
GRID        3107        0.1175  0.0475  0.      
GRID        3108        0.12    0.0475  0.      
GRID        3109        0.1225  0.0475  0.      
GRID        3110        0.125   0.0475  0.      
GRID        3111        0.1275  0.0475  0.      
GRID        3112        0.13    0.0475  0.      
GRID        3113        0.1325  0.0475  0.      
GRID        3114        0.135   0.0475  0.      
GRID        3115        0.1375  0.0475  0.      
GRID        3116        0.14    0.0475  0.      
GRID        3117        0.1425  0.0475  0.      
GRID        3118        0.145   0.0475  0.      
GRID        3119        0.1475  0.0475  0.      
GRID        3120        0.15    0.0475  0.      
GRID        3121        0.1525  0.0475  0.      
GRID        3122        0.155   0.0475  0.      
GRID        3123        0.1575  0.0475  0.      
GRID        3124        0.16    0.0475  0.      
GRID        3125        0.1625  0.0475  0.      
GRID        3126        0.165   0.0475  0.      
GRID        3127        0.1675  0.0475  0.      
GRID        3128        0.17    0.0475  0.      
GRID        3129        0.1725  0.0475  0.      
GRID        3130        0.175   0.0475  0.      
GRID        3131        0.1775  0.0475  0.      
GRID        3132        0.18    0.0475  0.      
GRID        3133        0.1825  0.0475  0.      
GRID        3134        0.185   0.0475  0.      
GRID        3135        0.1875  0.0475  0.      
GRID        3136        0.19    0.0475  0.      
GRID        3137        0.1925  0.0475  0.      
GRID        3138        0.195   0.0475  0.      
GRID        3139        0.1975  0.0475  0.      
GRID        3140        0.2     0.0475  0.      
GRID        3141        0.2025  0.0475  0.      
GRID        3142        0.205   0.0475  0.      
GRID        3143        0.2075  0.0475  0.      
GRID        3144        0.21    0.0475  0.      
GRID        3145        0.2125  0.0475  0.      
GRID        3146        0.215   0.0475  0.      
GRID        3147        0.2175  0.0475  0.      
GRID        3148        0.22    0.0475  0.      
GRID        3149        0.2225  0.0475  0.      
GRID        3150        0.225   0.0475  0.      
GRID        3151        0.2275  0.0475  0.      
GRID        3152        0.23    0.0475  0.      
GRID        3153        0.2325  0.0475  0.      
GRID        3154        0.235   0.0475  0.      
GRID        3155        0.2375  0.0475  0.      
GRID        3156        0.24    0.0475  0.      
GRID        3157        0.2425  0.0475  0.      
GRID        3158        0.245   0.0475  0.      
GRID        3159        0.2475  0.0475  0.      
GRID        3160        0.25    0.0475  0.      
GRID        3161        0.2525  0.0475  0.      
GRID        3162        0.255   0.0475  0.      
GRID        3163        0.2575  0.0475  0.      
GRID        3164        0.26    0.0475  0.      
GRID        3165        0.2625  0.0475  0.      
GRID        3166        0.265   0.0475  0.      
GRID        3167        0.2675  0.0475  0.      
GRID        3168        0.27    0.0475  0.      
GRID        3169        0.2725  0.0475  0.      
GRID        3170        0.275   0.0475  0.      
GRID        3171        0.2775  0.0475  0.      
GRID        3172        0.28    0.0475  0.      
GRID        3173        0.2825  0.0475  0.      
GRID        3174        0.285   0.0475  0.      
GRID        3175        0.2875  0.0475  0.      
GRID        3176        0.29    0.0475  0.      
GRID        3177        0.2925  0.0475  0.      
GRID        3178        0.295   0.0475  0.      
GRID        3179        0.2975  0.0475  0.      
GRID        3180        0.3     0.0475  0.      
GRID        3181        0.3025  0.0475  0.      
GRID        3182        0.305   0.0475  0.      
GRID        3183        0.3075  0.0475  0.      
GRID        3184        0.31    0.0475  0.      
GRID        3185        0.3125  0.0475  0.      
GRID        3186        0.315   0.0475  0.      
GRID        3187        0.3175  0.0475  0.      
GRID        3188        0.32    0.0475  0.      
GRID        3189        0.3225  0.0475  0.      
GRID        3190        0.325   0.0475  0.      
GRID        3191        0.3275  0.0475  0.      
GRID        3192        0.33    0.0475  0.      
GRID        3193        0.3325  0.0475  0.      
GRID        3194        0.335   0.0475  0.      
GRID        3195        0.3375  0.0475  0.      
GRID        3196        0.34    0.0475  0.      
GRID        3197        0.3425  0.0475  0.      
GRID        3198        0.345   0.0475  0.      
GRID        3199        0.3475  0.0475  0.      
GRID        3200        0.35    0.0475  0.      
GRID        3201        0.3525  0.0475  0.      
GRID        3202        0.355   0.0475  0.      
GRID        3203        0.3575  0.0475  0.      
GRID        3204        0.36    0.0475  0.      
GRID        3205        0.3625  0.0475  0.      
GRID        3206        0.365   0.0475  0.      
GRID        3207        0.3675  0.0475  0.      
GRID        3208        0.37    0.0475  0.      
GRID        3209        0.3725  0.0475  0.      
GRID        3210        0.375   0.0475  0.      
GRID        3211        0.3775  0.0475  0.      
GRID        3212        0.38    0.0475  0.      
GRID        3213        0.3825  0.0475  0.      
GRID        3214        0.385   0.0475  0.      
GRID        3215        0.3875  0.0475  0.      
GRID        3216        0.39    0.0475  0.      
GRID        3217        0.3925  0.0475  0.      
GRID        3218        0.395   0.0475  0.      
GRID        3219        0.3975  0.0475  0.      
GRID        3220        0.4     0.0475  0.      
GRID        3221        0.      0.05    0.      
GRID        3222        0.0025  0.05    0.      
GRID        3223        0.005   0.05    0.      
GRID        3224        0.0075  0.05    0.      
GRID        3225        0.01    0.05    0.      
GRID        3226        0.0125  0.05    0.      
GRID        3227        0.015   0.05    0.      
GRID        3228        0.0175  0.05    0.      
GRID        3229        0.02    0.05    0.      
GRID        3230        0.0225  0.05    0.      
GRID        3231        0.025   0.05    0.      
GRID        3232        0.0275  0.05    0.      
GRID        3233        0.03    0.05    0.      
GRID        3234        0.0325  0.05    0.      
GRID        3235        0.035   0.05    0.      
GRID        3236        0.0375  0.05    0.      
GRID        3237        0.04    0.05    0.      
GRID        3238        0.0425  0.05    0.      
GRID        3239        0.045   0.05    0.      
GRID        3240        0.0475  0.05    0.      
GRID        3241        0.05    0.05    0.      
GRID        3242        0.0525  0.05    0.      
GRID        3243        0.055   0.05    0.      
GRID        3244        0.0575  0.05    0.      
GRID        3245        0.06    0.05    0.      
GRID        3246        0.0625  0.05    0.      
GRID        3247        0.065   0.05    0.      
GRID        3248        0.0675  0.05    0.      
GRID        3249        0.07    0.05    0.      
GRID        3250        0.0725  0.05    0.      
GRID        3251        0.075   0.05    0.      
GRID        3252        0.0775  0.05    0.      
GRID        3253        0.08    0.05    0.      
GRID        3254        0.0825  0.05    0.      
GRID        3255        0.085   0.05    0.      
GRID        3256        0.0875  0.05    0.      
GRID        3257        0.09    0.05    0.      
GRID        3258        0.0925  0.05    0.      
GRID        3259        0.095   0.05    0.      
GRID        3260        0.0975  0.05    0.      
GRID        3261        0.1     0.05    0.      
GRID        3262        0.1025  0.05    0.      
GRID        3263        0.105   0.05    0.      
GRID        3264        0.1075  0.05    0.      
GRID        3265        0.11    0.05    0.      
GRID        3266        0.1125  0.05    0.      
GRID        3267        0.115   0.05    0.      
GRID        3268        0.1175  0.05    0.      
GRID        3269        0.12    0.05    0.      
GRID        3270        0.1225  0.05    0.      
GRID        3271        0.125   0.05    0.      
GRID        3272        0.1275  0.05    0.      
GRID        3273        0.13    0.05    0.      
GRID        3274        0.1325  0.05    0.      
GRID        3275        0.135   0.05    0.      
GRID        3276        0.1375  0.05    0.      
GRID        3277        0.14    0.05    0.      
GRID        3278        0.1425  0.05    0.      
GRID        3279        0.145   0.05    0.      
GRID        3280        0.1475  0.05    0.      
GRID        3281        0.15    0.05    0.      
GRID        3282        0.1525  0.05    0.      
GRID        3283        0.155   0.05    0.      
GRID        3284        0.1575  0.05    0.      
GRID        3285        0.16    0.05    0.      
GRID        3286        0.1625  0.05    0.      
GRID        3287        0.165   0.05    0.      
GRID        3288        0.1675  0.05    0.      
GRID        3289        0.17    0.05    0.      
GRID        3290        0.1725  0.05    0.      
GRID        3291        0.175   0.05    0.      
GRID        3292        0.1775  0.05    0.      
GRID        3293        0.18    0.05    0.      
GRID        3294        0.1825  0.05    0.      
GRID        3295        0.185   0.05    0.      
GRID        3296        0.1875  0.05    0.      
GRID        3297        0.19    0.05    0.      
GRID        3298        0.1925  0.05    0.      
GRID        3299        0.195   0.05    0.      
GRID        3300        0.1975  0.05    0.      
GRID        3301        0.2     0.05    0.      
GRID        3302        0.2025  0.05    0.      
GRID        3303        0.205   0.05    0.      
GRID        3304        0.2075  0.05    0.      
GRID        3305        0.21    0.05    0.      
GRID        3306        0.2125  0.05    0.      
GRID        3307        0.215   0.05    0.      
GRID        3308        0.2175  0.05    0.      
GRID        3309        0.22    0.05    0.      
GRID        3310        0.2225  0.05    0.      
GRID        3311        0.225   0.05    0.      
GRID        3312        0.2275  0.05    0.      
GRID        3313        0.23    0.05    0.      
GRID        3314        0.2325  0.05    0.      
GRID        3315        0.235   0.05    0.      
GRID        3316        0.2375  0.05    0.      
GRID        3317        0.24    0.05    0.      
GRID        3318        0.2425  0.05    0.      
GRID        3319        0.245   0.05    0.      
GRID        3320        0.2475  0.05    0.      
GRID        3321        0.25    0.05    0.      
GRID        3322        0.2525  0.05    0.      
GRID        3323        0.255   0.05    0.      
GRID        3324        0.2575  0.05    0.      
GRID        3325        0.26    0.05    0.      
GRID        3326        0.2625  0.05    0.      
GRID        3327        0.265   0.05    0.      
GRID        3328        0.2675  0.05    0.      
GRID        3329        0.27    0.05    0.      
GRID        3330        0.2725  0.05    0.      
GRID        3331        0.275   0.05    0.      
GRID        3332        0.2775  0.05    0.      
GRID        3333        0.28    0.05    0.      
GRID        3334        0.2825  0.05    0.      
GRID        3335        0.285   0.05    0.      
GRID        3336        0.2875  0.05    0.      
GRID        3337        0.29    0.05    0.      
GRID        3338        0.2925  0.05    0.      
GRID        3339        0.295   0.05    0.      
GRID        3340        0.2975  0.05    0.      
GRID        3341        0.3     0.05    0.      
GRID        3342        0.3025  0.05    0.      
GRID        3343        0.305   0.05    0.      
GRID        3344        0.3075  0.05    0.      
GRID        3345        0.31    0.05    0.      
GRID        3346        0.3125  0.05    0.      
GRID        3347        0.315   0.05    0.      
GRID        3348        0.3175  0.05    0.      
GRID        3349        0.32    0.05    0.      
GRID        3350        0.3225  0.05    0.      
GRID        3351        0.325   0.05    0.      
GRID        3352        0.3275  0.05    0.      
GRID        3353        0.33    0.05    0.      
GRID        3354        0.3325  0.05    0.      
GRID        3355        0.335   0.05    0.      
GRID        3356        0.3375  0.05    0.      
GRID        3357        0.34    0.05    0.      
GRID        3358        0.3425  0.05    0.      
GRID        3359        0.345   0.05    0.      
GRID        3360        0.3475  0.05    0.      
GRID        3361        0.35    0.05    0.      
GRID        3362        0.3525  0.05    0.      
GRID        3363        0.355   0.05    0.      
GRID        3364        0.3575  0.05    0.      
GRID        3365        0.36    0.05    0.      
GRID        3366        0.3625  0.05    0.      
GRID        3367        0.365   0.05    0.      
GRID        3368        0.3675  0.05    0.      
GRID        3369        0.37    0.05    0.      
GRID        3370        0.3725  0.05    0.      
GRID        3371        0.375   0.05    0.      
GRID        3372        0.3775  0.05    0.      
GRID        3373        0.38    0.05    0.      
GRID        3374        0.3825  0.05    0.      
GRID        3375        0.385   0.05    0.      
GRID        3376        0.3875  0.05    0.      
GRID        3377        0.39    0.05    0.      
GRID        3378        0.3925  0.05    0.      
GRID        3379        0.395   0.05    0.      
GRID        3380        0.3975  0.05    0.      
GRID        3381        0.4     0.05    0.      
GRID        3382        0.      0.0525  0.      
GRID        3383        0.0025  0.0525  0.      
GRID        3384        0.005   0.0525  0.      
GRID        3385        0.0075  0.0525  0.      
GRID        3386        0.01    0.0525  0.      
GRID        3387        0.0125  0.0525  0.      
GRID        3388        0.015   0.0525  0.      
GRID        3389        0.0175  0.0525  0.      
GRID        3390        0.02    0.0525  0.      
GRID        3391        0.0225  0.0525  0.      
GRID        3392        0.025   0.0525  0.      
GRID        3393        0.0275  0.0525  0.      
GRID        3394        0.03    0.0525  0.      
GRID        3395        0.0325  0.0525  0.      
GRID        3396        0.035   0.0525  0.      
GRID        3397        0.0375  0.0525  0.      
GRID        3398        0.04    0.0525  0.      
GRID        3399        0.0425  0.0525  0.      
GRID        3400        0.045   0.0525  0.      
GRID        3401        0.0475  0.0525  0.      
GRID        3402        0.05    0.0525  0.      
GRID        3403        0.0525  0.0525  0.      
GRID        3404        0.055   0.0525  0.      
GRID        3405        0.0575  0.0525  0.      
GRID        3406        0.06    0.0525  0.      
GRID        3407        0.0625  0.0525  0.      
GRID        3408        0.065   0.0525  0.      
GRID        3409        0.0675  0.0525  0.      
GRID        3410        0.07    0.0525  0.      
GRID        3411        0.0725  0.0525  0.      
GRID        3412        0.075   0.0525  0.      
GRID        3413        0.0775  0.0525  0.      
GRID        3414        0.08    0.0525  0.      
GRID        3415        0.0825  0.0525  0.      
GRID        3416        0.085   0.0525  0.      
GRID        3417        0.0875  0.0525  0.      
GRID        3418        0.09    0.0525  0.      
GRID        3419        0.0925  0.0525  0.      
GRID        3420        0.095   0.0525  0.      
GRID        3421        0.0975  0.0525  0.      
GRID        3422        0.1     0.0525  0.      
GRID        3423        0.1025  0.0525  0.      
GRID        3424        0.105   0.0525  0.      
GRID        3425        0.1075  0.0525  0.      
GRID        3426        0.11    0.0525  0.      
GRID        3427        0.1125  0.0525  0.      
GRID        3428        0.115   0.0525  0.      
GRID        3429        0.1175  0.0525  0.      
GRID        3430        0.12    0.0525  0.      
GRID        3431        0.1225  0.0525  0.      
GRID        3432        0.125   0.0525  0.      
GRID        3433        0.1275  0.0525  0.      
GRID        3434        0.13    0.0525  0.      
GRID        3435        0.1325  0.0525  0.      
GRID        3436        0.135   0.0525  0.      
GRID        3437        0.1375  0.0525  0.      
GRID        3438        0.14    0.0525  0.      
GRID        3439        0.1425  0.0525  0.      
GRID        3440        0.145   0.0525  0.      
GRID        3441        0.1475  0.0525  0.      
GRID        3442        0.15    0.0525  0.      
GRID        3443        0.1525  0.0525  0.      
GRID        3444        0.155   0.0525  0.      
GRID        3445        0.1575  0.0525  0.      
GRID        3446        0.16    0.0525  0.      
GRID        3447        0.1625  0.0525  0.      
GRID        3448        0.165   0.0525  0.      
GRID        3449        0.1675  0.0525  0.      
GRID        3450        0.17    0.0525  0.      
GRID        3451        0.1725  0.0525  0.      
GRID        3452        0.175   0.0525  0.      
GRID        3453        0.1775  0.0525  0.      
GRID        3454        0.18    0.0525  0.      
GRID        3455        0.1825  0.0525  0.      
GRID        3456        0.185   0.0525  0.      
GRID        3457        0.1875  0.0525  0.      
GRID        3458        0.19    0.0525  0.      
GRID        3459        0.1925  0.0525  0.      
GRID        3460        0.195   0.0525  0.      
GRID        3461        0.1975  0.0525  0.      
GRID        3462        0.2     0.0525  0.      
GRID        3463        0.2025  0.0525  0.      
GRID        3464        0.205   0.0525  0.      
GRID        3465        0.2075  0.0525  0.      
GRID        3466        0.21    0.0525  0.      
GRID        3467        0.2125  0.0525  0.      
GRID        3468        0.215   0.0525  0.      
GRID        3469        0.2175  0.0525  0.      
GRID        3470        0.22    0.0525  0.      
GRID        3471        0.2225  0.0525  0.      
GRID        3472        0.225   0.0525  0.      
GRID        3473        0.2275  0.0525  0.      
GRID        3474        0.23    0.0525  0.      
GRID        3475        0.2325  0.0525  0.      
GRID        3476        0.235   0.0525  0.      
GRID        3477        0.2375  0.0525  0.      
GRID        3478        0.24    0.0525  0.      
GRID        3479        0.2425  0.0525  0.      
GRID        3480        0.245   0.0525  0.      
GRID        3481        0.2475  0.0525  0.      
GRID        3482        0.25    0.0525  0.      
GRID        3483        0.2525  0.0525  0.      
GRID        3484        0.255   0.0525  0.      
GRID        3485        0.2575  0.0525  0.      
GRID        3486        0.26    0.0525  0.      
GRID        3487        0.2625  0.0525  0.      
GRID        3488        0.265   0.0525  0.      
GRID        3489        0.2675  0.0525  0.      
GRID        3490        0.27    0.0525  0.      
GRID        3491        0.2725  0.0525  0.      
GRID        3492        0.275   0.0525  0.      
GRID        3493        0.2775  0.0525  0.      
GRID        3494        0.28    0.0525  0.      
GRID        3495        0.2825  0.0525  0.      
GRID        3496        0.285   0.0525  0.      
GRID        3497        0.2875  0.0525  0.      
GRID        3498        0.29    0.0525  0.      
GRID        3499        0.2925  0.0525  0.      
GRID        3500        0.295   0.0525  0.      
GRID        3501        0.2975  0.0525  0.      
GRID        3502        0.3     0.0525  0.      
GRID        3503        0.3025  0.0525  0.      
GRID        3504        0.305   0.0525  0.      
GRID        3505        0.3075  0.0525  0.      
GRID        3506        0.31    0.0525  0.      
GRID        3507        0.3125  0.0525  0.      
GRID        3508        0.315   0.0525  0.      
GRID        3509        0.3175  0.0525  0.      
GRID        3510        0.32    0.0525  0.      
GRID        3511        0.3225  0.0525  0.      
GRID        3512        0.325   0.0525  0.      
GRID        3513        0.3275  0.0525  0.      
GRID        3514        0.33    0.0525  0.      
GRID        3515        0.3325  0.0525  0.      
GRID        3516        0.335   0.0525  0.      
GRID        3517        0.3375  0.0525  0.      
GRID        3518        0.34    0.0525  0.      
GRID        3519        0.3425  0.0525  0.      
GRID        3520        0.345   0.0525  0.      
GRID        3521        0.3475  0.0525  0.      
GRID        3522        0.35    0.0525  0.      
GRID        3523        0.3525  0.0525  0.      
GRID        3524        0.355   0.0525  0.      
GRID        3525        0.3575  0.0525  0.      
GRID        3526        0.36    0.0525  0.      
GRID        3527        0.3625  0.0525  0.      
GRID        3528        0.365   0.0525  0.      
GRID        3529        0.3675  0.0525  0.      
GRID        3530        0.37    0.0525  0.      
GRID        3531        0.3725  0.0525  0.      
GRID        3532        0.375   0.0525  0.      
GRID        3533        0.3775  0.0525  0.      
GRID        3534        0.38    0.0525  0.      
GRID        3535        0.3825  0.0525  0.      
GRID        3536        0.385   0.0525  0.      
GRID        3537        0.3875  0.0525  0.      
GRID        3538        0.39    0.0525  0.      
GRID        3539        0.3925  0.0525  0.      
GRID        3540        0.395   0.0525  0.      
GRID        3541        0.3975  0.0525  0.      
GRID        3542        0.4     0.0525  0.      
GRID        3543        0.      0.055   0.      
GRID        3544        0.0025  0.055   0.      
GRID        3545        0.005   0.055   0.      
GRID        3546        0.0075  0.055   0.      
GRID        3547        0.01    0.055   0.      
GRID        3548        0.0125  0.055   0.      
GRID        3549        0.015   0.055   0.      
GRID        3550        0.0175  0.055   0.      
GRID        3551        0.02    0.055   0.      
GRID        3552        0.0225  0.055   0.      
GRID        3553        0.025   0.055   0.      
GRID        3554        0.0275  0.055   0.      
GRID        3555        0.03    0.055   0.      
GRID        3556        0.0325  0.055   0.      
GRID        3557        0.035   0.055   0.      
GRID        3558        0.0375  0.055   0.      
GRID        3559        0.04    0.055   0.      
GRID        3560        0.0425  0.055   0.      
GRID        3561        0.045   0.055   0.      
GRID        3562        0.0475  0.055   0.      
GRID        3563        0.05    0.055   0.      
GRID        3564        0.0525  0.055   0.      
GRID        3565        0.055   0.055   0.      
GRID        3566        0.0575  0.055   0.      
GRID        3567        0.06    0.055   0.      
GRID        3568        0.0625  0.055   0.      
GRID        3569        0.065   0.055   0.      
GRID        3570        0.0675  0.055   0.      
GRID        3571        0.07    0.055   0.      
GRID        3572        0.0725  0.055   0.      
GRID        3573        0.075   0.055   0.      
GRID        3574        0.0775  0.055   0.      
GRID        3575        0.08    0.055   0.      
GRID        3576        0.0825  0.055   0.      
GRID        3577        0.085   0.055   0.      
GRID        3578        0.0875  0.055   0.      
GRID        3579        0.09    0.055   0.      
GRID        3580        0.0925  0.055   0.      
GRID        3581        0.095   0.055   0.      
GRID        3582        0.0975  0.055   0.      
GRID        3583        0.1     0.055   0.      
GRID        3584        0.1025  0.055   0.      
GRID        3585        0.105   0.055   0.      
GRID        3586        0.1075  0.055   0.      
GRID        3587        0.11    0.055   0.      
GRID        3588        0.1125  0.055   0.      
GRID        3589        0.115   0.055   0.      
GRID        3590        0.1175  0.055   0.      
GRID        3591        0.12    0.055   0.      
GRID        3592        0.1225  0.055   0.      
GRID        3593        0.125   0.055   0.      
GRID        3594        0.1275  0.055   0.      
GRID        3595        0.13    0.055   0.      
GRID        3596        0.1325  0.055   0.      
GRID        3597        0.135   0.055   0.      
GRID        3598        0.1375  0.055   0.      
GRID        3599        0.14    0.055   0.      
GRID        3600        0.1425  0.055   0.      
GRID        3601        0.145   0.055   0.      
GRID        3602        0.1475  0.055   0.      
GRID        3603        0.15    0.055   0.      
GRID        3604        0.1525  0.055   0.      
GRID        3605        0.155   0.055   0.      
GRID        3606        0.1575  0.055   0.      
GRID        3607        0.16    0.055   0.      
GRID        3608        0.1625  0.055   0.      
GRID        3609        0.165   0.055   0.      
GRID        3610        0.1675  0.055   0.      
GRID        3611        0.17    0.055   0.      
GRID        3612        0.1725  0.055   0.      
GRID        3613        0.175   0.055   0.      
GRID        3614        0.1775  0.055   0.      
GRID        3615        0.18    0.055   0.      
GRID        3616        0.1825  0.055   0.      
GRID        3617        0.185   0.055   0.      
GRID        3618        0.1875  0.055   0.      
GRID        3619        0.19    0.055   0.      
GRID        3620        0.1925  0.055   0.      
GRID        3621        0.195   0.055   0.      
GRID        3622        0.1975  0.055   0.      
GRID        3623        0.2     0.055   0.      
GRID        3624        0.2025  0.055   0.      
GRID        3625        0.205   0.055   0.      
GRID        3626        0.2075  0.055   0.      
GRID        3627        0.21    0.055   0.      
GRID        3628        0.2125  0.055   0.      
GRID        3629        0.215   0.055   0.      
GRID        3630        0.2175  0.055   0.      
GRID        3631        0.22    0.055   0.      
GRID        3632        0.2225  0.055   0.      
GRID        3633        0.225   0.055   0.      
GRID        3634        0.2275  0.055   0.      
GRID        3635        0.23    0.055   0.      
GRID        3636        0.2325  0.055   0.      
GRID        3637        0.235   0.055   0.      
GRID        3638        0.2375  0.055   0.      
GRID        3639        0.24    0.055   0.      
GRID        3640        0.2425  0.055   0.      
GRID        3641        0.245   0.055   0.      
GRID        3642        0.2475  0.055   0.      
GRID        3643        0.25    0.055   0.      
GRID        3644        0.2525  0.055   0.      
GRID        3645        0.255   0.055   0.      
GRID        3646        0.2575  0.055   0.      
GRID        3647        0.26    0.055   0.      
GRID        3648        0.2625  0.055   0.      
GRID        3649        0.265   0.055   0.      
GRID        3650        0.2675  0.055   0.      
GRID        3651        0.27    0.055   0.      
GRID        3652        0.2725  0.055   0.      
GRID        3653        0.275   0.055   0.      
GRID        3654        0.2775  0.055   0.      
GRID        3655        0.28    0.055   0.      
GRID        3656        0.2825  0.055   0.      
GRID        3657        0.285   0.055   0.      
GRID        3658        0.2875  0.055   0.      
GRID        3659        0.29    0.055   0.      
GRID        3660        0.2925  0.055   0.      
GRID        3661        0.295   0.055   0.      
GRID        3662        0.2975  0.055   0.      
GRID        3663        0.3     0.055   0.      
GRID        3664        0.3025  0.055   0.      
GRID        3665        0.305   0.055   0.      
GRID        3666        0.3075  0.055   0.      
GRID        3667        0.31    0.055   0.      
GRID        3668        0.3125  0.055   0.      
GRID        3669        0.315   0.055   0.      
GRID        3670        0.3175  0.055   0.      
GRID        3671        0.32    0.055   0.      
GRID        3672        0.3225  0.055   0.      
GRID        3673        0.325   0.055   0.      
GRID        3674        0.3275  0.055   0.      
GRID        3675        0.33    0.055   0.      
GRID        3676        0.3325  0.055   0.      
GRID        3677        0.335   0.055   0.      
GRID        3678        0.3375  0.055   0.      
GRID        3679        0.34    0.055   0.      
GRID        3680        0.3425  0.055   0.      
GRID        3681        0.345   0.055   0.      
GRID        3682        0.3475  0.055   0.      
GRID        3683        0.35    0.055   0.      
GRID        3684        0.3525  0.055   0.      
GRID        3685        0.355   0.055   0.      
GRID        3686        0.3575  0.055   0.      
GRID        3687        0.36    0.055   0.      
GRID        3688        0.3625  0.055   0.      
GRID        3689        0.365   0.055   0.      
GRID        3690        0.3675  0.055   0.      
GRID        3691        0.37    0.055   0.      
GRID        3692        0.3725  0.055   0.      
GRID        3693        0.375   0.055   0.      
GRID        3694        0.3775  0.055   0.      
GRID        3695        0.38    0.055   0.      
GRID        3696        0.3825  0.055   0.      
GRID        3697        0.385   0.055   0.      
GRID        3698        0.3875  0.055   0.      
GRID        3699        0.39    0.055   0.      
GRID        3700        0.3925  0.055   0.      
GRID        3701        0.395   0.055   0.      
GRID        3702        0.3975  0.055   0.      
GRID        3703        0.4     0.055   0.      
GRID        3704        0.      0.0575  0.      
GRID        3705        0.0025  0.0575  0.      
GRID        3706        0.005   0.0575  0.      
GRID        3707        0.0075  0.0575  0.      
GRID        3708        0.01    0.0575  0.      
GRID        3709        0.0125  0.0575  0.      
GRID        3710        0.015   0.0575  0.      
GRID        3711        0.0175  0.0575  0.      
GRID        3712        0.02    0.0575  0.      
GRID        3713        0.0225  0.0575  0.      
GRID        3714        0.025   0.0575  0.      
GRID        3715        0.0275  0.0575  0.      
GRID        3716        0.03    0.0575  0.      
GRID        3717        0.0325  0.0575  0.      
GRID        3718        0.035   0.0575  0.      
GRID        3719        0.0375  0.0575  0.      
GRID        3720        0.04    0.0575  0.      
GRID        3721        0.0425  0.0575  0.      
GRID        3722        0.045   0.0575  0.      
GRID        3723        0.0475  0.0575  0.      
GRID        3724        0.05    0.0575  0.      
GRID        3725        0.0525  0.0575  0.      
GRID        3726        0.055   0.0575  0.      
GRID        3727        0.0575  0.0575  0.      
GRID        3728        0.06    0.0575  0.      
GRID        3729        0.0625  0.0575  0.      
GRID        3730        0.065   0.0575  0.      
GRID        3731        0.0675  0.0575  0.      
GRID        3732        0.07    0.0575  0.      
GRID        3733        0.0725  0.0575  0.      
GRID        3734        0.075   0.0575  0.      
GRID        3735        0.0775  0.0575  0.      
GRID        3736        0.08    0.0575  0.      
GRID        3737        0.0825  0.0575  0.      
GRID        3738        0.085   0.0575  0.      
GRID        3739        0.0875  0.0575  0.      
GRID        3740        0.09    0.0575  0.      
GRID        3741        0.0925  0.0575  0.      
GRID        3742        0.095   0.0575  0.      
GRID        3743        0.0975  0.0575  0.      
GRID        3744        0.1     0.0575  0.      
GRID        3745        0.1025  0.0575  0.      
GRID        3746        0.105   0.0575  0.      
GRID        3747        0.1075  0.0575  0.      
GRID        3748        0.11    0.0575  0.      
GRID        3749        0.1125  0.0575  0.      
GRID        3750        0.115   0.0575  0.      
GRID        3751        0.1175  0.0575  0.      
GRID        3752        0.12    0.0575  0.      
GRID        3753        0.1225  0.0575  0.      
GRID        3754        0.125   0.0575  0.      
GRID        3755        0.1275  0.0575  0.      
GRID        3756        0.13    0.0575  0.      
GRID        3757        0.1325  0.0575  0.      
GRID        3758        0.135   0.0575  0.      
GRID        3759        0.1375  0.0575  0.      
GRID        3760        0.14    0.0575  0.      
GRID        3761        0.1425  0.0575  0.      
GRID        3762        0.145   0.0575  0.      
GRID        3763        0.1475  0.0575  0.      
GRID        3764        0.15    0.0575  0.      
GRID        3765        0.1525  0.0575  0.      
GRID        3766        0.155   0.0575  0.      
GRID        3767        0.1575  0.0575  0.      
GRID        3768        0.16    0.0575  0.      
GRID        3769        0.1625  0.0575  0.      
GRID        3770        0.165   0.0575  0.      
GRID        3771        0.1675  0.0575  0.      
GRID        3772        0.17    0.0575  0.      
GRID        3773        0.1725  0.0575  0.      
GRID        3774        0.175   0.0575  0.      
GRID        3775        0.1775  0.0575  0.      
GRID        3776        0.18    0.0575  0.      
GRID        3777        0.1825  0.0575  0.      
GRID        3778        0.185   0.0575  0.      
GRID        3779        0.1875  0.0575  0.      
GRID        3780        0.19    0.0575  0.      
GRID        3781        0.1925  0.0575  0.      
GRID        3782        0.195   0.0575  0.      
GRID        3783        0.1975  0.0575  0.      
GRID        3784        0.2     0.0575  0.      
GRID        3785        0.2025  0.0575  0.      
GRID        3786        0.205   0.0575  0.      
GRID        3787        0.2075  0.0575  0.      
GRID        3788        0.21    0.0575  0.      
GRID        3789        0.2125  0.0575  0.      
GRID        3790        0.215   0.0575  0.      
GRID        3791        0.2175  0.0575  0.      
GRID        3792        0.22    0.0575  0.      
GRID        3793        0.2225  0.0575  0.      
GRID        3794        0.225   0.0575  0.      
GRID        3795        0.2275  0.0575  0.      
GRID        3796        0.23    0.0575  0.      
GRID        3797        0.2325  0.0575  0.      
GRID        3798        0.235   0.0575  0.      
GRID        3799        0.2375  0.0575  0.      
GRID        3800        0.24    0.0575  0.      
GRID        3801        0.2425  0.0575  0.      
GRID        3802        0.245   0.0575  0.      
GRID        3803        0.2475  0.0575  0.      
GRID        3804        0.25    0.0575  0.      
GRID        3805        0.2525  0.0575  0.      
GRID        3806        0.255   0.0575  0.      
GRID        3807        0.2575  0.0575  0.      
GRID        3808        0.26    0.0575  0.      
GRID        3809        0.2625  0.0575  0.      
GRID        3810        0.265   0.0575  0.      
GRID        3811        0.2675  0.0575  0.      
GRID        3812        0.27    0.0575  0.      
GRID        3813        0.2725  0.0575  0.      
GRID        3814        0.275   0.0575  0.      
GRID        3815        0.2775  0.0575  0.      
GRID        3816        0.28    0.0575  0.      
GRID        3817        0.2825  0.0575  0.      
GRID        3818        0.285   0.0575  0.      
GRID        3819        0.2875  0.0575  0.      
GRID        3820        0.29    0.0575  0.      
GRID        3821        0.2925  0.0575  0.      
GRID        3822        0.295   0.0575  0.      
GRID        3823        0.2975  0.0575  0.      
GRID        3824        0.3     0.0575  0.      
GRID        3825        0.3025  0.0575  0.      
GRID        3826        0.305   0.0575  0.      
GRID        3827        0.3075  0.0575  0.      
GRID        3828        0.31    0.0575  0.      
GRID        3829        0.3125  0.0575  0.      
GRID        3830        0.315   0.0575  0.      
GRID        3831        0.3175  0.0575  0.      
GRID        3832        0.32    0.0575  0.      
GRID        3833        0.3225  0.0575  0.      
GRID        3834        0.325   0.0575  0.      
GRID        3835        0.3275  0.0575  0.      
GRID        3836        0.33    0.0575  0.      
GRID        3837        0.3325  0.0575  0.      
GRID        3838        0.335   0.0575  0.      
GRID        3839        0.3375  0.0575  0.      
GRID        3840        0.34    0.0575  0.      
GRID        3841        0.3425  0.0575  0.      
GRID        3842        0.345   0.0575  0.      
GRID        3843        0.3475  0.0575  0.      
GRID        3844        0.35    0.0575  0.      
GRID        3845        0.3525  0.0575  0.      
GRID        3846        0.355   0.0575  0.      
GRID        3847        0.3575  0.0575  0.      
GRID        3848        0.36    0.0575  0.      
GRID        3849        0.3625  0.0575  0.      
GRID        3850        0.365   0.0575  0.      
GRID        3851        0.3675  0.0575  0.      
GRID        3852        0.37    0.0575  0.      
GRID        3853        0.3725  0.0575  0.      
GRID        3854        0.375   0.0575  0.      
GRID        3855        0.3775  0.0575  0.      
GRID        3856        0.38    0.0575  0.      
GRID        3857        0.3825  0.0575  0.      
GRID        3858        0.385   0.0575  0.      
GRID        3859        0.3875  0.0575  0.      
GRID        3860        0.39    0.0575  0.      
GRID        3861        0.3925  0.0575  0.      
GRID        3862        0.395   0.0575  0.      
GRID        3863        0.3975  0.0575  0.      
GRID        3864        0.4     0.0575  0.      
GRID        3865        0.      0.06    0.      
GRID        3866        0.0025  0.06    0.      
GRID        3867        0.005   0.06    0.      
GRID        3868        0.0075  0.06    0.      
GRID        3869        0.01    0.06    0.      
GRID        3870        0.0125  0.06    0.      
GRID        3871        0.015   0.06    0.      
GRID        3872        0.0175  0.06    0.      
GRID        3873        0.02    0.06    0.      
GRID        3874        0.0225  0.06    0.      
GRID        3875        0.025   0.06    0.      
GRID        3876        0.0275  0.06    0.      
GRID        3877        0.03    0.06    0.      
GRID        3878        0.0325  0.06    0.      
GRID        3879        0.035   0.06    0.      
GRID        3880        0.0375  0.06    0.      
GRID        3881        0.04    0.06    0.      
GRID        3882        0.0425  0.06    0.      
GRID        3883        0.045   0.06    0.      
GRID        3884        0.0475  0.06    0.      
GRID        3885        0.05    0.06    0.      
GRID        3886        0.0525  0.06    0.      
GRID        3887        0.055   0.06    0.      
GRID        3888        0.0575  0.06    0.      
GRID        3889        0.06    0.06    0.      
GRID        3890        0.0625  0.06    0.      
GRID        3891        0.065   0.06    0.      
GRID        3892        0.0675  0.06    0.      
GRID        3893        0.07    0.06    0.      
GRID        3894        0.0725  0.06    0.      
GRID        3895        0.075   0.06    0.      
GRID        3896        0.0775  0.06    0.      
GRID        3897        0.08    0.06    0.      
GRID        3898        0.0825  0.06    0.      
GRID        3899        0.085   0.06    0.      
GRID        3900        0.0875  0.06    0.      
GRID        3901        0.09    0.06    0.      
GRID        3902        0.0925  0.06    0.      
GRID        3903        0.095   0.06    0.      
GRID        3904        0.0975  0.06    0.      
GRID        3905        0.1     0.06    0.      
GRID        3906        0.1025  0.06    0.      
GRID        3907        0.105   0.06    0.      
GRID        3908        0.1075  0.06    0.      
GRID        3909        0.11    0.06    0.      
GRID        3910        0.1125  0.06    0.      
GRID        3911        0.115   0.06    0.      
GRID        3912        0.1175  0.06    0.      
GRID        3913        0.12    0.06    0.      
GRID        3914        0.1225  0.06    0.      
GRID        3915        0.125   0.06    0.      
GRID        3916        0.1275  0.06    0.      
GRID        3917        0.13    0.06    0.      
GRID        3918        0.1325  0.06    0.      
GRID        3919        0.135   0.06    0.      
GRID        3920        0.1375  0.06    0.      
GRID        3921        0.14    0.06    0.      
GRID        3922        0.1425  0.06    0.      
GRID        3923        0.145   0.06    0.      
GRID        3924        0.1475  0.06    0.      
GRID        3925        0.15    0.06    0.      
GRID        3926        0.1525  0.06    0.      
GRID        3927        0.155   0.06    0.      
GRID        3928        0.1575  0.06    0.      
GRID        3929        0.16    0.06    0.      
GRID        3930        0.1625  0.06    0.      
GRID        3931        0.165   0.06    0.      
GRID        3932        0.1675  0.06    0.      
GRID        3933        0.17    0.06    0.      
GRID        3934        0.1725  0.06    0.      
GRID        3935        0.175   0.06    0.      
GRID        3936        0.1775  0.06    0.      
GRID        3937        0.18    0.06    0.      
GRID        3938        0.1825  0.06    0.      
GRID        3939        0.185   0.06    0.      
GRID        3940        0.1875  0.06    0.      
GRID        3941        0.19    0.06    0.      
GRID        3942        0.1925  0.06    0.      
GRID        3943        0.195   0.06    0.      
GRID        3944        0.1975  0.06    0.      
GRID        3945        0.2     0.06    0.      
GRID        3946        0.2025  0.06    0.      
GRID        3947        0.205   0.06    0.      
GRID        3948        0.2075  0.06    0.      
GRID        3949        0.21    0.06    0.      
GRID        3950        0.2125  0.06    0.      
GRID        3951        0.215   0.06    0.      
GRID        3952        0.2175  0.06    0.      
GRID        3953        0.22    0.06    0.      
GRID        3954        0.2225  0.06    0.      
GRID        3955        0.225   0.06    0.      
GRID        3956        0.2275  0.06    0.      
GRID        3957        0.23    0.06    0.      
GRID        3958        0.2325  0.06    0.      
GRID        3959        0.235   0.06    0.      
GRID        3960        0.2375  0.06    0.      
GRID        3961        0.24    0.06    0.      
GRID        3962        0.2425  0.06    0.      
GRID        3963        0.245   0.06    0.      
GRID        3964        0.2475  0.06    0.      
GRID        3965        0.25    0.06    0.      
GRID        3966        0.2525  0.06    0.      
GRID        3967        0.255   0.06    0.      
GRID        3968        0.2575  0.06    0.      
GRID        3969        0.26    0.06    0.      
GRID        3970        0.2625  0.06    0.      
GRID        3971        0.265   0.06    0.      
GRID        3972        0.2675  0.06    0.      
GRID        3973        0.27    0.06    0.      
GRID        3974        0.2725  0.06    0.      
GRID        3975        0.275   0.06    0.      
GRID        3976        0.2775  0.06    0.      
GRID        3977        0.28    0.06    0.      
GRID        3978        0.2825  0.06    0.      
GRID        3979        0.285   0.06    0.      
GRID        3980        0.2875  0.06    0.      
GRID        3981        0.29    0.06    0.      
GRID        3982        0.2925  0.06    0.      
GRID        3983        0.295   0.06    0.      
GRID        3984        0.2975  0.06    0.      
GRID        3985        0.3     0.06    0.      
GRID        3986        0.3025  0.06    0.      
GRID        3987        0.305   0.06    0.      
GRID        3988        0.3075  0.06    0.      
GRID        3989        0.31    0.06    0.      
GRID        3990        0.3125  0.06    0.      
GRID        3991        0.315   0.06    0.      
GRID        3992        0.3175  0.06    0.      
GRID        3993        0.32    0.06    0.      
GRID        3994        0.3225  0.06    0.      
GRID        3995        0.325   0.06    0.      
GRID        3996        0.3275  0.06    0.      
GRID        3997        0.33    0.06    0.      
GRID        3998        0.3325  0.06    0.      
GRID        3999        0.335   0.06    0.      
GRID        4000        0.3375  0.06    0.      
GRID        4001        0.34    0.06    0.      
GRID        4002        0.3425  0.06    0.      
GRID        4003        0.345   0.06    0.      
GRID        4004        0.3475  0.06    0.      
GRID        4005        0.35    0.06    0.      
GRID        4006        0.3525  0.06    0.      
GRID        4007        0.355   0.06    0.      
GRID        4008        0.3575  0.06    0.      
GRID        4009        0.36    0.06    0.      
GRID        4010        0.3625  0.06    0.      
GRID        4011        0.365   0.06    0.      
GRID        4012        0.3675  0.06    0.      
GRID        4013        0.37    0.06    0.      
GRID        4014        0.3725  0.06    0.      
GRID        4015        0.375   0.06    0.      
GRID        4016        0.3775  0.06    0.      
GRID        4017        0.38    0.06    0.      
GRID        4018        0.3825  0.06    0.      
GRID        4019        0.385   0.06    0.      
GRID        4020        0.3875  0.06    0.      
GRID        4021        0.39    0.06    0.      
GRID        4022        0.3925  0.06    0.      
GRID        4023        0.395   0.06    0.      
GRID        4024        0.3975  0.06    0.      
GRID        4025        0.4     0.06    0.      
GRID        4026        0.      0.0625  0.      
GRID        4027        0.0025  0.0625  0.      
GRID        4028        0.005   0.0625  0.      
GRID        4029        0.0075  0.0625  0.      
GRID        4030        0.01    0.0625  0.      
GRID        4031        0.0125  0.0625  0.      
GRID        4032        0.015   0.0625  0.      
GRID        4033        0.0175  0.0625  0.      
GRID        4034        0.02    0.0625  0.      
GRID        4035        0.0225  0.0625  0.      
GRID        4036        0.025   0.0625  0.      
GRID        4037        0.0275  0.0625  0.      
GRID        4038        0.03    0.0625  0.      
GRID        4039        0.0325  0.0625  0.      
GRID        4040        0.035   0.0625  0.      
GRID        4041        0.0375  0.0625  0.      
GRID        4042        0.04    0.0625  0.      
GRID        4043        0.0425  0.0625  0.      
GRID        4044        0.045   0.0625  0.      
GRID        4045        0.0475  0.0625  0.      
GRID        4046        0.05    0.0625  0.      
GRID        4047        0.0525  0.0625  0.      
GRID        4048        0.055   0.0625  0.      
GRID        4049        0.0575  0.0625  0.      
GRID        4050        0.06    0.0625  0.      
GRID        4051        0.0625  0.0625  0.      
GRID        4052        0.065   0.0625  0.      
GRID        4053        0.0675  0.0625  0.      
GRID        4054        0.07    0.0625  0.      
GRID        4055        0.0725  0.0625  0.      
GRID        4056        0.075   0.0625  0.      
GRID        4057        0.0775  0.0625  0.      
GRID        4058        0.08    0.0625  0.      
GRID        4059        0.0825  0.0625  0.      
GRID        4060        0.085   0.0625  0.      
GRID        4061        0.0875  0.0625  0.      
GRID        4062        0.09    0.0625  0.      
GRID        4063        0.0925  0.0625  0.      
GRID        4064        0.095   0.0625  0.      
GRID        4065        0.0975  0.0625  0.      
GRID        4066        0.1     0.0625  0.      
GRID        4067        0.1025  0.0625  0.      
GRID        4068        0.105   0.0625  0.      
GRID        4069        0.1075  0.0625  0.      
GRID        4070        0.11    0.0625  0.      
GRID        4071        0.1125  0.0625  0.      
GRID        4072        0.115   0.0625  0.      
GRID        4073        0.1175  0.0625  0.      
GRID        4074        0.12    0.0625  0.      
GRID        4075        0.1225  0.0625  0.      
GRID        4076        0.125   0.0625  0.      
GRID        4077        0.1275  0.0625  0.      
GRID        4078        0.13    0.0625  0.      
GRID        4079        0.1325  0.0625  0.      
GRID        4080        0.135   0.0625  0.      
GRID        4081        0.1375  0.0625  0.      
GRID        4082        0.14    0.0625  0.      
GRID        4083        0.1425  0.0625  0.      
GRID        4084        0.145   0.0625  0.      
GRID        4085        0.1475  0.0625  0.      
GRID        4086        0.15    0.0625  0.      
GRID        4087        0.1525  0.0625  0.      
GRID        4088        0.155   0.0625  0.      
GRID        4089        0.1575  0.0625  0.      
GRID        4090        0.16    0.0625  0.      
GRID        4091        0.1625  0.0625  0.      
GRID        4092        0.165   0.0625  0.      
GRID        4093        0.1675  0.0625  0.      
GRID        4094        0.17    0.0625  0.      
GRID        4095        0.1725  0.0625  0.      
GRID        4096        0.175   0.0625  0.      
GRID        4097        0.1775  0.0625  0.      
GRID        4098        0.18    0.0625  0.      
GRID        4099        0.1825  0.0625  0.      
GRID        4100        0.185   0.0625  0.      
GRID        4101        0.1875  0.0625  0.      
GRID        4102        0.19    0.0625  0.      
GRID        4103        0.1925  0.0625  0.      
GRID        4104        0.195   0.0625  0.      
GRID        4105        0.1975  0.0625  0.      
GRID        4106        0.2     0.0625  0.      
GRID        4107        0.2025  0.0625  0.      
GRID        4108        0.205   0.0625  0.      
GRID        4109        0.2075  0.0625  0.      
GRID        4110        0.21    0.0625  0.      
GRID        4111        0.2125  0.0625  0.      
GRID        4112        0.215   0.0625  0.      
GRID        4113        0.2175  0.0625  0.      
GRID        4114        0.22    0.0625  0.      
GRID        4115        0.2225  0.0625  0.      
GRID        4116        0.225   0.0625  0.      
GRID        4117        0.2275  0.0625  0.      
GRID        4118        0.23    0.0625  0.      
GRID        4119        0.2325  0.0625  0.      
GRID        4120        0.235   0.0625  0.      
GRID        4121        0.2375  0.0625  0.      
GRID        4122        0.24    0.0625  0.      
GRID        4123        0.2425  0.0625  0.      
GRID        4124        0.245   0.0625  0.      
GRID        4125        0.2475  0.0625  0.      
GRID        4126        0.25    0.0625  0.      
GRID        4127        0.2525  0.0625  0.      
GRID        4128        0.255   0.0625  0.      
GRID        4129        0.2575  0.0625  0.      
GRID        4130        0.26    0.0625  0.      
GRID        4131        0.2625  0.0625  0.      
GRID        4132        0.265   0.0625  0.      
GRID        4133        0.2675  0.0625  0.      
GRID        4134        0.27    0.0625  0.      
GRID        4135        0.2725  0.0625  0.      
GRID        4136        0.275   0.0625  0.      
GRID        4137        0.2775  0.0625  0.      
GRID        4138        0.28    0.0625  0.      
GRID        4139        0.2825  0.0625  0.      
GRID        4140        0.285   0.0625  0.      
GRID        4141        0.2875  0.0625  0.      
GRID        4142        0.29    0.0625  0.      
GRID        4143        0.2925  0.0625  0.      
GRID        4144        0.295   0.0625  0.      
GRID        4145        0.2975  0.0625  0.      
GRID        4146        0.3     0.0625  0.      
GRID        4147        0.3025  0.0625  0.      
GRID        4148        0.305   0.0625  0.      
GRID        4149        0.3075  0.0625  0.      
GRID        4150        0.31    0.0625  0.      
GRID        4151        0.3125  0.0625  0.      
GRID        4152        0.315   0.0625  0.      
GRID        4153        0.3175  0.0625  0.      
GRID        4154        0.32    0.0625  0.      
GRID        4155        0.3225  0.0625  0.      
GRID        4156        0.325   0.0625  0.      
GRID        4157        0.3275  0.0625  0.      
GRID        4158        0.33    0.0625  0.      
GRID        4159        0.3325  0.0625  0.      
GRID        4160        0.335   0.0625  0.      
GRID        4161        0.3375  0.0625  0.      
GRID        4162        0.34    0.0625  0.      
GRID        4163        0.3425  0.0625  0.      
GRID        4164        0.345   0.0625  0.      
GRID        4165        0.3475  0.0625  0.      
GRID        4166        0.35    0.0625  0.      
GRID        4167        0.3525  0.0625  0.      
GRID        4168        0.355   0.0625  0.      
GRID        4169        0.3575  0.0625  0.      
GRID        4170        0.36    0.0625  0.      
GRID        4171        0.3625  0.0625  0.      
GRID        4172        0.365   0.0625  0.      
GRID        4173        0.3675  0.0625  0.      
GRID        4174        0.37    0.0625  0.      
GRID        4175        0.3725  0.0625  0.      
GRID        4176        0.375   0.0625  0.      
GRID        4177        0.3775  0.0625  0.      
GRID        4178        0.38    0.0625  0.      
GRID        4179        0.3825  0.0625  0.      
GRID        4180        0.385   0.0625  0.      
GRID        4181        0.3875  0.0625  0.      
GRID        4182        0.39    0.0625  0.      
GRID        4183        0.3925  0.0625  0.      
GRID        4184        0.395   0.0625  0.      
GRID        4185        0.3975  0.0625  0.      
GRID        4186        0.4     0.0625  0.      
GRID        4187        0.      0.065   0.      
GRID        4188        0.0025  0.065   0.      
GRID        4189        0.005   0.065   0.      
GRID        4190        0.0075  0.065   0.      
GRID        4191        0.01    0.065   0.      
GRID        4192        0.0125  0.065   0.      
GRID        4193        0.015   0.065   0.      
GRID        4194        0.0175  0.065   0.      
GRID        4195        0.02    0.065   0.      
GRID        4196        0.0225  0.065   0.      
GRID        4197        0.025   0.065   0.      
GRID        4198        0.0275  0.065   0.      
GRID        4199        0.03    0.065   0.      
GRID        4200        0.0325  0.065   0.      
GRID        4201        0.035   0.065   0.      
GRID        4202        0.0375  0.065   0.      
GRID        4203        0.04    0.065   0.      
GRID        4204        0.0425  0.065   0.      
GRID        4205        0.045   0.065   0.      
GRID        4206        0.0475  0.065   0.      
GRID        4207        0.05    0.065   0.      
GRID        4208        0.0525  0.065   0.      
GRID        4209        0.055   0.065   0.      
GRID        4210        0.0575  0.065   0.      
GRID        4211        0.06    0.065   0.      
GRID        4212        0.0625  0.065   0.      
GRID        4213        0.065   0.065   0.      
GRID        4214        0.0675  0.065   0.      
GRID        4215        0.07    0.065   0.      
GRID        4216        0.0725  0.065   0.      
GRID        4217        0.075   0.065   0.      
GRID        4218        0.0775  0.065   0.      
GRID        4219        0.08    0.065   0.      
GRID        4220        0.0825  0.065   0.      
GRID        4221        0.085   0.065   0.      
GRID        4222        0.0875  0.065   0.      
GRID        4223        0.09    0.065   0.      
GRID        4224        0.0925  0.065   0.      
GRID        4225        0.095   0.065   0.      
GRID        4226        0.0975  0.065   0.      
GRID        4227        0.1     0.065   0.      
GRID        4228        0.1025  0.065   0.      
GRID        4229        0.105   0.065   0.      
GRID        4230        0.1075  0.065   0.      
GRID        4231        0.11    0.065   0.      
GRID        4232        0.1125  0.065   0.      
GRID        4233        0.115   0.065   0.      
GRID        4234        0.1175  0.065   0.      
GRID        4235        0.12    0.065   0.      
GRID        4236        0.1225  0.065   0.      
GRID        4237        0.125   0.065   0.      
GRID        4238        0.1275  0.065   0.      
GRID        4239        0.13    0.065   0.      
GRID        4240        0.1325  0.065   0.      
GRID        4241        0.135   0.065   0.      
GRID        4242        0.1375  0.065   0.      
GRID        4243        0.14    0.065   0.      
GRID        4244        0.1425  0.065   0.      
GRID        4245        0.145   0.065   0.      
GRID        4246        0.1475  0.065   0.      
GRID        4247        0.15    0.065   0.      
GRID        4248        0.1525  0.065   0.      
GRID        4249        0.155   0.065   0.      
GRID        4250        0.1575  0.065   0.      
GRID        4251        0.16    0.065   0.      
GRID        4252        0.1625  0.065   0.      
GRID        4253        0.165   0.065   0.      
GRID        4254        0.1675  0.065   0.      
GRID        4255        0.17    0.065   0.      
GRID        4256        0.1725  0.065   0.      
GRID        4257        0.175   0.065   0.      
GRID        4258        0.1775  0.065   0.      
GRID        4259        0.18    0.065   0.      
GRID        4260        0.1825  0.065   0.      
GRID        4261        0.185   0.065   0.      
GRID        4262        0.1875  0.065   0.      
GRID        4263        0.19    0.065   0.      
GRID        4264        0.1925  0.065   0.      
GRID        4265        0.195   0.065   0.      
GRID        4266        0.1975  0.065   0.      
GRID        4267        0.2     0.065   0.      
GRID        4268        0.2025  0.065   0.      
GRID        4269        0.205   0.065   0.      
GRID        4270        0.2075  0.065   0.      
GRID        4271        0.21    0.065   0.      
GRID        4272        0.2125  0.065   0.      
GRID        4273        0.215   0.065   0.      
GRID        4274        0.2175  0.065   0.      
GRID        4275        0.22    0.065   0.      
GRID        4276        0.2225  0.065   0.      
GRID        4277        0.225   0.065   0.      
GRID        4278        0.2275  0.065   0.      
GRID        4279        0.23    0.065   0.      
GRID        4280        0.2325  0.065   0.      
GRID        4281        0.235   0.065   0.      
GRID        4282        0.2375  0.065   0.      
GRID        4283        0.24    0.065   0.      
GRID        4284        0.2425  0.065   0.      
GRID        4285        0.245   0.065   0.      
GRID        4286        0.2475  0.065   0.      
GRID        4287        0.25    0.065   0.      
GRID        4288        0.2525  0.065   0.      
GRID        4289        0.255   0.065   0.      
GRID        4290        0.2575  0.065   0.      
GRID        4291        0.26    0.065   0.      
GRID        4292        0.2625  0.065   0.      
GRID        4293        0.265   0.065   0.      
GRID        4294        0.2675  0.065   0.      
GRID        4295        0.27    0.065   0.      
GRID        4296        0.2725  0.065   0.      
GRID        4297        0.275   0.065   0.      
GRID        4298        0.2775  0.065   0.      
GRID        4299        0.28    0.065   0.      
GRID        4300        0.2825  0.065   0.      
GRID        4301        0.285   0.065   0.      
GRID        4302        0.2875  0.065   0.      
GRID        4303        0.29    0.065   0.      
GRID        4304        0.2925  0.065   0.      
GRID        4305        0.295   0.065   0.      
GRID        4306        0.2975  0.065   0.      
GRID        4307        0.3     0.065   0.      
GRID        4308        0.3025  0.065   0.      
GRID        4309        0.305   0.065   0.      
GRID        4310        0.3075  0.065   0.      
GRID        4311        0.31    0.065   0.      
GRID        4312        0.3125  0.065   0.      
GRID        4313        0.315   0.065   0.      
GRID        4314        0.3175  0.065   0.      
GRID        4315        0.32    0.065   0.      
GRID        4316        0.3225  0.065   0.      
GRID        4317        0.325   0.065   0.      
GRID        4318        0.3275  0.065   0.      
GRID        4319        0.33    0.065   0.      
GRID        4320        0.3325  0.065   0.      
GRID        4321        0.335   0.065   0.      
GRID        4322        0.3375  0.065   0.      
GRID        4323        0.34    0.065   0.      
GRID        4324        0.3425  0.065   0.      
GRID        4325        0.345   0.065   0.      
GRID        4326        0.3475  0.065   0.      
GRID        4327        0.35    0.065   0.      
GRID        4328        0.3525  0.065   0.      
GRID        4329        0.355   0.065   0.      
GRID        4330        0.3575  0.065   0.      
GRID        4331        0.36    0.065   0.      
GRID        4332        0.3625  0.065   0.      
GRID        4333        0.365   0.065   0.      
GRID        4334        0.3675  0.065   0.      
GRID        4335        0.37    0.065   0.      
GRID        4336        0.3725  0.065   0.      
GRID        4337        0.375   0.065   0.      
GRID        4338        0.3775  0.065   0.      
GRID        4339        0.38    0.065   0.      
GRID        4340        0.3825  0.065   0.      
GRID        4341        0.385   0.065   0.      
GRID        4342        0.3875  0.065   0.      
GRID        4343        0.39    0.065   0.      
GRID        4344        0.3925  0.065   0.      
GRID        4345        0.395   0.065   0.      
GRID        4346        0.3975  0.065   0.      
GRID        4347        0.4     0.065   0.      
GRID        4348        0.      0.0675  0.      
GRID        4349        0.0025  0.0675  0.      
GRID        4350        0.005   0.0675  0.      
GRID        4351        0.0075  0.0675  0.      
GRID        4352        0.01    0.0675  0.      
GRID        4353        0.0125  0.0675  0.      
GRID        4354        0.015   0.0675  0.      
GRID        4355        0.0175  0.0675  0.      
GRID        4356        0.02    0.0675  0.      
GRID        4357        0.0225  0.0675  0.      
GRID        4358        0.025   0.0675  0.      
GRID        4359        0.0275  0.0675  0.      
GRID        4360        0.03    0.0675  0.      
GRID        4361        0.0325  0.0675  0.      
GRID        4362        0.035   0.0675  0.      
GRID        4363        0.0375  0.0675  0.      
GRID        4364        0.04    0.0675  0.      
GRID        4365        0.0425  0.0675  0.      
GRID        4366        0.045   0.0675  0.      
GRID        4367        0.0475  0.0675  0.      
GRID        4368        0.05    0.0675  0.      
GRID        4369        0.0525  0.0675  0.      
GRID        4370        0.055   0.0675  0.      
GRID        4371        0.0575  0.0675  0.      
GRID        4372        0.06    0.0675  0.      
GRID        4373        0.0625  0.0675  0.      
GRID        4374        0.065   0.0675  0.      
GRID        4375        0.0675  0.0675  0.      
GRID        4376        0.07    0.0675  0.      
GRID        4377        0.0725  0.0675  0.      
GRID        4378        0.075   0.0675  0.      
GRID        4379        0.0775  0.0675  0.      
GRID        4380        0.08    0.0675  0.      
GRID        4381        0.0825  0.0675  0.      
GRID        4382        0.085   0.0675  0.      
GRID        4383        0.0875  0.0675  0.      
GRID        4384        0.09    0.0675  0.      
GRID        4385        0.0925  0.0675  0.      
GRID        4386        0.095   0.0675  0.      
GRID        4387        0.0975  0.0675  0.      
GRID        4388        0.1     0.0675  0.      
GRID        4389        0.1025  0.0675  0.      
GRID        4390        0.105   0.0675  0.      
GRID        4391        0.1075  0.0675  0.      
GRID        4392        0.11    0.0675  0.      
GRID        4393        0.1125  0.0675  0.      
GRID        4394        0.115   0.0675  0.      
GRID        4395        0.1175  0.0675  0.      
GRID        4396        0.12    0.0675  0.      
GRID        4397        0.1225  0.0675  0.      
GRID        4398        0.125   0.0675  0.      
GRID        4399        0.1275  0.0675  0.      
GRID        4400        0.13    0.0675  0.      
GRID        4401        0.1325  0.0675  0.      
GRID        4402        0.135   0.0675  0.      
GRID        4403        0.1375  0.0675  0.      
GRID        4404        0.14    0.0675  0.      
GRID        4405        0.1425  0.0675  0.      
GRID        4406        0.145   0.0675  0.      
GRID        4407        0.1475  0.0675  0.      
GRID        4408        0.15    0.0675  0.      
GRID        4409        0.1525  0.0675  0.      
GRID        4410        0.155   0.0675  0.      
GRID        4411        0.1575  0.0675  0.      
GRID        4412        0.16    0.0675  0.      
GRID        4413        0.1625  0.0675  0.      
GRID        4414        0.165   0.0675  0.      
GRID        4415        0.1675  0.0675  0.      
GRID        4416        0.17    0.0675  0.      
GRID        4417        0.1725  0.0675  0.      
GRID        4418        0.175   0.0675  0.      
GRID        4419        0.1775  0.0675  0.      
GRID        4420        0.18    0.0675  0.      
GRID        4421        0.1825  0.0675  0.      
GRID        4422        0.185   0.0675  0.      
GRID        4423        0.1875  0.0675  0.      
GRID        4424        0.19    0.0675  0.      
GRID        4425        0.1925  0.0675  0.      
GRID        4426        0.195   0.0675  0.      
GRID        4427        0.1975  0.0675  0.      
GRID        4428        0.2     0.0675  0.      
GRID        4429        0.2025  0.0675  0.      
GRID        4430        0.205   0.0675  0.      
GRID        4431        0.2075  0.0675  0.      
GRID        4432        0.21    0.0675  0.      
GRID        4433        0.2125  0.0675  0.      
GRID        4434        0.215   0.0675  0.      
GRID        4435        0.2175  0.0675  0.      
GRID        4436        0.22    0.0675  0.      
GRID        4437        0.2225  0.0675  0.      
GRID        4438        0.225   0.0675  0.      
GRID        4439        0.2275  0.0675  0.      
GRID        4440        0.23    0.0675  0.      
GRID        4441        0.2325  0.0675  0.      
GRID        4442        0.235   0.0675  0.      
GRID        4443        0.2375  0.0675  0.      
GRID        4444        0.24    0.0675  0.      
GRID        4445        0.2425  0.0675  0.      
GRID        4446        0.245   0.0675  0.      
GRID        4447        0.2475  0.0675  0.      
GRID        4448        0.25    0.0675  0.      
GRID        4449        0.2525  0.0675  0.      
GRID        4450        0.255   0.0675  0.      
GRID        4451        0.2575  0.0675  0.      
GRID        4452        0.26    0.0675  0.      
GRID        4453        0.2625  0.0675  0.      
GRID        4454        0.265   0.0675  0.      
GRID        4455        0.2675  0.0675  0.      
GRID        4456        0.27    0.0675  0.      
GRID        4457        0.2725  0.0675  0.      
GRID        4458        0.275   0.0675  0.      
GRID        4459        0.2775  0.0675  0.      
GRID        4460        0.28    0.0675  0.      
GRID        4461        0.2825  0.0675  0.      
GRID        4462        0.285   0.0675  0.      
GRID        4463        0.2875  0.0675  0.      
GRID        4464        0.29    0.0675  0.      
GRID        4465        0.2925  0.0675  0.      
GRID        4466        0.295   0.0675  0.      
GRID        4467        0.2975  0.0675  0.      
GRID        4468        0.3     0.0675  0.      
GRID        4469        0.3025  0.0675  0.      
GRID        4470        0.305   0.0675  0.      
GRID        4471        0.3075  0.0675  0.      
GRID        4472        0.31    0.0675  0.      
GRID        4473        0.3125  0.0675  0.      
GRID        4474        0.315   0.0675  0.      
GRID        4475        0.3175  0.0675  0.      
GRID        4476        0.32    0.0675  0.      
GRID        4477        0.3225  0.0675  0.      
GRID        4478        0.325   0.0675  0.      
GRID        4479        0.3275  0.0675  0.      
GRID        4480        0.33    0.0675  0.      
GRID        4481        0.3325  0.0675  0.      
GRID        4482        0.335   0.0675  0.      
GRID        4483        0.3375  0.0675  0.      
GRID        4484        0.34    0.0675  0.      
GRID        4485        0.3425  0.0675  0.      
GRID        4486        0.345   0.0675  0.      
GRID        4487        0.3475  0.0675  0.      
GRID        4488        0.35    0.0675  0.      
GRID        4489        0.3525  0.0675  0.      
GRID        4490        0.355   0.0675  0.      
GRID        4491        0.3575  0.0675  0.      
GRID        4492        0.36    0.0675  0.      
GRID        4493        0.3625  0.0675  0.      
GRID        4494        0.365   0.0675  0.      
GRID        4495        0.3675  0.0675  0.      
GRID        4496        0.37    0.0675  0.      
GRID        4497        0.3725  0.0675  0.      
GRID        4498        0.375   0.0675  0.      
GRID        4499        0.3775  0.0675  0.      
GRID        4500        0.38    0.0675  0.      
GRID        4501        0.3825  0.0675  0.      
GRID        4502        0.385   0.0675  0.      
GRID        4503        0.3875  0.0675  0.      
GRID        4504        0.39    0.0675  0.      
GRID        4505        0.3925  0.0675  0.      
GRID        4506        0.395   0.0675  0.      
GRID        4507        0.3975  0.0675  0.      
GRID        4508        0.4     0.0675  0.      
GRID        4509        0.      0.07    0.      
GRID        4510        0.0025  0.07    0.      
GRID        4511        0.005   0.07    0.      
GRID        4512        0.0075  0.07    0.      
GRID        4513        0.01    0.07    0.      
GRID        4514        0.0125  0.07    0.      
GRID        4515        0.015   0.07    0.      
GRID        4516        0.0175  0.07    0.      
GRID        4517        0.02    0.07    0.      
GRID        4518        0.0225  0.07    0.      
GRID        4519        0.025   0.07    0.      
GRID        4520        0.0275  0.07    0.      
GRID        4521        0.03    0.07    0.      
GRID        4522        0.0325  0.07    0.      
GRID        4523        0.035   0.07    0.      
GRID        4524        0.0375  0.07    0.      
GRID        4525        0.04    0.07    0.      
GRID        4526        0.0425  0.07    0.      
GRID        4527        0.045   0.07    0.      
GRID        4528        0.0475  0.07    0.      
GRID        4529        0.05    0.07    0.      
GRID        4530        0.0525  0.07    0.      
GRID        4531        0.055   0.07    0.      
GRID        4532        0.0575  0.07    0.      
GRID        4533        0.06    0.07    0.      
GRID        4534        0.0625  0.07    0.      
GRID        4535        0.065   0.07    0.      
GRID        4536        0.0675  0.07    0.      
GRID        4537        0.07    0.07    0.      
GRID        4538        0.0725  0.07    0.      
GRID        4539        0.075   0.07    0.      
GRID        4540        0.0775  0.07    0.      
GRID        4541        0.08    0.07    0.      
GRID        4542        0.0825  0.07    0.      
GRID        4543        0.085   0.07    0.      
GRID        4544        0.0875  0.07    0.      
GRID        4545        0.09    0.07    0.      
GRID        4546        0.0925  0.07    0.      
GRID        4547        0.095   0.07    0.      
GRID        4548        0.0975  0.07    0.      
GRID        4549        0.1     0.07    0.      
GRID        4550        0.1025  0.07    0.      
GRID        4551        0.105   0.07    0.      
GRID        4552        0.1075  0.07    0.      
GRID        4553        0.11    0.07    0.      
GRID        4554        0.1125  0.07    0.      
GRID        4555        0.115   0.07    0.      
GRID        4556        0.1175  0.07    0.      
GRID        4557        0.12    0.07    0.      
GRID        4558        0.1225  0.07    0.      
GRID        4559        0.125   0.07    0.      
GRID        4560        0.1275  0.07    0.      
GRID        4561        0.13    0.07    0.      
GRID        4562        0.1325  0.07    0.      
GRID        4563        0.135   0.07    0.      
GRID        4564        0.1375  0.07    0.      
GRID        4565        0.14    0.07    0.      
GRID        4566        0.1425  0.07    0.      
GRID        4567        0.145   0.07    0.      
GRID        4568        0.1475  0.07    0.      
GRID        4569        0.15    0.07    0.      
GRID        4570        0.1525  0.07    0.      
GRID        4571        0.155   0.07    0.      
GRID        4572        0.1575  0.07    0.      
GRID        4573        0.16    0.07    0.      
GRID        4574        0.1625  0.07    0.      
GRID        4575        0.165   0.07    0.      
GRID        4576        0.1675  0.07    0.      
GRID        4577        0.17    0.07    0.      
GRID        4578        0.1725  0.07    0.      
GRID        4579        0.175   0.07    0.      
GRID        4580        0.1775  0.07    0.      
GRID        4581        0.18    0.07    0.      
GRID        4582        0.1825  0.07    0.      
GRID        4583        0.185   0.07    0.      
GRID        4584        0.1875  0.07    0.      
GRID        4585        0.19    0.07    0.      
GRID        4586        0.1925  0.07    0.      
GRID        4587        0.195   0.07    0.      
GRID        4588        0.1975  0.07    0.      
GRID        4589        0.2     0.07    0.      
GRID        4590        0.2025  0.07    0.      
GRID        4591        0.205   0.07    0.      
GRID        4592        0.2075  0.07    0.      
GRID        4593        0.21    0.07    0.      
GRID        4594        0.2125  0.07    0.      
GRID        4595        0.215   0.07    0.      
GRID        4596        0.2175  0.07    0.      
GRID        4597        0.22    0.07    0.      
GRID        4598        0.2225  0.07    0.      
GRID        4599        0.225   0.07    0.      
GRID        4600        0.2275  0.07    0.      
GRID        4601        0.23    0.07    0.      
GRID        4602        0.2325  0.07    0.      
GRID        4603        0.235   0.07    0.      
GRID        4604        0.2375  0.07    0.      
GRID        4605        0.24    0.07    0.      
GRID        4606        0.2425  0.07    0.      
GRID        4607        0.245   0.07    0.      
GRID        4608        0.2475  0.07    0.      
GRID        4609        0.25    0.07    0.      
GRID        4610        0.2525  0.07    0.      
GRID        4611        0.255   0.07    0.      
GRID        4612        0.2575  0.07    0.      
GRID        4613        0.26    0.07    0.      
GRID        4614        0.2625  0.07    0.      
GRID        4615        0.265   0.07    0.      
GRID        4616        0.2675  0.07    0.      
GRID        4617        0.27    0.07    0.      
GRID        4618        0.2725  0.07    0.      
GRID        4619        0.275   0.07    0.      
GRID        4620        0.2775  0.07    0.      
GRID        4621        0.28    0.07    0.      
GRID        4622        0.2825  0.07    0.      
GRID        4623        0.285   0.07    0.      
GRID        4624        0.2875  0.07    0.      
GRID        4625        0.29    0.07    0.      
GRID        4626        0.2925  0.07    0.      
GRID        4627        0.295   0.07    0.      
GRID        4628        0.2975  0.07    0.      
GRID        4629        0.3     0.07    0.      
GRID        4630        0.3025  0.07    0.      
GRID        4631        0.305   0.07    0.      
GRID        4632        0.3075  0.07    0.      
GRID        4633        0.31    0.07    0.      
GRID        4634        0.3125  0.07    0.      
GRID        4635        0.315   0.07    0.      
GRID        4636        0.3175  0.07    0.      
GRID        4637        0.32    0.07    0.      
GRID        4638        0.3225  0.07    0.      
GRID        4639        0.325   0.07    0.      
GRID        4640        0.3275  0.07    0.      
GRID        4641        0.33    0.07    0.      
GRID        4642        0.3325  0.07    0.      
GRID        4643        0.335   0.07    0.      
GRID        4644        0.3375  0.07    0.      
GRID        4645        0.34    0.07    0.      
GRID        4646        0.3425  0.07    0.      
GRID        4647        0.345   0.07    0.      
GRID        4648        0.3475  0.07    0.      
GRID        4649        0.35    0.07    0.      
GRID        4650        0.3525  0.07    0.      
GRID        4651        0.355   0.07    0.      
GRID        4652        0.3575  0.07    0.      
GRID        4653        0.36    0.07    0.      
GRID        4654        0.3625  0.07    0.      
GRID        4655        0.365   0.07    0.      
GRID        4656        0.3675  0.07    0.      
GRID        4657        0.37    0.07    0.      
GRID        4658        0.3725  0.07    0.      
GRID        4659        0.375   0.07    0.      
GRID        4660        0.3775  0.07    0.      
GRID        4661        0.38    0.07    0.      
GRID        4662        0.3825  0.07    0.      
GRID        4663        0.385   0.07    0.      
GRID        4664        0.3875  0.07    0.      
GRID        4665        0.39    0.07    0.      
GRID        4666        0.3925  0.07    0.      
GRID        4667        0.395   0.07    0.      
GRID        4668        0.3975  0.07    0.      
GRID        4669        0.4     0.07    0.      
GRID        4670        0.      0.0725  0.      
GRID        4671        0.0025  0.0725  0.      
GRID        4672        0.005   0.0725  0.      
GRID        4673        0.0075  0.0725  0.      
GRID        4674        0.01    0.0725  0.      
GRID        4675        0.0125  0.0725  0.      
GRID        4676        0.015   0.0725  0.      
GRID        4677        0.0175  0.0725  0.      
GRID        4678        0.02    0.0725  0.      
GRID        4679        0.0225  0.0725  0.      
GRID        4680        0.025   0.0725  0.      
GRID        4681        0.0275  0.0725  0.      
GRID        4682        0.03    0.0725  0.      
GRID        4683        0.0325  0.0725  0.      
GRID        4684        0.035   0.0725  0.      
GRID        4685        0.0375  0.0725  0.      
GRID        4686        0.04    0.0725  0.      
GRID        4687        0.0425  0.0725  0.      
GRID        4688        0.045   0.0725  0.      
GRID        4689        0.0475  0.0725  0.      
GRID        4690        0.05    0.0725  0.      
GRID        4691        0.0525  0.0725  0.      
GRID        4692        0.055   0.0725  0.      
GRID        4693        0.0575  0.0725  0.      
GRID        4694        0.06    0.0725  0.      
GRID        4695        0.0625  0.0725  0.      
GRID        4696        0.065   0.0725  0.      
GRID        4697        0.0675  0.0725  0.      
GRID        4698        0.07    0.0725  0.      
GRID        4699        0.0725  0.0725  0.      
GRID        4700        0.075   0.0725  0.      
GRID        4701        0.0775  0.0725  0.      
GRID        4702        0.08    0.0725  0.      
GRID        4703        0.0825  0.0725  0.      
GRID        4704        0.085   0.0725  0.      
GRID        4705        0.0875  0.0725  0.      
GRID        4706        0.09    0.0725  0.      
GRID        4707        0.0925  0.0725  0.      
GRID        4708        0.095   0.0725  0.      
GRID        4709        0.0975  0.0725  0.      
GRID        4710        0.1     0.0725  0.      
GRID        4711        0.1025  0.0725  0.      
GRID        4712        0.105   0.0725  0.      
GRID        4713        0.1075  0.0725  0.      
GRID        4714        0.11    0.0725  0.      
GRID        4715        0.1125  0.0725  0.      
GRID        4716        0.115   0.0725  0.      
GRID        4717        0.1175  0.0725  0.      
GRID        4718        0.12    0.0725  0.      
GRID        4719        0.1225  0.0725  0.      
GRID        4720        0.125   0.0725  0.      
GRID        4721        0.1275  0.0725  0.      
GRID        4722        0.13    0.0725  0.      
GRID        4723        0.1325  0.0725  0.      
GRID        4724        0.135   0.0725  0.      
GRID        4725        0.1375  0.0725  0.      
GRID        4726        0.14    0.0725  0.      
GRID        4727        0.1425  0.0725  0.      
GRID        4728        0.145   0.0725  0.      
GRID        4729        0.1475  0.0725  0.      
GRID        4730        0.15    0.0725  0.      
GRID        4731        0.1525  0.0725  0.      
GRID        4732        0.155   0.0725  0.      
GRID        4733        0.1575  0.0725  0.      
GRID        4734        0.16    0.0725  0.      
GRID        4735        0.1625  0.0725  0.      
GRID        4736        0.165   0.0725  0.      
GRID        4737        0.1675  0.0725  0.      
GRID        4738        0.17    0.0725  0.      
GRID        4739        0.1725  0.0725  0.      
GRID        4740        0.175   0.0725  0.      
GRID        4741        0.1775  0.0725  0.      
GRID        4742        0.18    0.0725  0.      
GRID        4743        0.1825  0.0725  0.      
GRID        4744        0.185   0.0725  0.      
GRID        4745        0.1875  0.0725  0.      
GRID        4746        0.19    0.0725  0.      
GRID        4747        0.1925  0.0725  0.      
GRID        4748        0.195   0.0725  0.      
GRID        4749        0.1975  0.0725  0.      
GRID        4750        0.2     0.0725  0.      
GRID        4751        0.2025  0.0725  0.      
GRID        4752        0.205   0.0725  0.      
GRID        4753        0.2075  0.0725  0.      
GRID        4754        0.21    0.0725  0.      
GRID        4755        0.2125  0.0725  0.      
GRID        4756        0.215   0.0725  0.      
GRID        4757        0.2175  0.0725  0.      
GRID        4758        0.22    0.0725  0.      
GRID        4759        0.2225  0.0725  0.      
GRID        4760        0.225   0.0725  0.      
GRID        4761        0.2275  0.0725  0.      
GRID        4762        0.23    0.0725  0.      
GRID        4763        0.2325  0.0725  0.      
GRID        4764        0.235   0.0725  0.      
GRID        4765        0.2375  0.0725  0.      
GRID        4766        0.24    0.0725  0.      
GRID        4767        0.2425  0.0725  0.      
GRID        4768        0.245   0.0725  0.      
GRID        4769        0.2475  0.0725  0.      
GRID        4770        0.25    0.0725  0.      
GRID        4771        0.2525  0.0725  0.      
GRID        4772        0.255   0.0725  0.      
GRID        4773        0.2575  0.0725  0.      
GRID        4774        0.26    0.0725  0.      
GRID        4775        0.2625  0.0725  0.      
GRID        4776        0.265   0.0725  0.      
GRID        4777        0.2675  0.0725  0.      
GRID        4778        0.27    0.0725  0.      
GRID        4779        0.2725  0.0725  0.      
GRID        4780        0.275   0.0725  0.      
GRID        4781        0.2775  0.0725  0.      
GRID        4782        0.28    0.0725  0.      
GRID        4783        0.2825  0.0725  0.      
GRID        4784        0.285   0.0725  0.      
GRID        4785        0.2875  0.0725  0.      
GRID        4786        0.29    0.0725  0.      
GRID        4787        0.2925  0.0725  0.      
GRID        4788        0.295   0.0725  0.      
GRID        4789        0.2975  0.0725  0.      
GRID        4790        0.3     0.0725  0.      
GRID        4791        0.3025  0.0725  0.      
GRID        4792        0.305   0.0725  0.      
GRID        4793        0.3075  0.0725  0.      
GRID        4794        0.31    0.0725  0.      
GRID        4795        0.3125  0.0725  0.      
GRID        4796        0.315   0.0725  0.      
GRID        4797        0.3175  0.0725  0.      
GRID        4798        0.32    0.0725  0.      
GRID        4799        0.3225  0.0725  0.      
GRID        4800        0.325   0.0725  0.      
GRID        4801        0.3275  0.0725  0.      
GRID        4802        0.33    0.0725  0.      
GRID        4803        0.3325  0.0725  0.      
GRID        4804        0.335   0.0725  0.      
GRID        4805        0.3375  0.0725  0.      
GRID        4806        0.34    0.0725  0.      
GRID        4807        0.3425  0.0725  0.      
GRID        4808        0.345   0.0725  0.      
GRID        4809        0.3475  0.0725  0.      
GRID        4810        0.35    0.0725  0.      
GRID        4811        0.3525  0.0725  0.      
GRID        4812        0.355   0.0725  0.      
GRID        4813        0.3575  0.0725  0.      
GRID        4814        0.36    0.0725  0.      
GRID        4815        0.3625  0.0725  0.      
GRID        4816        0.365   0.0725  0.      
GRID        4817        0.3675  0.0725  0.      
GRID        4818        0.37    0.0725  0.      
GRID        4819        0.3725  0.0725  0.      
GRID        4820        0.375   0.0725  0.      
GRID        4821        0.3775  0.0725  0.      
GRID        4822        0.38    0.0725  0.      
GRID        4823        0.3825  0.0725  0.      
GRID        4824        0.385   0.0725  0.      
GRID        4825        0.3875  0.0725  0.      
GRID        4826        0.39    0.0725  0.      
GRID        4827        0.3925  0.0725  0.      
GRID        4828        0.395   0.0725  0.      
GRID        4829        0.3975  0.0725  0.      
GRID        4830        0.4     0.0725  0.      
GRID        4831        0.      0.075   0.      
GRID        4832        0.0025  0.075   0.      
GRID        4833        0.005   0.075   0.      
GRID        4834        0.0075  0.075   0.      
GRID        4835        0.01    0.075   0.      
GRID        4836        0.0125  0.075   0.      
GRID        4837        0.015   0.075   0.      
GRID        4838        0.0175  0.075   0.      
GRID        4839        0.02    0.075   0.      
GRID        4840        0.0225  0.075   0.      
GRID        4841        0.025   0.075   0.      
GRID        4842        0.0275  0.075   0.      
GRID        4843        0.03    0.075   0.      
GRID        4844        0.0325  0.075   0.      
GRID        4845        0.035   0.075   0.      
GRID        4846        0.0375  0.075   0.      
GRID        4847        0.04    0.075   0.      
GRID        4848        0.0425  0.075   0.      
GRID        4849        0.045   0.075   0.      
GRID        4850        0.0475  0.075   0.      
GRID        4851        0.05    0.075   0.      
GRID        4852        0.0525  0.075   0.      
GRID        4853        0.055   0.075   0.      
GRID        4854        0.0575  0.075   0.      
GRID        4855        0.06    0.075   0.      
GRID        4856        0.0625  0.075   0.      
GRID        4857        0.065   0.075   0.      
GRID        4858        0.0675  0.075   0.      
GRID        4859        0.07    0.075   0.      
GRID        4860        0.0725  0.075   0.      
GRID        4861        0.075   0.075   0.      
GRID        4862        0.0775  0.075   0.      
GRID        4863        0.08    0.075   0.      
GRID        4864        0.0825  0.075   0.      
GRID        4865        0.085   0.075   0.      
GRID        4866        0.0875  0.075   0.      
GRID        4867        0.09    0.075   0.      
GRID        4868        0.0925  0.075   0.      
GRID        4869        0.095   0.075   0.      
GRID        4870        0.0975  0.075   0.      
GRID        4871        0.1     0.075   0.      
GRID        4872        0.1025  0.075   0.      
GRID        4873        0.105   0.075   0.      
GRID        4874        0.1075  0.075   0.      
GRID        4875        0.11    0.075   0.      
GRID        4876        0.1125  0.075   0.      
GRID        4877        0.115   0.075   0.      
GRID        4878        0.1175  0.075   0.      
GRID        4879        0.12    0.075   0.      
GRID        4880        0.1225  0.075   0.      
GRID        4881        0.125   0.075   0.      
GRID        4882        0.1275  0.075   0.      
GRID        4883        0.13    0.075   0.      
GRID        4884        0.1325  0.075   0.      
GRID        4885        0.135   0.075   0.      
GRID        4886        0.1375  0.075   0.      
GRID        4887        0.14    0.075   0.      
GRID        4888        0.1425  0.075   0.      
GRID        4889        0.145   0.075   0.      
GRID        4890        0.1475  0.075   0.      
GRID        4891        0.15    0.075   0.      
GRID        4892        0.1525  0.075   0.      
GRID        4893        0.155   0.075   0.      
GRID        4894        0.1575  0.075   0.      
GRID        4895        0.16    0.075   0.      
GRID        4896        0.1625  0.075   0.      
GRID        4897        0.165   0.075   0.      
GRID        4898        0.1675  0.075   0.      
GRID        4899        0.17    0.075   0.      
GRID        4900        0.1725  0.075   0.      
GRID        4901        0.175   0.075   0.      
GRID        4902        0.1775  0.075   0.      
GRID        4903        0.18    0.075   0.      
GRID        4904        0.1825  0.075   0.      
GRID        4905        0.185   0.075   0.      
GRID        4906        0.1875  0.075   0.      
GRID        4907        0.19    0.075   0.      
GRID        4908        0.1925  0.075   0.      
GRID        4909        0.195   0.075   0.      
GRID        4910        0.1975  0.075   0.      
GRID        4911        0.2     0.075   0.      
GRID        4912        0.2025  0.075   0.      
GRID        4913        0.205   0.075   0.      
GRID        4914        0.2075  0.075   0.      
GRID        4915        0.21    0.075   0.      
GRID        4916        0.2125  0.075   0.      
GRID        4917        0.215   0.075   0.      
GRID        4918        0.2175  0.075   0.      
GRID        4919        0.22    0.075   0.      
GRID        4920        0.2225  0.075   0.      
GRID        4921        0.225   0.075   0.      
GRID        4922        0.2275  0.075   0.      
GRID        4923        0.23    0.075   0.      
GRID        4924        0.2325  0.075   0.      
GRID        4925        0.235   0.075   0.      
GRID        4926        0.2375  0.075   0.      
GRID        4927        0.24    0.075   0.      
GRID        4928        0.2425  0.075   0.      
GRID        4929        0.245   0.075   0.      
GRID        4930        0.2475  0.075   0.      
GRID        4931        0.25    0.075   0.      
GRID        4932        0.2525  0.075   0.      
GRID        4933        0.255   0.075   0.      
GRID        4934        0.2575  0.075   0.      
GRID        4935        0.26    0.075   0.      
GRID        4936        0.2625  0.075   0.      
GRID        4937        0.265   0.075   0.      
GRID        4938        0.2675  0.075   0.      
GRID        4939        0.27    0.075   0.      
GRID        4940        0.2725  0.075   0.      
GRID        4941        0.275   0.075   0.      
GRID        4942        0.2775  0.075   0.      
GRID        4943        0.28    0.075   0.      
GRID        4944        0.2825  0.075   0.      
GRID        4945        0.285   0.075   0.      
GRID        4946        0.2875  0.075   0.      
GRID        4947        0.29    0.075   0.      
GRID        4948        0.2925  0.075   0.      
GRID        4949        0.295   0.075   0.      
GRID        4950        0.2975  0.075   0.      
GRID        4951        0.3     0.075   0.      
GRID        4952        0.3025  0.075   0.      
GRID        4953        0.305   0.075   0.      
GRID        4954        0.3075  0.075   0.      
GRID        4955        0.31    0.075   0.      
GRID        4956        0.3125  0.075   0.      
GRID        4957        0.315   0.075   0.      
GRID        4958        0.3175  0.075   0.      
GRID        4959        0.32    0.075   0.      
GRID        4960        0.3225  0.075   0.      
GRID        4961        0.325   0.075   0.      
GRID        4962        0.3275  0.075   0.      
GRID        4963        0.33    0.075   0.      
GRID        4964        0.3325  0.075   0.      
GRID        4965        0.335   0.075   0.      
GRID        4966        0.3375  0.075   0.      
GRID        4967        0.34    0.075   0.      
GRID        4968        0.3425  0.075   0.      
GRID        4969        0.345   0.075   0.      
GRID        4970        0.3475  0.075   0.      
GRID        4971        0.35    0.075   0.      
GRID        4972        0.3525  0.075   0.      
GRID        4973        0.355   0.075   0.      
GRID        4974        0.3575  0.075   0.      
GRID        4975        0.36    0.075   0.      
GRID        4976        0.3625  0.075   0.      
GRID        4977        0.365   0.075   0.      
GRID        4978        0.3675  0.075   0.      
GRID        4979        0.37    0.075   0.      
GRID        4980        0.3725  0.075   0.      
GRID        4981        0.375   0.075   0.      
GRID        4982        0.3775  0.075   0.      
GRID        4983        0.38    0.075   0.      
GRID        4984        0.3825  0.075   0.      
GRID        4985        0.385   0.075   0.      
GRID        4986        0.3875  0.075   0.      
GRID        4987        0.39    0.075   0.      
GRID        4988        0.3925  0.075   0.      
GRID        4989        0.395   0.075   0.      
GRID        4990        0.3975  0.075   0.      
GRID        4991        0.4     0.075   0.      
GRID        4992        0.      0.0775  0.      
GRID        4993        0.0025  0.0775  0.      
GRID        4994        0.005   0.0775  0.      
GRID        4995        0.0075  0.0775  0.      
GRID        4996        0.01    0.0775  0.      
GRID        4997        0.0125  0.0775  0.      
GRID        4998        0.015   0.0775  0.      
GRID        4999        0.0175  0.0775  0.      
GRID        5000        0.02    0.0775  0.      
GRID        5001        0.0225  0.0775  0.      
GRID        5002        0.025   0.0775  0.      
GRID        5003        0.0275  0.0775  0.      
GRID        5004        0.03    0.0775  0.      
GRID        5005        0.0325  0.0775  0.      
GRID        5006        0.035   0.0775  0.      
GRID        5007        0.0375  0.0775  0.      
GRID        5008        0.04    0.0775  0.      
GRID        5009        0.0425  0.0775  0.      
GRID        5010        0.045   0.0775  0.      
GRID        5011        0.0475  0.0775  0.      
GRID        5012        0.05    0.0775  0.      
GRID        5013        0.0525  0.0775  0.      
GRID        5014        0.055   0.0775  0.      
GRID        5015        0.0575  0.0775  0.      
GRID        5016        0.06    0.0775  0.      
GRID        5017        0.0625  0.0775  0.      
GRID        5018        0.065   0.0775  0.      
GRID        5019        0.0675  0.0775  0.      
GRID        5020        0.07    0.0775  0.      
GRID        5021        0.0725  0.0775  0.      
GRID        5022        0.075   0.0775  0.      
GRID        5023        0.0775  0.0775  0.      
GRID        5024        0.08    0.0775  0.      
GRID        5025        0.0825  0.0775  0.      
GRID        5026        0.085   0.0775  0.      
GRID        5027        0.0875  0.0775  0.      
GRID        5028        0.09    0.0775  0.      
GRID        5029        0.0925  0.0775  0.      
GRID        5030        0.095   0.0775  0.      
GRID        5031        0.0975  0.0775  0.      
GRID        5032        0.1     0.0775  0.      
GRID        5033        0.1025  0.0775  0.      
GRID        5034        0.105   0.0775  0.      
GRID        5035        0.1075  0.0775  0.      
GRID        5036        0.11    0.0775  0.      
GRID        5037        0.1125  0.0775  0.      
GRID        5038        0.115   0.0775  0.      
GRID        5039        0.1175  0.0775  0.      
GRID        5040        0.12    0.0775  0.      
GRID        5041        0.1225  0.0775  0.      
GRID        5042        0.125   0.0775  0.      
GRID        5043        0.1275  0.0775  0.      
GRID        5044        0.13    0.0775  0.      
GRID        5045        0.1325  0.0775  0.      
GRID        5046        0.135   0.0775  0.      
GRID        5047        0.1375  0.0775  0.      
GRID        5048        0.14    0.0775  0.      
GRID        5049        0.1425  0.0775  0.      
GRID        5050        0.145   0.0775  0.      
GRID        5051        0.1475  0.0775  0.      
GRID        5052        0.15    0.0775  0.      
GRID        5053        0.1525  0.0775  0.      
GRID        5054        0.155   0.0775  0.      
GRID        5055        0.1575  0.0775  0.      
GRID        5056        0.16    0.0775  0.      
GRID        5057        0.1625  0.0775  0.      
GRID        5058        0.165   0.0775  0.      
GRID        5059        0.1675  0.0775  0.      
GRID        5060        0.17    0.0775  0.      
GRID        5061        0.1725  0.0775  0.      
GRID        5062        0.175   0.0775  0.      
GRID        5063        0.1775  0.0775  0.      
GRID        5064        0.18    0.0775  0.      
GRID        5065        0.1825  0.0775  0.      
GRID        5066        0.185   0.0775  0.      
GRID        5067        0.1875  0.0775  0.      
GRID        5068        0.19    0.0775  0.      
GRID        5069        0.1925  0.0775  0.      
GRID        5070        0.195   0.0775  0.      
GRID        5071        0.1975  0.0775  0.      
GRID        5072        0.2     0.0775  0.      
GRID        5073        0.2025  0.0775  0.      
GRID        5074        0.205   0.0775  0.      
GRID        5075        0.2075  0.0775  0.      
GRID        5076        0.21    0.0775  0.      
GRID        5077        0.2125  0.0775  0.      
GRID        5078        0.215   0.0775  0.      
GRID        5079        0.2175  0.0775  0.      
GRID        5080        0.22    0.0775  0.      
GRID        5081        0.2225  0.0775  0.      
GRID        5082        0.225   0.0775  0.      
GRID        5083        0.2275  0.0775  0.      
GRID        5084        0.23    0.0775  0.      
GRID        5085        0.2325  0.0775  0.      
GRID        5086        0.235   0.0775  0.      
GRID        5087        0.2375  0.0775  0.      
GRID        5088        0.24    0.0775  0.      
GRID        5089        0.2425  0.0775  0.      
GRID        5090        0.245   0.0775  0.      
GRID        5091        0.2475  0.0775  0.      
GRID        5092        0.25    0.0775  0.      
GRID        5093        0.2525  0.0775  0.      
GRID        5094        0.255   0.0775  0.      
GRID        5095        0.2575  0.0775  0.      
GRID        5096        0.26    0.0775  0.      
GRID        5097        0.2625  0.0775  0.      
GRID        5098        0.265   0.0775  0.      
GRID        5099        0.2675  0.0775  0.      
GRID        5100        0.27    0.0775  0.      
GRID        5101        0.2725  0.0775  0.      
GRID        5102        0.275   0.0775  0.      
GRID        5103        0.2775  0.0775  0.      
GRID        5104        0.28    0.0775  0.      
GRID        5105        0.2825  0.0775  0.      
GRID        5106        0.285   0.0775  0.      
GRID        5107        0.2875  0.0775  0.      
GRID        5108        0.29    0.0775  0.      
GRID        5109        0.2925  0.0775  0.      
GRID        5110        0.295   0.0775  0.      
GRID        5111        0.2975  0.0775  0.      
GRID        5112        0.3     0.0775  0.      
GRID        5113        0.3025  0.0775  0.      
GRID        5114        0.305   0.0775  0.      
GRID        5115        0.3075  0.0775  0.      
GRID        5116        0.31    0.0775  0.      
GRID        5117        0.3125  0.0775  0.      
GRID        5118        0.315   0.0775  0.      
GRID        5119        0.3175  0.0775  0.      
GRID        5120        0.32    0.0775  0.      
GRID        5121        0.3225  0.0775  0.      
GRID        5122        0.325   0.0775  0.      
GRID        5123        0.3275  0.0775  0.      
GRID        5124        0.33    0.0775  0.      
GRID        5125        0.3325  0.0775  0.      
GRID        5126        0.335   0.0775  0.      
GRID        5127        0.3375  0.0775  0.      
GRID        5128        0.34    0.0775  0.      
GRID        5129        0.3425  0.0775  0.      
GRID        5130        0.345   0.0775  0.      
GRID        5131        0.3475  0.0775  0.      
GRID        5132        0.35    0.0775  0.      
GRID        5133        0.3525  0.0775  0.      
GRID        5134        0.355   0.0775  0.      
GRID        5135        0.3575  0.0775  0.      
GRID        5136        0.36    0.0775  0.      
GRID        5137        0.3625  0.0775  0.      
GRID        5138        0.365   0.0775  0.      
GRID        5139        0.3675  0.0775  0.      
GRID        5140        0.37    0.0775  0.      
GRID        5141        0.3725  0.0775  0.      
GRID        5142        0.375   0.0775  0.      
GRID        5143        0.3775  0.0775  0.      
GRID        5144        0.38    0.0775  0.      
GRID        5145        0.3825  0.0775  0.      
GRID        5146        0.385   0.0775  0.      
GRID        5147        0.3875  0.0775  0.      
GRID        5148        0.39    0.0775  0.      
GRID        5149        0.3925  0.0775  0.      
GRID        5150        0.395   0.0775  0.      
GRID        5151        0.3975  0.0775  0.      
GRID        5152        0.4     0.0775  0.      
GRID        5153        0.      0.08    0.      
GRID        5154        0.0025  0.08    0.      
GRID        5155        0.005   0.08    0.      
GRID        5156        0.0075  0.08    0.      
GRID        5157        0.01    0.08    0.      
GRID        5158        0.0125  0.08    0.      
GRID        5159        0.015   0.08    0.      
GRID        5160        0.0175  0.08    0.      
GRID        5161        0.02    0.08    0.      
GRID        5162        0.0225  0.08    0.      
GRID        5163        0.025   0.08    0.      
GRID        5164        0.0275  0.08    0.      
GRID        5165        0.03    0.08    0.      
GRID        5166        0.0325  0.08    0.      
GRID        5167        0.035   0.08    0.      
GRID        5168        0.0375  0.08    0.      
GRID        5169        0.04    0.08    0.      
GRID        5170        0.0425  0.08    0.      
GRID        5171        0.045   0.08    0.      
GRID        5172        0.0475  0.08    0.      
GRID        5173        0.05    0.08    0.      
GRID        5174        0.0525  0.08    0.      
GRID        5175        0.055   0.08    0.      
GRID        5176        0.0575  0.08    0.      
GRID        5177        0.06    0.08    0.      
GRID        5178        0.0625  0.08    0.      
GRID        5179        0.065   0.08    0.      
GRID        5180        0.0675  0.08    0.      
GRID        5181        0.07    0.08    0.      
GRID        5182        0.0725  0.08    0.      
GRID        5183        0.075   0.08    0.      
GRID        5184        0.0775  0.08    0.      
GRID        5185        0.08    0.08    0.      
GRID        5186        0.0825  0.08    0.      
GRID        5187        0.085   0.08    0.      
GRID        5188        0.0875  0.08    0.      
GRID        5189        0.09    0.08    0.      
GRID        5190        0.0925  0.08    0.      
GRID        5191        0.095   0.08    0.      
GRID        5192        0.0975  0.08    0.      
GRID        5193        0.1     0.08    0.      
GRID        5194        0.1025  0.08    0.      
GRID        5195        0.105   0.08    0.      
GRID        5196        0.1075  0.08    0.      
GRID        5197        0.11    0.08    0.      
GRID        5198        0.1125  0.08    0.      
GRID        5199        0.115   0.08    0.      
GRID        5200        0.1175  0.08    0.      
GRID        5201        0.12    0.08    0.      
GRID        5202        0.1225  0.08    0.      
GRID        5203        0.125   0.08    0.      
GRID        5204        0.1275  0.08    0.      
GRID        5205        0.13    0.08    0.      
GRID        5206        0.1325  0.08    0.      
GRID        5207        0.135   0.08    0.      
GRID        5208        0.1375  0.08    0.      
GRID        5209        0.14    0.08    0.      
GRID        5210        0.1425  0.08    0.      
GRID        5211        0.145   0.08    0.      
GRID        5212        0.1475  0.08    0.      
GRID        5213        0.15    0.08    0.      
GRID        5214        0.1525  0.08    0.      
GRID        5215        0.155   0.08    0.      
GRID        5216        0.1575  0.08    0.      
GRID        5217        0.16    0.08    0.      
GRID        5218        0.1625  0.08    0.      
GRID        5219        0.165   0.08    0.      
GRID        5220        0.1675  0.08    0.      
GRID        5221        0.17    0.08    0.      
GRID        5222        0.1725  0.08    0.      
GRID        5223        0.175   0.08    0.      
GRID        5224        0.1775  0.08    0.      
GRID        5225        0.18    0.08    0.      
GRID        5226        0.1825  0.08    0.      
GRID        5227        0.185   0.08    0.      
GRID        5228        0.1875  0.08    0.      
GRID        5229        0.19    0.08    0.      
GRID        5230        0.1925  0.08    0.      
GRID        5231        0.195   0.08    0.      
GRID        5232        0.1975  0.08    0.      
GRID        5233        0.2     0.08    0.      
GRID        5234        0.2025  0.08    0.      
GRID        5235        0.205   0.08    0.      
GRID        5236        0.2075  0.08    0.      
GRID        5237        0.21    0.08    0.      
GRID        5238        0.2125  0.08    0.      
GRID        5239        0.215   0.08    0.      
GRID        5240        0.2175  0.08    0.      
GRID        5241        0.22    0.08    0.      
GRID        5242        0.2225  0.08    0.      
GRID        5243        0.225   0.08    0.      
GRID        5244        0.2275  0.08    0.      
GRID        5245        0.23    0.08    0.      
GRID        5246        0.2325  0.08    0.      
GRID        5247        0.235   0.08    0.      
GRID        5248        0.2375  0.08    0.      
GRID        5249        0.24    0.08    0.      
GRID        5250        0.2425  0.08    0.      
GRID        5251        0.245   0.08    0.      
GRID        5252        0.2475  0.08    0.      
GRID        5253        0.25    0.08    0.      
GRID        5254        0.2525  0.08    0.      
GRID        5255        0.255   0.08    0.      
GRID        5256        0.2575  0.08    0.      
GRID        5257        0.26    0.08    0.      
GRID        5258        0.2625  0.08    0.      
GRID        5259        0.265   0.08    0.      
GRID        5260        0.2675  0.08    0.      
GRID        5261        0.27    0.08    0.      
GRID        5262        0.2725  0.08    0.      
GRID        5263        0.275   0.08    0.      
GRID        5264        0.2775  0.08    0.      
GRID        5265        0.28    0.08    0.      
GRID        5266        0.2825  0.08    0.      
GRID        5267        0.285   0.08    0.      
GRID        5268        0.2875  0.08    0.      
GRID        5269        0.29    0.08    0.      
GRID        5270        0.2925  0.08    0.      
GRID        5271        0.295   0.08    0.      
GRID        5272        0.2975  0.08    0.      
GRID        5273        0.3     0.08    0.      
GRID        5274        0.3025  0.08    0.      
GRID        5275        0.305   0.08    0.      
GRID        5276        0.3075  0.08    0.      
GRID        5277        0.31    0.08    0.      
GRID        5278        0.3125  0.08    0.      
GRID        5279        0.315   0.08    0.      
GRID        5280        0.3175  0.08    0.      
GRID        5281        0.32    0.08    0.      
GRID        5282        0.3225  0.08    0.      
GRID        5283        0.325   0.08    0.      
GRID        5284        0.3275  0.08    0.      
GRID        5285        0.33    0.08    0.      
GRID        5286        0.3325  0.08    0.      
GRID        5287        0.335   0.08    0.      
GRID        5288        0.3375  0.08    0.      
GRID        5289        0.34    0.08    0.      
GRID        5290        0.3425  0.08    0.      
GRID        5291        0.345   0.08    0.      
GRID        5292        0.3475  0.08    0.      
GRID        5293        0.35    0.08    0.      
GRID        5294        0.3525  0.08    0.      
GRID        5295        0.355   0.08    0.      
GRID        5296        0.3575  0.08    0.      
GRID        5297        0.36    0.08    0.      
GRID        5298        0.3625  0.08    0.      
GRID        5299        0.365   0.08    0.      
GRID        5300        0.3675  0.08    0.      
GRID        5301        0.37    0.08    0.      
GRID        5302        0.3725  0.08    0.      
GRID        5303        0.375   0.08    0.      
GRID        5304        0.3775  0.08    0.      
GRID        5305        0.38    0.08    0.      
GRID        5306        0.3825  0.08    0.      
GRID        5307        0.385   0.08    0.      
GRID        5308        0.3875  0.08    0.      
GRID        5309        0.39    0.08    0.      
GRID        5310        0.3925  0.08    0.      
GRID        5311        0.395   0.08    0.      
GRID        5312        0.3975  0.08    0.      
GRID        5313        0.4     0.08    0.      
GRID        5314        0.      0.0825  0.      
GRID        5315        0.0025  0.0825  0.      
GRID        5316        0.005   0.0825  0.      
GRID        5317        0.0075  0.0825  0.      
GRID        5318        0.01    0.0825  0.      
GRID        5319        0.0125  0.0825  0.      
GRID        5320        0.015   0.0825  0.      
GRID        5321        0.0175  0.0825  0.      
GRID        5322        0.02    0.0825  0.      
GRID        5323        0.0225  0.0825  0.      
GRID        5324        0.025   0.0825  0.      
GRID        5325        0.0275  0.0825  0.      
GRID        5326        0.03    0.0825  0.      
GRID        5327        0.0325  0.0825  0.      
GRID        5328        0.035   0.0825  0.      
GRID        5329        0.0375  0.0825  0.      
GRID        5330        0.04    0.0825  0.      
GRID        5331        0.0425  0.0825  0.      
GRID        5332        0.045   0.0825  0.      
GRID        5333        0.0475  0.0825  0.      
GRID        5334        0.05    0.0825  0.      
GRID        5335        0.0525  0.0825  0.      
GRID        5336        0.055   0.0825  0.      
GRID        5337        0.0575  0.0825  0.      
GRID        5338        0.06    0.0825  0.      
GRID        5339        0.0625  0.0825  0.      
GRID        5340        0.065   0.0825  0.      
GRID        5341        0.0675  0.0825  0.      
GRID        5342        0.07    0.0825  0.      
GRID        5343        0.0725  0.0825  0.      
GRID        5344        0.075   0.0825  0.      
GRID        5345        0.0775  0.0825  0.      
GRID        5346        0.08    0.0825  0.      
GRID        5347        0.0825  0.0825  0.      
GRID        5348        0.085   0.0825  0.      
GRID        5349        0.0875  0.0825  0.      
GRID        5350        0.09    0.0825  0.      
GRID        5351        0.0925  0.0825  0.      
GRID        5352        0.095   0.0825  0.      
GRID        5353        0.0975  0.0825  0.      
GRID        5354        0.1     0.0825  0.      
GRID        5355        0.1025  0.0825  0.      
GRID        5356        0.105   0.0825  0.      
GRID        5357        0.1075  0.0825  0.      
GRID        5358        0.11    0.0825  0.      
GRID        5359        0.1125  0.0825  0.      
GRID        5360        0.115   0.0825  0.      
GRID        5361        0.1175  0.0825  0.      
GRID        5362        0.12    0.0825  0.      
GRID        5363        0.1225  0.0825  0.      
GRID        5364        0.125   0.0825  0.      
GRID        5365        0.1275  0.0825  0.      
GRID        5366        0.13    0.0825  0.      
GRID        5367        0.1325  0.0825  0.      
GRID        5368        0.135   0.0825  0.      
GRID        5369        0.1375  0.0825  0.      
GRID        5370        0.14    0.0825  0.      
GRID        5371        0.1425  0.0825  0.      
GRID        5372        0.145   0.0825  0.      
GRID        5373        0.1475  0.0825  0.      
GRID        5374        0.15    0.0825  0.      
GRID        5375        0.1525  0.0825  0.      
GRID        5376        0.155   0.0825  0.      
GRID        5377        0.1575  0.0825  0.      
GRID        5378        0.16    0.0825  0.      
GRID        5379        0.1625  0.0825  0.      
GRID        5380        0.165   0.0825  0.      
GRID        5381        0.1675  0.0825  0.      
GRID        5382        0.17    0.0825  0.      
GRID        5383        0.1725  0.0825  0.      
GRID        5384        0.175   0.0825  0.      
GRID        5385        0.1775  0.0825  0.      
GRID        5386        0.18    0.0825  0.      
GRID        5387        0.1825  0.0825  0.      
GRID        5388        0.185   0.0825  0.      
GRID        5389        0.1875  0.0825  0.      
GRID        5390        0.19    0.0825  0.      
GRID        5391        0.1925  0.0825  0.      
GRID        5392        0.195   0.0825  0.      
GRID        5393        0.1975  0.0825  0.      
GRID        5394        0.2     0.0825  0.      
GRID        5395        0.2025  0.0825  0.      
GRID        5396        0.205   0.0825  0.      
GRID        5397        0.2075  0.0825  0.      
GRID        5398        0.21    0.0825  0.      
GRID        5399        0.2125  0.0825  0.      
GRID        5400        0.215   0.0825  0.      
GRID        5401        0.2175  0.0825  0.      
GRID        5402        0.22    0.0825  0.      
GRID        5403        0.2225  0.0825  0.      
GRID        5404        0.225   0.0825  0.      
GRID        5405        0.2275  0.0825  0.      
GRID        5406        0.23    0.0825  0.      
GRID        5407        0.2325  0.0825  0.      
GRID        5408        0.235   0.0825  0.      
GRID        5409        0.2375  0.0825  0.      
GRID        5410        0.24    0.0825  0.      
GRID        5411        0.2425  0.0825  0.      
GRID        5412        0.245   0.0825  0.      
GRID        5413        0.2475  0.0825  0.      
GRID        5414        0.25    0.0825  0.      
GRID        5415        0.2525  0.0825  0.      
GRID        5416        0.255   0.0825  0.      
GRID        5417        0.2575  0.0825  0.      
GRID        5418        0.26    0.0825  0.      
GRID        5419        0.2625  0.0825  0.      
GRID        5420        0.265   0.0825  0.      
GRID        5421        0.2675  0.0825  0.      
GRID        5422        0.27    0.0825  0.      
GRID        5423        0.2725  0.0825  0.      
GRID        5424        0.275   0.0825  0.      
GRID        5425        0.2775  0.0825  0.      
GRID        5426        0.28    0.0825  0.      
GRID        5427        0.2825  0.0825  0.      
GRID        5428        0.285   0.0825  0.      
GRID        5429        0.2875  0.0825  0.      
GRID        5430        0.29    0.0825  0.      
GRID        5431        0.2925  0.0825  0.      
GRID        5432        0.295   0.0825  0.      
GRID        5433        0.2975  0.0825  0.      
GRID        5434        0.3     0.0825  0.      
GRID        5435        0.3025  0.0825  0.      
GRID        5436        0.305   0.0825  0.      
GRID        5437        0.3075  0.0825  0.      
GRID        5438        0.31    0.0825  0.      
GRID        5439        0.3125  0.0825  0.      
GRID        5440        0.315   0.0825  0.      
GRID        5441        0.3175  0.0825  0.      
GRID        5442        0.32    0.0825  0.      
GRID        5443        0.3225  0.0825  0.      
GRID        5444        0.325   0.0825  0.      
GRID        5445        0.3275  0.0825  0.      
GRID        5446        0.33    0.0825  0.      
GRID        5447        0.3325  0.0825  0.      
GRID        5448        0.335   0.0825  0.      
GRID        5449        0.3375  0.0825  0.      
GRID        5450        0.34    0.0825  0.      
GRID        5451        0.3425  0.0825  0.      
GRID        5452        0.345   0.0825  0.      
GRID        5453        0.3475  0.0825  0.      
GRID        5454        0.35    0.0825  0.      
GRID        5455        0.3525  0.0825  0.      
GRID        5456        0.355   0.0825  0.      
GRID        5457        0.3575  0.0825  0.      
GRID        5458        0.36    0.0825  0.      
GRID        5459        0.3625  0.0825  0.      
GRID        5460        0.365   0.0825  0.      
GRID        5461        0.3675  0.0825  0.      
GRID        5462        0.37    0.0825  0.      
GRID        5463        0.3725  0.0825  0.      
GRID        5464        0.375   0.0825  0.      
GRID        5465        0.3775  0.0825  0.      
GRID        5466        0.38    0.0825  0.      
GRID        5467        0.3825  0.0825  0.      
GRID        5468        0.385   0.0825  0.      
GRID        5469        0.3875  0.0825  0.      
GRID        5470        0.39    0.0825  0.      
GRID        5471        0.3925  0.0825  0.      
GRID        5472        0.395   0.0825  0.      
GRID        5473        0.3975  0.0825  0.      
GRID        5474        0.4     0.0825  0.      
GRID        5475        0.      0.085   0.      
GRID        5476        0.0025  0.085   0.      
GRID        5477        0.005   0.085   0.      
GRID        5478        0.0075  0.085   0.      
GRID        5479        0.01    0.085   0.      
GRID        5480        0.0125  0.085   0.      
GRID        5481        0.015   0.085   0.      
GRID        5482        0.0175  0.085   0.      
GRID        5483        0.02    0.085   0.      
GRID        5484        0.0225  0.085   0.      
GRID        5485        0.025   0.085   0.      
GRID        5486        0.0275  0.085   0.      
GRID        5487        0.03    0.085   0.      
GRID        5488        0.0325  0.085   0.      
GRID        5489        0.035   0.085   0.      
GRID        5490        0.0375  0.085   0.      
GRID        5491        0.04    0.085   0.      
GRID        5492        0.0425  0.085   0.      
GRID        5493        0.045   0.085   0.      
GRID        5494        0.0475  0.085   0.      
GRID        5495        0.05    0.085   0.      
GRID        5496        0.0525  0.085   0.      
GRID        5497        0.055   0.085   0.      
GRID        5498        0.0575  0.085   0.      
GRID        5499        0.06    0.085   0.      
GRID        5500        0.0625  0.085   0.      
GRID        5501        0.065   0.085   0.      
GRID        5502        0.0675  0.085   0.      
GRID        5503        0.07    0.085   0.      
GRID        5504        0.0725  0.085   0.      
GRID        5505        0.075   0.085   0.      
GRID        5506        0.0775  0.085   0.      
GRID        5507        0.08    0.085   0.      
GRID        5508        0.0825  0.085   0.      
GRID        5509        0.085   0.085   0.      
GRID        5510        0.0875  0.085   0.      
GRID        5511        0.09    0.085   0.      
GRID        5512        0.0925  0.085   0.      
GRID        5513        0.095   0.085   0.      
GRID        5514        0.0975  0.085   0.      
GRID        5515        0.1     0.085   0.      
GRID        5516        0.1025  0.085   0.      
GRID        5517        0.105   0.085   0.      
GRID        5518        0.1075  0.085   0.      
GRID        5519        0.11    0.085   0.      
GRID        5520        0.1125  0.085   0.      
GRID        5521        0.115   0.085   0.      
GRID        5522        0.1175  0.085   0.      
GRID        5523        0.12    0.085   0.      
GRID        5524        0.1225  0.085   0.      
GRID        5525        0.125   0.085   0.      
GRID        5526        0.1275  0.085   0.      
GRID        5527        0.13    0.085   0.      
GRID        5528        0.1325  0.085   0.      
GRID        5529        0.135   0.085   0.      
GRID        5530        0.1375  0.085   0.      
GRID        5531        0.14    0.085   0.      
GRID        5532        0.1425  0.085   0.      
GRID        5533        0.145   0.085   0.      
GRID        5534        0.1475  0.085   0.      
GRID        5535        0.15    0.085   0.      
GRID        5536        0.1525  0.085   0.      
GRID        5537        0.155   0.085   0.      
GRID        5538        0.1575  0.085   0.      
GRID        5539        0.16    0.085   0.      
GRID        5540        0.1625  0.085   0.      
GRID        5541        0.165   0.085   0.      
GRID        5542        0.1675  0.085   0.      
GRID        5543        0.17    0.085   0.      
GRID        5544        0.1725  0.085   0.      
GRID        5545        0.175   0.085   0.      
GRID        5546        0.1775  0.085   0.      
GRID        5547        0.18    0.085   0.      
GRID        5548        0.1825  0.085   0.      
GRID        5549        0.185   0.085   0.      
GRID        5550        0.1875  0.085   0.      
GRID        5551        0.19    0.085   0.      
GRID        5552        0.1925  0.085   0.      
GRID        5553        0.195   0.085   0.      
GRID        5554        0.1975  0.085   0.      
GRID        5555        0.2     0.085   0.      
GRID        5556        0.2025  0.085   0.      
GRID        5557        0.205   0.085   0.      
GRID        5558        0.2075  0.085   0.      
GRID        5559        0.21    0.085   0.      
GRID        5560        0.2125  0.085   0.      
GRID        5561        0.215   0.085   0.      
GRID        5562        0.2175  0.085   0.      
GRID        5563        0.22    0.085   0.      
GRID        5564        0.2225  0.085   0.      
GRID        5565        0.225   0.085   0.      
GRID        5566        0.2275  0.085   0.      
GRID        5567        0.23    0.085   0.      
GRID        5568        0.2325  0.085   0.      
GRID        5569        0.235   0.085   0.      
GRID        5570        0.2375  0.085   0.      
GRID        5571        0.24    0.085   0.      
GRID        5572        0.2425  0.085   0.      
GRID        5573        0.245   0.085   0.      
GRID        5574        0.2475  0.085   0.      
GRID        5575        0.25    0.085   0.      
GRID        5576        0.2525  0.085   0.      
GRID        5577        0.255   0.085   0.      
GRID        5578        0.2575  0.085   0.      
GRID        5579        0.26    0.085   0.      
GRID        5580        0.2625  0.085   0.      
GRID        5581        0.265   0.085   0.      
GRID        5582        0.2675  0.085   0.      
GRID        5583        0.27    0.085   0.      
GRID        5584        0.2725  0.085   0.      
GRID        5585        0.275   0.085   0.      
GRID        5586        0.2775  0.085   0.      
GRID        5587        0.28    0.085   0.      
GRID        5588        0.2825  0.085   0.      
GRID        5589        0.285   0.085   0.      
GRID        5590        0.2875  0.085   0.      
GRID        5591        0.29    0.085   0.      
GRID        5592        0.2925  0.085   0.      
GRID        5593        0.295   0.085   0.      
GRID        5594        0.2975  0.085   0.      
GRID        5595        0.3     0.085   0.      
GRID        5596        0.3025  0.085   0.      
GRID        5597        0.305   0.085   0.      
GRID        5598        0.3075  0.085   0.      
GRID        5599        0.31    0.085   0.      
GRID        5600        0.3125  0.085   0.      
GRID        5601        0.315   0.085   0.      
GRID        5602        0.3175  0.085   0.      
GRID        5603        0.32    0.085   0.      
GRID        5604        0.3225  0.085   0.      
GRID        5605        0.325   0.085   0.      
GRID        5606        0.3275  0.085   0.      
GRID        5607        0.33    0.085   0.      
GRID        5608        0.3325  0.085   0.      
GRID        5609        0.335   0.085   0.      
GRID        5610        0.3375  0.085   0.      
GRID        5611        0.34    0.085   0.      
GRID        5612        0.3425  0.085   0.      
GRID        5613        0.345   0.085   0.      
GRID        5614        0.3475  0.085   0.      
GRID        5615        0.35    0.085   0.      
GRID        5616        0.3525  0.085   0.      
GRID        5617        0.355   0.085   0.      
GRID        5618        0.3575  0.085   0.      
GRID        5619        0.36    0.085   0.      
GRID        5620        0.3625  0.085   0.      
GRID        5621        0.365   0.085   0.      
GRID        5622        0.3675  0.085   0.      
GRID        5623        0.37    0.085   0.      
GRID        5624        0.3725  0.085   0.      
GRID        5625        0.375   0.085   0.      
GRID        5626        0.3775  0.085   0.      
GRID        5627        0.38    0.085   0.      
GRID        5628        0.3825  0.085   0.      
GRID        5629        0.385   0.085   0.      
GRID        5630        0.3875  0.085   0.      
GRID        5631        0.39    0.085   0.      
GRID        5632        0.3925  0.085   0.      
GRID        5633        0.395   0.085   0.      
GRID        5634        0.3975  0.085   0.      
GRID        5635        0.4     0.085   0.      
GRID        5636        0.      0.0875  0.      
GRID        5637        0.0025  0.0875  0.      
GRID        5638        0.005   0.0875  0.      
GRID        5639        0.0075  0.0875  0.      
GRID        5640        0.01    0.0875  0.      
GRID        5641        0.0125  0.0875  0.      
GRID        5642        0.015   0.0875  0.      
GRID        5643        0.0175  0.0875  0.      
GRID        5644        0.02    0.0875  0.      
GRID        5645        0.0225  0.0875  0.      
GRID        5646        0.025   0.0875  0.      
GRID        5647        0.0275  0.0875  0.      
GRID        5648        0.03    0.0875  0.      
GRID        5649        0.0325  0.0875  0.      
GRID        5650        0.035   0.0875  0.      
GRID        5651        0.0375  0.0875  0.      
GRID        5652        0.04    0.0875  0.      
GRID        5653        0.0425  0.0875  0.      
GRID        5654        0.045   0.0875  0.      
GRID        5655        0.0475  0.0875  0.      
GRID        5656        0.05    0.0875  0.      
GRID        5657        0.0525  0.0875  0.      
GRID        5658        0.055   0.0875  0.      
GRID        5659        0.0575  0.0875  0.      
GRID        5660        0.06    0.0875  0.      
GRID        5661        0.0625  0.0875  0.      
GRID        5662        0.065   0.0875  0.      
GRID        5663        0.0675  0.0875  0.      
GRID        5664        0.07    0.0875  0.      
GRID        5665        0.0725  0.0875  0.      
GRID        5666        0.075   0.0875  0.      
GRID        5667        0.0775  0.0875  0.      
GRID        5668        0.08    0.0875  0.      
GRID        5669        0.0825  0.0875  0.      
GRID        5670        0.085   0.0875  0.      
GRID        5671        0.0875  0.0875  0.      
GRID        5672        0.09    0.0875  0.      
GRID        5673        0.0925  0.0875  0.      
GRID        5674        0.095   0.0875  0.      
GRID        5675        0.0975  0.0875  0.      
GRID        5676        0.1     0.0875  0.      
GRID        5677        0.1025  0.0875  0.      
GRID        5678        0.105   0.0875  0.      
GRID        5679        0.1075  0.0875  0.      
GRID        5680        0.11    0.0875  0.      
GRID        5681        0.1125  0.0875  0.      
GRID        5682        0.115   0.0875  0.      
GRID        5683        0.1175  0.0875  0.      
GRID        5684        0.12    0.0875  0.      
GRID        5685        0.1225  0.0875  0.      
GRID        5686        0.125   0.0875  0.      
GRID        5687        0.1275  0.0875  0.      
GRID        5688        0.13    0.0875  0.      
GRID        5689        0.1325  0.0875  0.      
GRID        5690        0.135   0.0875  0.      
GRID        5691        0.1375  0.0875  0.      
GRID        5692        0.14    0.0875  0.      
GRID        5693        0.1425  0.0875  0.      
GRID        5694        0.145   0.0875  0.      
GRID        5695        0.1475  0.0875  0.      
GRID        5696        0.15    0.0875  0.      
GRID        5697        0.1525  0.0875  0.      
GRID        5698        0.155   0.0875  0.      
GRID        5699        0.1575  0.0875  0.      
GRID        5700        0.16    0.0875  0.      
GRID        5701        0.1625  0.0875  0.      
GRID        5702        0.165   0.0875  0.      
GRID        5703        0.1675  0.0875  0.      
GRID        5704        0.17    0.0875  0.      
GRID        5705        0.1725  0.0875  0.      
GRID        5706        0.175   0.0875  0.      
GRID        5707        0.1775  0.0875  0.      
GRID        5708        0.18    0.0875  0.      
GRID        5709        0.1825  0.0875  0.      
GRID        5710        0.185   0.0875  0.      
GRID        5711        0.1875  0.0875  0.      
GRID        5712        0.19    0.0875  0.      
GRID        5713        0.1925  0.0875  0.      
GRID        5714        0.195   0.0875  0.      
GRID        5715        0.1975  0.0875  0.      
GRID        5716        0.2     0.0875  0.      
GRID        5717        0.2025  0.0875  0.      
GRID        5718        0.205   0.0875  0.      
GRID        5719        0.2075  0.0875  0.      
GRID        5720        0.21    0.0875  0.      
GRID        5721        0.2125  0.0875  0.      
GRID        5722        0.215   0.0875  0.      
GRID        5723        0.2175  0.0875  0.      
GRID        5724        0.22    0.0875  0.      
GRID        5725        0.2225  0.0875  0.      
GRID        5726        0.225   0.0875  0.      
GRID        5727        0.2275  0.0875  0.      
GRID        5728        0.23    0.0875  0.      
GRID        5729        0.2325  0.0875  0.      
GRID        5730        0.235   0.0875  0.      
GRID        5731        0.2375  0.0875  0.      
GRID        5732        0.24    0.0875  0.      
GRID        5733        0.2425  0.0875  0.      
GRID        5734        0.245   0.0875  0.      
GRID        5735        0.2475  0.0875  0.      
GRID        5736        0.25    0.0875  0.      
GRID        5737        0.2525  0.0875  0.      
GRID        5738        0.255   0.0875  0.      
GRID        5739        0.2575  0.0875  0.      
GRID        5740        0.26    0.0875  0.      
GRID        5741        0.2625  0.0875  0.      
GRID        5742        0.265   0.0875  0.      
GRID        5743        0.2675  0.0875  0.      
GRID        5744        0.27    0.0875  0.      
GRID        5745        0.2725  0.0875  0.      
GRID        5746        0.275   0.0875  0.      
GRID        5747        0.2775  0.0875  0.      
GRID        5748        0.28    0.0875  0.      
GRID        5749        0.2825  0.0875  0.      
GRID        5750        0.285   0.0875  0.      
GRID        5751        0.2875  0.0875  0.      
GRID        5752        0.29    0.0875  0.      
GRID        5753        0.2925  0.0875  0.      
GRID        5754        0.295   0.0875  0.      
GRID        5755        0.2975  0.0875  0.      
GRID        5756        0.3     0.0875  0.      
GRID        5757        0.3025  0.0875  0.      
GRID        5758        0.305   0.0875  0.      
GRID        5759        0.3075  0.0875  0.      
GRID        5760        0.31    0.0875  0.      
GRID        5761        0.3125  0.0875  0.      
GRID        5762        0.315   0.0875  0.      
GRID        5763        0.3175  0.0875  0.      
GRID        5764        0.32    0.0875  0.      
GRID        5765        0.3225  0.0875  0.      
GRID        5766        0.325   0.0875  0.      
GRID        5767        0.3275  0.0875  0.      
GRID        5768        0.33    0.0875  0.      
GRID        5769        0.3325  0.0875  0.      
GRID        5770        0.335   0.0875  0.      
GRID        5771        0.3375  0.0875  0.      
GRID        5772        0.34    0.0875  0.      
GRID        5773        0.3425  0.0875  0.      
GRID        5774        0.345   0.0875  0.      
GRID        5775        0.3475  0.0875  0.      
GRID        5776        0.35    0.0875  0.      
GRID        5777        0.3525  0.0875  0.      
GRID        5778        0.355   0.0875  0.      
GRID        5779        0.3575  0.0875  0.      
GRID        5780        0.36    0.0875  0.      
GRID        5781        0.3625  0.0875  0.      
GRID        5782        0.365   0.0875  0.      
GRID        5783        0.3675  0.0875  0.      
GRID        5784        0.37    0.0875  0.      
GRID        5785        0.3725  0.0875  0.      
GRID        5786        0.375   0.0875  0.      
GRID        5787        0.3775  0.0875  0.      
GRID        5788        0.38    0.0875  0.      
GRID        5789        0.3825  0.0875  0.      
GRID        5790        0.385   0.0875  0.      
GRID        5791        0.3875  0.0875  0.      
GRID        5792        0.39    0.0875  0.      
GRID        5793        0.3925  0.0875  0.      
GRID        5794        0.395   0.0875  0.      
GRID        5795        0.3975  0.0875  0.      
GRID        5796        0.4     0.0875  0.      
GRID        5797        0.      0.09    0.      
GRID        5798        0.0025  0.09    0.      
GRID        5799        0.005   0.09    0.      
GRID        5800        0.0075  0.09    0.      
GRID        5801        0.01    0.09    0.      
GRID        5802        0.0125  0.09    0.      
GRID        5803        0.015   0.09    0.      
GRID        5804        0.0175  0.09    0.      
GRID        5805        0.02    0.09    0.      
GRID        5806        0.0225  0.09    0.      
GRID        5807        0.025   0.09    0.      
GRID        5808        0.0275  0.09    0.      
GRID        5809        0.03    0.09    0.      
GRID        5810        0.0325  0.09    0.      
GRID        5811        0.035   0.09    0.      
GRID        5812        0.0375  0.09    0.      
GRID        5813        0.04    0.09    0.      
GRID        5814        0.0425  0.09    0.      
GRID        5815        0.045   0.09    0.      
GRID        5816        0.0475  0.09    0.      
GRID        5817        0.05    0.09    0.      
GRID        5818        0.0525  0.09    0.      
GRID        5819        0.055   0.09    0.      
GRID        5820        0.0575  0.09    0.      
GRID        5821        0.06    0.09    0.      
GRID        5822        0.0625  0.09    0.      
GRID        5823        0.065   0.09    0.      
GRID        5824        0.0675  0.09    0.      
GRID        5825        0.07    0.09    0.      
GRID        5826        0.0725  0.09    0.      
GRID        5827        0.075   0.09    0.      
GRID        5828        0.0775  0.09    0.      
GRID        5829        0.08    0.09    0.      
GRID        5830        0.0825  0.09    0.      
GRID        5831        0.085   0.09    0.      
GRID        5832        0.0875  0.09    0.      
GRID        5833        0.09    0.09    0.      
GRID        5834        0.0925  0.09    0.      
GRID        5835        0.095   0.09    0.      
GRID        5836        0.0975  0.09    0.      
GRID        5837        0.1     0.09    0.      
GRID        5838        0.1025  0.09    0.      
GRID        5839        0.105   0.09    0.      
GRID        5840        0.1075  0.09    0.      
GRID        5841        0.11    0.09    0.      
GRID        5842        0.1125  0.09    0.      
GRID        5843        0.115   0.09    0.      
GRID        5844        0.1175  0.09    0.      
GRID        5845        0.12    0.09    0.      
GRID        5846        0.1225  0.09    0.      
GRID        5847        0.125   0.09    0.      
GRID        5848        0.1275  0.09    0.      
GRID        5849        0.13    0.09    0.      
GRID        5850        0.1325  0.09    0.      
GRID        5851        0.135   0.09    0.      
GRID        5852        0.1375  0.09    0.      
GRID        5853        0.14    0.09    0.      
GRID        5854        0.1425  0.09    0.      
GRID        5855        0.145   0.09    0.      
GRID        5856        0.1475  0.09    0.      
GRID        5857        0.15    0.09    0.      
GRID        5858        0.1525  0.09    0.      
GRID        5859        0.155   0.09    0.      
GRID        5860        0.1575  0.09    0.      
GRID        5861        0.16    0.09    0.      
GRID        5862        0.1625  0.09    0.      
GRID        5863        0.165   0.09    0.      
GRID        5864        0.1675  0.09    0.      
GRID        5865        0.17    0.09    0.      
GRID        5866        0.1725  0.09    0.      
GRID        5867        0.175   0.09    0.      
GRID        5868        0.1775  0.09    0.      
GRID        5869        0.18    0.09    0.      
GRID        5870        0.1825  0.09    0.      
GRID        5871        0.185   0.09    0.      
GRID        5872        0.1875  0.09    0.      
GRID        5873        0.19    0.09    0.      
GRID        5874        0.1925  0.09    0.      
GRID        5875        0.195   0.09    0.      
GRID        5876        0.1975  0.09    0.      
GRID        5877        0.2     0.09    0.      
GRID        5878        0.2025  0.09    0.      
GRID        5879        0.205   0.09    0.      
GRID        5880        0.2075  0.09    0.      
GRID        5881        0.21    0.09    0.      
GRID        5882        0.2125  0.09    0.      
GRID        5883        0.215   0.09    0.      
GRID        5884        0.2175  0.09    0.      
GRID        5885        0.22    0.09    0.      
GRID        5886        0.2225  0.09    0.      
GRID        5887        0.225   0.09    0.      
GRID        5888        0.2275  0.09    0.      
GRID        5889        0.23    0.09    0.      
GRID        5890        0.2325  0.09    0.      
GRID        5891        0.235   0.09    0.      
GRID        5892        0.2375  0.09    0.      
GRID        5893        0.24    0.09    0.      
GRID        5894        0.2425  0.09    0.      
GRID        5895        0.245   0.09    0.      
GRID        5896        0.2475  0.09    0.      
GRID        5897        0.25    0.09    0.      
GRID        5898        0.2525  0.09    0.      
GRID        5899        0.255   0.09    0.      
GRID        5900        0.2575  0.09    0.      
GRID        5901        0.26    0.09    0.      
GRID        5902        0.2625  0.09    0.      
GRID        5903        0.265   0.09    0.      
GRID        5904        0.2675  0.09    0.      
GRID        5905        0.27    0.09    0.      
GRID        5906        0.2725  0.09    0.      
GRID        5907        0.275   0.09    0.      
GRID        5908        0.2775  0.09    0.      
GRID        5909        0.28    0.09    0.      
GRID        5910        0.2825  0.09    0.      
GRID        5911        0.285   0.09    0.      
GRID        5912        0.2875  0.09    0.      
GRID        5913        0.29    0.09    0.      
GRID        5914        0.2925  0.09    0.      
GRID        5915        0.295   0.09    0.      
GRID        5916        0.2975  0.09    0.      
GRID        5917        0.3     0.09    0.      
GRID        5918        0.3025  0.09    0.      
GRID        5919        0.305   0.09    0.      
GRID        5920        0.3075  0.09    0.      
GRID        5921        0.31    0.09    0.      
GRID        5922        0.3125  0.09    0.      
GRID        5923        0.315   0.09    0.      
GRID        5924        0.3175  0.09    0.      
GRID        5925        0.32    0.09    0.      
GRID        5926        0.3225  0.09    0.      
GRID        5927        0.325   0.09    0.      
GRID        5928        0.3275  0.09    0.      
GRID        5929        0.33    0.09    0.      
GRID        5930        0.3325  0.09    0.      
GRID        5931        0.335   0.09    0.      
GRID        5932        0.3375  0.09    0.      
GRID        5933        0.34    0.09    0.      
GRID        5934        0.3425  0.09    0.      
GRID        5935        0.345   0.09    0.      
GRID        5936        0.3475  0.09    0.      
GRID        5937        0.35    0.09    0.      
GRID        5938        0.3525  0.09    0.      
GRID        5939        0.355   0.09    0.      
GRID        5940        0.3575  0.09    0.      
GRID        5941        0.36    0.09    0.      
GRID        5942        0.3625  0.09    0.      
GRID        5943        0.365   0.09    0.      
GRID        5944        0.3675  0.09    0.      
GRID        5945        0.37    0.09    0.      
GRID        5946        0.3725  0.09    0.      
GRID        5947        0.375   0.09    0.      
GRID        5948        0.3775  0.09    0.      
GRID        5949        0.38    0.09    0.      
GRID        5950        0.3825  0.09    0.      
GRID        5951        0.385   0.09    0.      
GRID        5952        0.3875  0.09    0.      
GRID        5953        0.39    0.09    0.      
GRID        5954        0.3925  0.09    0.      
GRID        5955        0.395   0.09    0.      
GRID        5956        0.3975  0.09    0.      
GRID        5957        0.4     0.09    0.      
GRID        5958        0.      0.0925  0.      
GRID        5959        0.0025  0.0925  0.      
GRID        5960        0.005   0.0925  0.      
GRID        5961        0.0075  0.0925  0.      
GRID        5962        0.01    0.0925  0.      
GRID        5963        0.0125  0.0925  0.      
GRID        5964        0.015   0.0925  0.      
GRID        5965        0.0175  0.0925  0.      
GRID        5966        0.02    0.0925  0.      
GRID        5967        0.0225  0.0925  0.      
GRID        5968        0.025   0.0925  0.      
GRID        5969        0.0275  0.0925  0.      
GRID        5970        0.03    0.0925  0.      
GRID        5971        0.0325  0.0925  0.      
GRID        5972        0.035   0.0925  0.      
GRID        5973        0.0375  0.0925  0.      
GRID        5974        0.04    0.0925  0.      
GRID        5975        0.0425  0.0925  0.      
GRID        5976        0.045   0.0925  0.      
GRID        5977        0.0475  0.0925  0.      
GRID        5978        0.05    0.0925  0.      
GRID        5979        0.0525  0.0925  0.      
GRID        5980        0.055   0.0925  0.      
GRID        5981        0.0575  0.0925  0.      
GRID        5982        0.06    0.0925  0.      
GRID        5983        0.0625  0.0925  0.      
GRID        5984        0.065   0.0925  0.      
GRID        5985        0.0675  0.0925  0.      
GRID        5986        0.07    0.0925  0.      
GRID        5987        0.0725  0.0925  0.      
GRID        5988        0.075   0.0925  0.      
GRID        5989        0.0775  0.0925  0.      
GRID        5990        0.08    0.0925  0.      
GRID        5991        0.0825  0.0925  0.      
GRID        5992        0.085   0.0925  0.      
GRID        5993        0.0875  0.0925  0.      
GRID        5994        0.09    0.0925  0.      
GRID        5995        0.0925  0.0925  0.      
GRID        5996        0.095   0.0925  0.      
GRID        5997        0.0975  0.0925  0.      
GRID        5998        0.1     0.0925  0.      
GRID        5999        0.1025  0.0925  0.      
GRID        6000        0.105   0.0925  0.      
GRID        6001        0.1075  0.0925  0.      
GRID        6002        0.11    0.0925  0.      
GRID        6003        0.1125  0.0925  0.      
GRID        6004        0.115   0.0925  0.      
GRID        6005        0.1175  0.0925  0.      
GRID        6006        0.12    0.0925  0.      
GRID        6007        0.1225  0.0925  0.      
GRID        6008        0.125   0.0925  0.      
GRID        6009        0.1275  0.0925  0.      
GRID        6010        0.13    0.0925  0.      
GRID        6011        0.1325  0.0925  0.      
GRID        6012        0.135   0.0925  0.      
GRID        6013        0.1375  0.0925  0.      
GRID        6014        0.14    0.0925  0.      
GRID        6015        0.1425  0.0925  0.      
GRID        6016        0.145   0.0925  0.      
GRID        6017        0.1475  0.0925  0.      
GRID        6018        0.15    0.0925  0.      
GRID        6019        0.1525  0.0925  0.      
GRID        6020        0.155   0.0925  0.      
GRID        6021        0.1575  0.0925  0.      
GRID        6022        0.16    0.0925  0.      
GRID        6023        0.1625  0.0925  0.      
GRID        6024        0.165   0.0925  0.      
GRID        6025        0.1675  0.0925  0.      
GRID        6026        0.17    0.0925  0.      
GRID        6027        0.1725  0.0925  0.      
GRID        6028        0.175   0.0925  0.      
GRID        6029        0.1775  0.0925  0.      
GRID        6030        0.18    0.0925  0.      
GRID        6031        0.1825  0.0925  0.      
GRID        6032        0.185   0.0925  0.      
GRID        6033        0.1875  0.0925  0.      
GRID        6034        0.19    0.0925  0.      
GRID        6035        0.1925  0.0925  0.      
GRID        6036        0.195   0.0925  0.      
GRID        6037        0.1975  0.0925  0.      
GRID        6038        0.2     0.0925  0.      
GRID        6039        0.2025  0.0925  0.      
GRID        6040        0.205   0.0925  0.      
GRID        6041        0.2075  0.0925  0.      
GRID        6042        0.21    0.0925  0.      
GRID        6043        0.2125  0.0925  0.      
GRID        6044        0.215   0.0925  0.      
GRID        6045        0.2175  0.0925  0.      
GRID        6046        0.22    0.0925  0.      
GRID        6047        0.2225  0.0925  0.      
GRID        6048        0.225   0.0925  0.      
GRID        6049        0.2275  0.0925  0.      
GRID        6050        0.23    0.0925  0.      
GRID        6051        0.2325  0.0925  0.      
GRID        6052        0.235   0.0925  0.      
GRID        6053        0.2375  0.0925  0.      
GRID        6054        0.24    0.0925  0.      
GRID        6055        0.2425  0.0925  0.      
GRID        6056        0.245   0.0925  0.      
GRID        6057        0.2475  0.0925  0.      
GRID        6058        0.25    0.0925  0.      
GRID        6059        0.2525  0.0925  0.      
GRID        6060        0.255   0.0925  0.      
GRID        6061        0.2575  0.0925  0.      
GRID        6062        0.26    0.0925  0.      
GRID        6063        0.2625  0.0925  0.      
GRID        6064        0.265   0.0925  0.      
GRID        6065        0.2675  0.0925  0.      
GRID        6066        0.27    0.0925  0.      
GRID        6067        0.2725  0.0925  0.      
GRID        6068        0.275   0.0925  0.      
GRID        6069        0.2775  0.0925  0.      
GRID        6070        0.28    0.0925  0.      
GRID        6071        0.2825  0.0925  0.      
GRID        6072        0.285   0.0925  0.      
GRID        6073        0.2875  0.0925  0.      
GRID        6074        0.29    0.0925  0.      
GRID        6075        0.2925  0.0925  0.      
GRID        6076        0.295   0.0925  0.      
GRID        6077        0.2975  0.0925  0.      
GRID        6078        0.3     0.0925  0.      
GRID        6079        0.3025  0.0925  0.      
GRID        6080        0.305   0.0925  0.      
GRID        6081        0.3075  0.0925  0.      
GRID        6082        0.31    0.0925  0.      
GRID        6083        0.3125  0.0925  0.      
GRID        6084        0.315   0.0925  0.      
GRID        6085        0.3175  0.0925  0.      
GRID        6086        0.32    0.0925  0.      
GRID        6087        0.3225  0.0925  0.      
GRID        6088        0.325   0.0925  0.      
GRID        6089        0.3275  0.0925  0.      
GRID        6090        0.33    0.0925  0.      
GRID        6091        0.3325  0.0925  0.      
GRID        6092        0.335   0.0925  0.      
GRID        6093        0.3375  0.0925  0.      
GRID        6094        0.34    0.0925  0.      
GRID        6095        0.3425  0.0925  0.      
GRID        6096        0.345   0.0925  0.      
GRID        6097        0.3475  0.0925  0.      
GRID        6098        0.35    0.0925  0.      
GRID        6099        0.3525  0.0925  0.      
GRID        6100        0.355   0.0925  0.      
GRID        6101        0.3575  0.0925  0.      
GRID        6102        0.36    0.0925  0.      
GRID        6103        0.3625  0.0925  0.      
GRID        6104        0.365   0.0925  0.      
GRID        6105        0.3675  0.0925  0.      
GRID        6106        0.37    0.0925  0.      
GRID        6107        0.3725  0.0925  0.      
GRID        6108        0.375   0.0925  0.      
GRID        6109        0.3775  0.0925  0.      
GRID        6110        0.38    0.0925  0.      
GRID        6111        0.3825  0.0925  0.      
GRID        6112        0.385   0.0925  0.      
GRID        6113        0.3875  0.0925  0.      
GRID        6114        0.39    0.0925  0.      
GRID        6115        0.3925  0.0925  0.      
GRID        6116        0.395   0.0925  0.      
GRID        6117        0.3975  0.0925  0.      
GRID        6118        0.4     0.0925  0.      
GRID        6119        0.      0.095   0.      
GRID        6120        0.0025  0.095   0.      
GRID        6121        0.005   0.095   0.      
GRID        6122        0.0075  0.095   0.      
GRID        6123        0.01    0.095   0.      
GRID        6124        0.0125  0.095   0.      
GRID        6125        0.015   0.095   0.      
GRID        6126        0.0175  0.095   0.      
GRID        6127        0.02    0.095   0.      
GRID        6128        0.0225  0.095   0.      
GRID        6129        0.025   0.095   0.      
GRID        6130        0.0275  0.095   0.      
GRID        6131        0.03    0.095   0.      
GRID        6132        0.0325  0.095   0.      
GRID        6133        0.035   0.095   0.      
GRID        6134        0.0375  0.095   0.      
GRID        6135        0.04    0.095   0.      
GRID        6136        0.0425  0.095   0.      
GRID        6137        0.045   0.095   0.      
GRID        6138        0.0475  0.095   0.      
GRID        6139        0.05    0.095   0.      
GRID        6140        0.0525  0.095   0.      
GRID        6141        0.055   0.095   0.      
GRID        6142        0.0575  0.095   0.      
GRID        6143        0.06    0.095   0.      
GRID        6144        0.0625  0.095   0.      
GRID        6145        0.065   0.095   0.      
GRID        6146        0.0675  0.095   0.      
GRID        6147        0.07    0.095   0.      
GRID        6148        0.0725  0.095   0.      
GRID        6149        0.075   0.095   0.      
GRID        6150        0.0775  0.095   0.      
GRID        6151        0.08    0.095   0.      
GRID        6152        0.0825  0.095   0.      
GRID        6153        0.085   0.095   0.      
GRID        6154        0.0875  0.095   0.      
GRID        6155        0.09    0.095   0.      
GRID        6156        0.0925  0.095   0.      
GRID        6157        0.095   0.095   0.      
GRID        6158        0.0975  0.095   0.      
GRID        6159        0.1     0.095   0.      
GRID        6160        0.1025  0.095   0.      
GRID        6161        0.105   0.095   0.      
GRID        6162        0.1075  0.095   0.      
GRID        6163        0.11    0.095   0.      
GRID        6164        0.1125  0.095   0.      
GRID        6165        0.115   0.095   0.      
GRID        6166        0.1175  0.095   0.      
GRID        6167        0.12    0.095   0.      
GRID        6168        0.1225  0.095   0.      
GRID        6169        0.125   0.095   0.      
GRID        6170        0.1275  0.095   0.      
GRID        6171        0.13    0.095   0.      
GRID        6172        0.1325  0.095   0.      
GRID        6173        0.135   0.095   0.      
GRID        6174        0.1375  0.095   0.      
GRID        6175        0.14    0.095   0.      
GRID        6176        0.1425  0.095   0.      
GRID        6177        0.145   0.095   0.      
GRID        6178        0.1475  0.095   0.      
GRID        6179        0.15    0.095   0.      
GRID        6180        0.1525  0.095   0.      
GRID        6181        0.155   0.095   0.      
GRID        6182        0.1575  0.095   0.      
GRID        6183        0.16    0.095   0.      
GRID        6184        0.1625  0.095   0.      
GRID        6185        0.165   0.095   0.      
GRID        6186        0.1675  0.095   0.      
GRID        6187        0.17    0.095   0.      
GRID        6188        0.1725  0.095   0.      
GRID        6189        0.175   0.095   0.      
GRID        6190        0.1775  0.095   0.      
GRID        6191        0.18    0.095   0.      
GRID        6192        0.1825  0.095   0.      
GRID        6193        0.185   0.095   0.      
GRID        6194        0.1875  0.095   0.      
GRID        6195        0.19    0.095   0.      
GRID        6196        0.1925  0.095   0.      
GRID        6197        0.195   0.095   0.      
GRID        6198        0.1975  0.095   0.      
GRID        6199        0.2     0.095   0.      
GRID        6200        0.2025  0.095   0.      
GRID        6201        0.205   0.095   0.      
GRID        6202        0.2075  0.095   0.      
GRID        6203        0.21    0.095   0.      
GRID        6204        0.2125  0.095   0.      
GRID        6205        0.215   0.095   0.      
GRID        6206        0.2175  0.095   0.      
GRID        6207        0.22    0.095   0.      
GRID        6208        0.2225  0.095   0.      
GRID        6209        0.225   0.095   0.      
GRID        6210        0.2275  0.095   0.      
GRID        6211        0.23    0.095   0.      
GRID        6212        0.2325  0.095   0.      
GRID        6213        0.235   0.095   0.      
GRID        6214        0.2375  0.095   0.      
GRID        6215        0.24    0.095   0.      
GRID        6216        0.2425  0.095   0.      
GRID        6217        0.245   0.095   0.      
GRID        6218        0.2475  0.095   0.      
GRID        6219        0.25    0.095   0.      
GRID        6220        0.2525  0.095   0.      
GRID        6221        0.255   0.095   0.      
GRID        6222        0.2575  0.095   0.      
GRID        6223        0.26    0.095   0.      
GRID        6224        0.2625  0.095   0.      
GRID        6225        0.265   0.095   0.      
GRID        6226        0.2675  0.095   0.      
GRID        6227        0.27    0.095   0.      
GRID        6228        0.2725  0.095   0.      
GRID        6229        0.275   0.095   0.      
GRID        6230        0.2775  0.095   0.      
GRID        6231        0.28    0.095   0.      
GRID        6232        0.2825  0.095   0.      
GRID        6233        0.285   0.095   0.      
GRID        6234        0.2875  0.095   0.      
GRID        6235        0.29    0.095   0.      
GRID        6236        0.2925  0.095   0.      
GRID        6237        0.295   0.095   0.      
GRID        6238        0.2975  0.095   0.      
GRID        6239        0.3     0.095   0.      
GRID        6240        0.3025  0.095   0.      
GRID        6241        0.305   0.095   0.      
GRID        6242        0.3075  0.095   0.      
GRID        6243        0.31    0.095   0.      
GRID        6244        0.3125  0.095   0.      
GRID        6245        0.315   0.095   0.      
GRID        6246        0.3175  0.095   0.      
GRID        6247        0.32    0.095   0.      
GRID        6248        0.3225  0.095   0.      
GRID        6249        0.325   0.095   0.      
GRID        6250        0.3275  0.095   0.      
GRID        6251        0.33    0.095   0.      
GRID        6252        0.3325  0.095   0.      
GRID        6253        0.335   0.095   0.      
GRID        6254        0.3375  0.095   0.      
GRID        6255        0.34    0.095   0.      
GRID        6256        0.3425  0.095   0.      
GRID        6257        0.345   0.095   0.      
GRID        6258        0.3475  0.095   0.      
GRID        6259        0.35    0.095   0.      
GRID        6260        0.3525  0.095   0.      
GRID        6261        0.355   0.095   0.      
GRID        6262        0.3575  0.095   0.      
GRID        6263        0.36    0.095   0.      
GRID        6264        0.3625  0.095   0.      
GRID        6265        0.365   0.095   0.      
GRID        6266        0.3675  0.095   0.      
GRID        6267        0.37    0.095   0.      
GRID        6268        0.3725  0.095   0.      
GRID        6269        0.375   0.095   0.      
GRID        6270        0.3775  0.095   0.      
GRID        6271        0.38    0.095   0.      
GRID        6272        0.3825  0.095   0.      
GRID        6273        0.385   0.095   0.      
GRID        6274        0.3875  0.095   0.      
GRID        6275        0.39    0.095   0.      
GRID        6276        0.3925  0.095   0.      
GRID        6277        0.395   0.095   0.      
GRID        6278        0.3975  0.095   0.      
GRID        6279        0.4     0.095   0.      
GRID        6280        0.      0.0975  0.      
GRID        6281        0.0025  0.0975  0.      
GRID        6282        0.005   0.0975  0.      
GRID        6283        0.0075  0.0975  0.      
GRID        6284        0.01    0.0975  0.      
GRID        6285        0.0125  0.0975  0.      
GRID        6286        0.015   0.0975  0.      
GRID        6287        0.0175  0.0975  0.      
GRID        6288        0.02    0.0975  0.      
GRID        6289        0.0225  0.0975  0.      
GRID        6290        0.025   0.0975  0.      
GRID        6291        0.0275  0.0975  0.      
GRID        6292        0.03    0.0975  0.      
GRID        6293        0.0325  0.0975  0.      
GRID        6294        0.035   0.0975  0.      
GRID        6295        0.0375  0.0975  0.      
GRID        6296        0.04    0.0975  0.      
GRID        6297        0.0425  0.0975  0.      
GRID        6298        0.045   0.0975  0.      
GRID        6299        0.0475  0.0975  0.      
GRID        6300        0.05    0.0975  0.      
GRID        6301        0.0525  0.0975  0.      
GRID        6302        0.055   0.0975  0.      
GRID        6303        0.0575  0.0975  0.      
GRID        6304        0.06    0.0975  0.      
GRID        6305        0.0625  0.0975  0.      
GRID        6306        0.065   0.0975  0.      
GRID        6307        0.0675  0.0975  0.      
GRID        6308        0.07    0.0975  0.      
GRID        6309        0.0725  0.0975  0.      
GRID        6310        0.075   0.0975  0.      
GRID        6311        0.0775  0.0975  0.      
GRID        6312        0.08    0.0975  0.      
GRID        6313        0.0825  0.0975  0.      
GRID        6314        0.085   0.0975  0.      
GRID        6315        0.0875  0.0975  0.      
GRID        6316        0.09    0.0975  0.      
GRID        6317        0.0925  0.0975  0.      
GRID        6318        0.095   0.0975  0.      
GRID        6319        0.0975  0.0975  0.      
GRID        6320        0.1     0.0975  0.      
GRID        6321        0.1025  0.0975  0.      
GRID        6322        0.105   0.0975  0.      
GRID        6323        0.1075  0.0975  0.      
GRID        6324        0.11    0.0975  0.      
GRID        6325        0.1125  0.0975  0.      
GRID        6326        0.115   0.0975  0.      
GRID        6327        0.1175  0.0975  0.      
GRID        6328        0.12    0.0975  0.      
GRID        6329        0.1225  0.0975  0.      
GRID        6330        0.125   0.0975  0.      
GRID        6331        0.1275  0.0975  0.      
GRID        6332        0.13    0.0975  0.      
GRID        6333        0.1325  0.0975  0.      
GRID        6334        0.135   0.0975  0.      
GRID        6335        0.1375  0.0975  0.      
GRID        6336        0.14    0.0975  0.      
GRID        6337        0.1425  0.0975  0.      
GRID        6338        0.145   0.0975  0.      
GRID        6339        0.1475  0.0975  0.      
GRID        6340        0.15    0.0975  0.      
GRID        6341        0.1525  0.0975  0.      
GRID        6342        0.155   0.0975  0.      
GRID        6343        0.1575  0.0975  0.      
GRID        6344        0.16    0.0975  0.      
GRID        6345        0.1625  0.0975  0.      
GRID        6346        0.165   0.0975  0.      
GRID        6347        0.1675  0.0975  0.      
GRID        6348        0.17    0.0975  0.      
GRID        6349        0.1725  0.0975  0.      
GRID        6350        0.175   0.0975  0.      
GRID        6351        0.1775  0.0975  0.      
GRID        6352        0.18    0.0975  0.      
GRID        6353        0.1825  0.0975  0.      
GRID        6354        0.185   0.0975  0.      
GRID        6355        0.1875  0.0975  0.      
GRID        6356        0.19    0.0975  0.      
GRID        6357        0.1925  0.0975  0.      
GRID        6358        0.195   0.0975  0.      
GRID        6359        0.1975  0.0975  0.      
GRID        6360        0.2     0.0975  0.      
GRID        6361        0.2025  0.0975  0.      
GRID        6362        0.205   0.0975  0.      
GRID        6363        0.2075  0.0975  0.      
GRID        6364        0.21    0.0975  0.      
GRID        6365        0.2125  0.0975  0.      
GRID        6366        0.215   0.0975  0.      
GRID        6367        0.2175  0.0975  0.      
GRID        6368        0.22    0.0975  0.      
GRID        6369        0.2225  0.0975  0.      
GRID        6370        0.225   0.0975  0.      
GRID        6371        0.2275  0.0975  0.      
GRID        6372        0.23    0.0975  0.      
GRID        6373        0.2325  0.0975  0.      
GRID        6374        0.235   0.0975  0.      
GRID        6375        0.2375  0.0975  0.      
GRID        6376        0.24    0.0975  0.      
GRID        6377        0.2425  0.0975  0.      
GRID        6378        0.245   0.0975  0.      
GRID        6379        0.2475  0.0975  0.      
GRID        6380        0.25    0.0975  0.      
GRID        6381        0.2525  0.0975  0.      
GRID        6382        0.255   0.0975  0.      
GRID        6383        0.2575  0.0975  0.      
GRID        6384        0.26    0.0975  0.      
GRID        6385        0.2625  0.0975  0.      
GRID        6386        0.265   0.0975  0.      
GRID        6387        0.2675  0.0975  0.      
GRID        6388        0.27    0.0975  0.      
GRID        6389        0.2725  0.0975  0.      
GRID        6390        0.275   0.0975  0.      
GRID        6391        0.2775  0.0975  0.      
GRID        6392        0.28    0.0975  0.      
GRID        6393        0.2825  0.0975  0.      
GRID        6394        0.285   0.0975  0.      
GRID        6395        0.2875  0.0975  0.      
GRID        6396        0.29    0.0975  0.      
GRID        6397        0.2925  0.0975  0.      
GRID        6398        0.295   0.0975  0.      
GRID        6399        0.2975  0.0975  0.      
GRID        6400        0.3     0.0975  0.      
GRID        6401        0.3025  0.0975  0.      
GRID        6402        0.305   0.0975  0.      
GRID        6403        0.3075  0.0975  0.      
GRID        6404        0.31    0.0975  0.      
GRID        6405        0.3125  0.0975  0.      
GRID        6406        0.315   0.0975  0.      
GRID        6407        0.3175  0.0975  0.      
GRID        6408        0.32    0.0975  0.      
GRID        6409        0.3225  0.0975  0.      
GRID        6410        0.325   0.0975  0.      
GRID        6411        0.3275  0.0975  0.      
GRID        6412        0.33    0.0975  0.      
GRID        6413        0.3325  0.0975  0.      
GRID        6414        0.335   0.0975  0.      
GRID        6415        0.3375  0.0975  0.      
GRID        6416        0.34    0.0975  0.      
GRID        6417        0.3425  0.0975  0.      
GRID        6418        0.345   0.0975  0.      
GRID        6419        0.3475  0.0975  0.      
GRID        6420        0.35    0.0975  0.      
GRID        6421        0.3525  0.0975  0.      
GRID        6422        0.355   0.0975  0.      
GRID        6423        0.3575  0.0975  0.      
GRID        6424        0.36    0.0975  0.      
GRID        6425        0.3625  0.0975  0.      
GRID        6426        0.365   0.0975  0.      
GRID        6427        0.3675  0.0975  0.      
GRID        6428        0.37    0.0975  0.      
GRID        6429        0.3725  0.0975  0.      
GRID        6430        0.375   0.0975  0.      
GRID        6431        0.3775  0.0975  0.      
GRID        6432        0.38    0.0975  0.      
GRID        6433        0.3825  0.0975  0.      
GRID        6434        0.385   0.0975  0.      
GRID        6435        0.3875  0.0975  0.      
GRID        6436        0.39    0.0975  0.      
GRID        6437        0.3925  0.0975  0.      
GRID        6438        0.395   0.0975  0.      
GRID        6439        0.3975  0.0975  0.      
GRID        6440        0.4     0.0975  0.      
GRID        6441        0.      0.1     0.      
GRID        6442        0.0025  0.1     0.      
GRID        6443        0.005   0.1     0.      
GRID        6444        0.0075  0.1     0.      
GRID        6445        0.01    0.1     0.      
GRID        6446        0.0125  0.1     0.      
GRID        6447        0.015   0.1     0.      
GRID        6448        0.0175  0.1     0.      
GRID        6449        0.02    0.1     0.      
GRID        6450        0.0225  0.1     0.      
GRID        6451        0.025   0.1     0.      
GRID        6452        0.0275  0.1     0.      
GRID        6453        0.03    0.1     0.      
GRID        6454        0.0325  0.1     0.      
GRID        6455        0.035   0.1     0.      
GRID        6456        0.0375  0.1     0.      
GRID        6457        0.04    0.1     0.      
GRID        6458        0.0425  0.1     0.      
GRID        6459        0.045   0.1     0.      
GRID        6460        0.0475  0.1     0.      
GRID        6461        0.05    0.1     0.      
GRID        6462        0.0525  0.1     0.      
GRID        6463        0.055   0.1     0.      
GRID        6464        0.0575  0.1     0.      
GRID        6465        0.06    0.1     0.      
GRID        6466        0.0625  0.1     0.      
GRID        6467        0.065   0.1     0.      
GRID        6468        0.0675  0.1     0.      
GRID        6469        0.07    0.1     0.      
GRID        6470        0.0725  0.1     0.      
GRID        6471        0.075   0.1     0.      
GRID        6472        0.0775  0.1     0.      
GRID        6473        0.08    0.1     0.      
GRID        6474        0.0825  0.1     0.      
GRID        6475        0.085   0.1     0.      
GRID        6476        0.0875  0.1     0.      
GRID        6477        0.09    0.1     0.      
GRID        6478        0.0925  0.1     0.      
GRID        6479        0.095   0.1     0.      
GRID        6480        0.0975  0.1     0.      
GRID        6481        0.1     0.1     0.      
GRID        6482        0.1025  0.1     0.      
GRID        6483        0.105   0.1     0.      
GRID        6484        0.1075  0.1     0.      
GRID        6485        0.11    0.1     0.      
GRID        6486        0.1125  0.1     0.      
GRID        6487        0.115   0.1     0.      
GRID        6488        0.1175  0.1     0.      
GRID        6489        0.12    0.1     0.      
GRID        6490        0.1225  0.1     0.      
GRID        6491        0.125   0.1     0.      
GRID        6492        0.1275  0.1     0.      
GRID        6493        0.13    0.1     0.      
GRID        6494        0.1325  0.1     0.      
GRID        6495        0.135   0.1     0.      
GRID        6496        0.1375  0.1     0.      
GRID        6497        0.14    0.1     0.      
GRID        6498        0.1425  0.1     0.      
GRID        6499        0.145   0.1     0.      
GRID        6500        0.1475  0.1     0.      
GRID        6501        0.15    0.1     0.      
GRID        6502        0.1525  0.1     0.      
GRID        6503        0.155   0.1     0.      
GRID        6504        0.1575  0.1     0.      
GRID        6505        0.16    0.1     0.      
GRID        6506        0.1625  0.1     0.      
GRID        6507        0.165   0.1     0.      
GRID        6508        0.1675  0.1     0.      
GRID        6509        0.17    0.1     0.      
GRID        6510        0.1725  0.1     0.      
GRID        6511        0.175   0.1     0.      
GRID        6512        0.1775  0.1     0.      
GRID        6513        0.18    0.1     0.      
GRID        6514        0.1825  0.1     0.      
GRID        6515        0.185   0.1     0.      
GRID        6516        0.1875  0.1     0.      
GRID        6517        0.19    0.1     0.      
GRID        6518        0.1925  0.1     0.      
GRID        6519        0.195   0.1     0.      
GRID        6520        0.1975  0.1     0.      
GRID        6521        0.2     0.1     0.      
GRID        6522        0.2025  0.1     0.      
GRID        6523        0.205   0.1     0.      
GRID        6524        0.2075  0.1     0.      
GRID        6525        0.21    0.1     0.      
GRID        6526        0.2125  0.1     0.      
GRID        6527        0.215   0.1     0.      
GRID        6528        0.2175  0.1     0.      
GRID        6529        0.22    0.1     0.      
GRID        6530        0.2225  0.1     0.      
GRID        6531        0.225   0.1     0.      
GRID        6532        0.2275  0.1     0.      
GRID        6533        0.23    0.1     0.      
GRID        6534        0.2325  0.1     0.      
GRID        6535        0.235   0.1     0.      
GRID        6536        0.2375  0.1     0.      
GRID        6537        0.24    0.1     0.      
GRID        6538        0.2425  0.1     0.      
GRID        6539        0.245   0.1     0.      
GRID        6540        0.2475  0.1     0.      
GRID        6541        0.25    0.1     0.      
GRID        6542        0.2525  0.1     0.      
GRID        6543        0.255   0.1     0.      
GRID        6544        0.2575  0.1     0.      
GRID        6545        0.26    0.1     0.      
GRID        6546        0.2625  0.1     0.      
GRID        6547        0.265   0.1     0.      
GRID        6548        0.2675  0.1     0.      
GRID        6549        0.27    0.1     0.      
GRID        6550        0.2725  0.1     0.      
GRID        6551        0.275   0.1     0.      
GRID        6552        0.2775  0.1     0.      
GRID        6553        0.28    0.1     0.      
GRID        6554        0.2825  0.1     0.      
GRID        6555        0.285   0.1     0.      
GRID        6556        0.2875  0.1     0.      
GRID        6557        0.29    0.1     0.      
GRID        6558        0.2925  0.1     0.      
GRID        6559        0.295   0.1     0.      
GRID        6560        0.2975  0.1     0.      
GRID        6561        0.3     0.1     0.      
GRID        6562        0.3025  0.1     0.      
GRID        6563        0.305   0.1     0.      
GRID        6564        0.3075  0.1     0.      
GRID        6565        0.31    0.1     0.      
GRID        6566        0.3125  0.1     0.      
GRID        6567        0.315   0.1     0.      
GRID        6568        0.3175  0.1     0.      
GRID        6569        0.32    0.1     0.      
GRID        6570        0.3225  0.1     0.      
GRID        6571        0.325   0.1     0.      
GRID        6572        0.3275  0.1     0.      
GRID        6573        0.33    0.1     0.      
GRID        6574        0.3325  0.1     0.      
GRID        6575        0.335   0.1     0.      
GRID        6576        0.3375  0.1     0.      
GRID        6577        0.34    0.1     0.      
GRID        6578        0.3425  0.1     0.      
GRID        6579        0.345   0.1     0.      
GRID        6580        0.3475  0.1     0.      
GRID        6581        0.35    0.1     0.      
GRID        6582        0.3525  0.1     0.      
GRID        6583        0.355   0.1     0.      
GRID        6584        0.3575  0.1     0.      
GRID        6585        0.36    0.1     0.      
GRID        6586        0.3625  0.1     0.      
GRID        6587        0.365   0.1     0.      
GRID        6588        0.3675  0.1     0.      
GRID        6589        0.37    0.1     0.      
GRID        6590        0.3725  0.1     0.      
GRID        6591        0.375   0.1     0.      
GRID        6592        0.3775  0.1     0.      
GRID        6593        0.38    0.1     0.      
GRID        6594        0.3825  0.1     0.      
GRID        6595        0.385   0.1     0.      
GRID        6596        0.3875  0.1     0.      
GRID        6597        0.39    0.1     0.      
GRID        6598        0.3925  0.1     0.      
GRID        6599        0.395   0.1     0.      
GRID        6600        0.3975  0.1     0.      
GRID        6601        0.4     0.1     0.      
GRID        6602        0.      0.1025  0.      
GRID        6603        0.0025  0.1025  0.      
GRID        6604        0.005   0.1025  0.      
GRID        6605        0.0075  0.1025  0.      
GRID        6606        0.01    0.1025  0.      
GRID        6607        0.0125  0.1025  0.      
GRID        6608        0.015   0.1025  0.      
GRID        6609        0.0175  0.1025  0.      
GRID        6610        0.02    0.1025  0.      
GRID        6611        0.0225  0.1025  0.      
GRID        6612        0.025   0.1025  0.      
GRID        6613        0.0275  0.1025  0.      
GRID        6614        0.03    0.1025  0.      
GRID        6615        0.0325  0.1025  0.      
GRID        6616        0.035   0.1025  0.      
GRID        6617        0.0375  0.1025  0.      
GRID        6618        0.04    0.1025  0.      
GRID        6619        0.0425  0.1025  0.      
GRID        6620        0.045   0.1025  0.      
GRID        6621        0.0475  0.1025  0.      
GRID        6622        0.05    0.1025  0.      
GRID        6623        0.0525  0.1025  0.      
GRID        6624        0.055   0.1025  0.      
GRID        6625        0.0575  0.1025  0.      
GRID        6626        0.06    0.1025  0.      
GRID        6627        0.0625  0.1025  0.      
GRID        6628        0.065   0.1025  0.      
GRID        6629        0.0675  0.1025  0.      
GRID        6630        0.07    0.1025  0.      
GRID        6631        0.0725  0.1025  0.      
GRID        6632        0.075   0.1025  0.      
GRID        6633        0.0775  0.1025  0.      
GRID        6634        0.08    0.1025  0.      
GRID        6635        0.0825  0.1025  0.      
GRID        6636        0.085   0.1025  0.      
GRID        6637        0.0875  0.1025  0.      
GRID        6638        0.09    0.1025  0.      
GRID        6639        0.0925  0.1025  0.      
GRID        6640        0.095   0.1025  0.      
GRID        6641        0.0975  0.1025  0.      
GRID        6642        0.1     0.1025  0.      
GRID        6643        0.1025  0.1025  0.      
GRID        6644        0.105   0.1025  0.      
GRID        6645        0.1075  0.1025  0.      
GRID        6646        0.11    0.1025  0.      
GRID        6647        0.1125  0.1025  0.      
GRID        6648        0.115   0.1025  0.      
GRID        6649        0.1175  0.1025  0.      
GRID        6650        0.12    0.1025  0.      
GRID        6651        0.1225  0.1025  0.      
GRID        6652        0.125   0.1025  0.      
GRID        6653        0.1275  0.1025  0.      
GRID        6654        0.13    0.1025  0.      
GRID        6655        0.1325  0.1025  0.      
GRID        6656        0.135   0.1025  0.      
GRID        6657        0.1375  0.1025  0.      
GRID        6658        0.14    0.1025  0.      
GRID        6659        0.1425  0.1025  0.      
GRID        6660        0.145   0.1025  0.      
GRID        6661        0.1475  0.1025  0.      
GRID        6662        0.15    0.1025  0.      
GRID        6663        0.1525  0.1025  0.      
GRID        6664        0.155   0.1025  0.      
GRID        6665        0.1575  0.1025  0.      
GRID        6666        0.16    0.1025  0.      
GRID        6667        0.1625  0.1025  0.      
GRID        6668        0.165   0.1025  0.      
GRID        6669        0.1675  0.1025  0.      
GRID        6670        0.17    0.1025  0.      
GRID        6671        0.1725  0.1025  0.      
GRID        6672        0.175   0.1025  0.      
GRID        6673        0.1775  0.1025  0.      
GRID        6674        0.18    0.1025  0.      
GRID        6675        0.1825  0.1025  0.      
GRID        6676        0.185   0.1025  0.      
GRID        6677        0.1875  0.1025  0.      
GRID        6678        0.19    0.1025  0.      
GRID        6679        0.1925  0.1025  0.      
GRID        6680        0.195   0.1025  0.      
GRID        6681        0.1975  0.1025  0.      
GRID        6682        0.2     0.1025  0.      
GRID        6683        0.2025  0.1025  0.      
GRID        6684        0.205   0.1025  0.      
GRID        6685        0.2075  0.1025  0.      
GRID        6686        0.21    0.1025  0.      
GRID        6687        0.2125  0.1025  0.      
GRID        6688        0.215   0.1025  0.      
GRID        6689        0.2175  0.1025  0.      
GRID        6690        0.22    0.1025  0.      
GRID        6691        0.2225  0.1025  0.      
GRID        6692        0.225   0.1025  0.      
GRID        6693        0.2275  0.1025  0.      
GRID        6694        0.23    0.1025  0.      
GRID        6695        0.2325  0.1025  0.      
GRID        6696        0.235   0.1025  0.      
GRID        6697        0.2375  0.1025  0.      
GRID        6698        0.24    0.1025  0.      
GRID        6699        0.2425  0.1025  0.      
GRID        6700        0.245   0.1025  0.      
GRID        6701        0.2475  0.1025  0.      
GRID        6702        0.25    0.1025  0.      
GRID        6703        0.2525  0.1025  0.      
GRID        6704        0.255   0.1025  0.      
GRID        6705        0.2575  0.1025  0.      
GRID        6706        0.26    0.1025  0.      
GRID        6707        0.2625  0.1025  0.      
GRID        6708        0.265   0.1025  0.      
GRID        6709        0.2675  0.1025  0.      
GRID        6710        0.27    0.1025  0.      
GRID        6711        0.2725  0.1025  0.      
GRID        6712        0.275   0.1025  0.      
GRID        6713        0.2775  0.1025  0.      
GRID        6714        0.28    0.1025  0.      
GRID        6715        0.2825  0.1025  0.      
GRID        6716        0.285   0.1025  0.      
GRID        6717        0.2875  0.1025  0.      
GRID        6718        0.29    0.1025  0.      
GRID        6719        0.2925  0.1025  0.      
GRID        6720        0.295   0.1025  0.      
GRID        6721        0.2975  0.1025  0.      
GRID        6722        0.3     0.1025  0.      
GRID        6723        0.3025  0.1025  0.      
GRID        6724        0.305   0.1025  0.      
GRID        6725        0.3075  0.1025  0.      
GRID        6726        0.31    0.1025  0.      
GRID        6727        0.3125  0.1025  0.      
GRID        6728        0.315   0.1025  0.      
GRID        6729        0.3175  0.1025  0.      
GRID        6730        0.32    0.1025  0.      
GRID        6731        0.3225  0.1025  0.      
GRID        6732        0.325   0.1025  0.      
GRID        6733        0.3275  0.1025  0.      
GRID        6734        0.33    0.1025  0.      
GRID        6735        0.3325  0.1025  0.      
GRID        6736        0.335   0.1025  0.      
GRID        6737        0.3375  0.1025  0.      
GRID        6738        0.34    0.1025  0.      
GRID        6739        0.3425  0.1025  0.      
GRID        6740        0.345   0.1025  0.      
GRID        6741        0.3475  0.1025  0.      
GRID        6742        0.35    0.1025  0.      
GRID        6743        0.3525  0.1025  0.      
GRID        6744        0.355   0.1025  0.      
GRID        6745        0.3575  0.1025  0.      
GRID        6746        0.36    0.1025  0.      
GRID        6747        0.3625  0.1025  0.      
GRID        6748        0.365   0.1025  0.      
GRID        6749        0.3675  0.1025  0.      
GRID        6750        0.37    0.1025  0.      
GRID        6751        0.3725  0.1025  0.      
GRID        6752        0.375   0.1025  0.      
GRID        6753        0.3775  0.1025  0.      
GRID        6754        0.38    0.1025  0.      
GRID        6755        0.3825  0.1025  0.      
GRID        6756        0.385   0.1025  0.      
GRID        6757        0.3875  0.1025  0.      
GRID        6758        0.39    0.1025  0.      
GRID        6759        0.3925  0.1025  0.      
GRID        6760        0.395   0.1025  0.      
GRID        6761        0.3975  0.1025  0.      
GRID        6762        0.4     0.1025  0.      
GRID        6763        0.      0.105   0.      
GRID        6764        0.0025  0.105   0.      
GRID        6765        0.005   0.105   0.      
GRID        6766        0.0075  0.105   0.      
GRID        6767        0.01    0.105   0.      
GRID        6768        0.0125  0.105   0.      
GRID        6769        0.015   0.105   0.      
GRID        6770        0.0175  0.105   0.      
GRID        6771        0.02    0.105   0.      
GRID        6772        0.0225  0.105   0.      
GRID        6773        0.025   0.105   0.      
GRID        6774        0.0275  0.105   0.      
GRID        6775        0.03    0.105   0.      
GRID        6776        0.0325  0.105   0.      
GRID        6777        0.035   0.105   0.      
GRID        6778        0.0375  0.105   0.      
GRID        6779        0.04    0.105   0.      
GRID        6780        0.0425  0.105   0.      
GRID        6781        0.045   0.105   0.      
GRID        6782        0.0475  0.105   0.      
GRID        6783        0.05    0.105   0.      
GRID        6784        0.0525  0.105   0.      
GRID        6785        0.055   0.105   0.      
GRID        6786        0.0575  0.105   0.      
GRID        6787        0.06    0.105   0.      
GRID        6788        0.0625  0.105   0.      
GRID        6789        0.065   0.105   0.      
GRID        6790        0.0675  0.105   0.      
GRID        6791        0.07    0.105   0.      
GRID        6792        0.0725  0.105   0.      
GRID        6793        0.075   0.105   0.      
GRID        6794        0.0775  0.105   0.      
GRID        6795        0.08    0.105   0.      
GRID        6796        0.0825  0.105   0.      
GRID        6797        0.085   0.105   0.      
GRID        6798        0.0875  0.105   0.      
GRID        6799        0.09    0.105   0.      
GRID        6800        0.0925  0.105   0.      
GRID        6801        0.095   0.105   0.      
GRID        6802        0.0975  0.105   0.      
GRID        6803        0.1     0.105   0.      
GRID        6804        0.1025  0.105   0.      
GRID        6805        0.105   0.105   0.      
GRID        6806        0.1075  0.105   0.      
GRID        6807        0.11    0.105   0.      
GRID        6808        0.1125  0.105   0.      
GRID        6809        0.115   0.105   0.      
GRID        6810        0.1175  0.105   0.      
GRID        6811        0.12    0.105   0.      
GRID        6812        0.1225  0.105   0.      
GRID        6813        0.125   0.105   0.      
GRID        6814        0.1275  0.105   0.      
GRID        6815        0.13    0.105   0.      
GRID        6816        0.1325  0.105   0.      
GRID        6817        0.135   0.105   0.      
GRID        6818        0.1375  0.105   0.      
GRID        6819        0.14    0.105   0.      
GRID        6820        0.1425  0.105   0.      
GRID        6821        0.145   0.105   0.      
GRID        6822        0.1475  0.105   0.      
GRID        6823        0.15    0.105   0.      
GRID        6824        0.1525  0.105   0.      
GRID        6825        0.155   0.105   0.      
GRID        6826        0.1575  0.105   0.      
GRID        6827        0.16    0.105   0.      
GRID        6828        0.1625  0.105   0.      
GRID        6829        0.165   0.105   0.      
GRID        6830        0.1675  0.105   0.      
GRID        6831        0.17    0.105   0.      
GRID        6832        0.1725  0.105   0.      
GRID        6833        0.175   0.105   0.      
GRID        6834        0.1775  0.105   0.      
GRID        6835        0.18    0.105   0.      
GRID        6836        0.1825  0.105   0.      
GRID        6837        0.185   0.105   0.      
GRID        6838        0.1875  0.105   0.      
GRID        6839        0.19    0.105   0.      
GRID        6840        0.1925  0.105   0.      
GRID        6841        0.195   0.105   0.      
GRID        6842        0.1975  0.105   0.      
GRID        6843        0.2     0.105   0.      
GRID        6844        0.2025  0.105   0.      
GRID        6845        0.205   0.105   0.      
GRID        6846        0.2075  0.105   0.      
GRID        6847        0.21    0.105   0.      
GRID        6848        0.2125  0.105   0.      
GRID        6849        0.215   0.105   0.      
GRID        6850        0.2175  0.105   0.      
GRID        6851        0.22    0.105   0.      
GRID        6852        0.2225  0.105   0.      
GRID        6853        0.225   0.105   0.      
GRID        6854        0.2275  0.105   0.      
GRID        6855        0.23    0.105   0.      
GRID        6856        0.2325  0.105   0.      
GRID        6857        0.235   0.105   0.      
GRID        6858        0.2375  0.105   0.      
GRID        6859        0.24    0.105   0.      
GRID        6860        0.2425  0.105   0.      
GRID        6861        0.245   0.105   0.      
GRID        6862        0.2475  0.105   0.      
GRID        6863        0.25    0.105   0.      
GRID        6864        0.2525  0.105   0.      
GRID        6865        0.255   0.105   0.      
GRID        6866        0.2575  0.105   0.      
GRID        6867        0.26    0.105   0.      
GRID        6868        0.2625  0.105   0.      
GRID        6869        0.265   0.105   0.      
GRID        6870        0.2675  0.105   0.      
GRID        6871        0.27    0.105   0.      
GRID        6872        0.2725  0.105   0.      
GRID        6873        0.275   0.105   0.      
GRID        6874        0.2775  0.105   0.      
GRID        6875        0.28    0.105   0.      
GRID        6876        0.2825  0.105   0.      
GRID        6877        0.285   0.105   0.      
GRID        6878        0.2875  0.105   0.      
GRID        6879        0.29    0.105   0.      
GRID        6880        0.2925  0.105   0.      
GRID        6881        0.295   0.105   0.      
GRID        6882        0.2975  0.105   0.      
GRID        6883        0.3     0.105   0.      
GRID        6884        0.3025  0.105   0.      
GRID        6885        0.305   0.105   0.      
GRID        6886        0.3075  0.105   0.      
GRID        6887        0.31    0.105   0.      
GRID        6888        0.3125  0.105   0.      
GRID        6889        0.315   0.105   0.      
GRID        6890        0.3175  0.105   0.      
GRID        6891        0.32    0.105   0.      
GRID        6892        0.3225  0.105   0.      
GRID        6893        0.325   0.105   0.      
GRID        6894        0.3275  0.105   0.      
GRID        6895        0.33    0.105   0.      
GRID        6896        0.3325  0.105   0.      
GRID        6897        0.335   0.105   0.      
GRID        6898        0.3375  0.105   0.      
GRID        6899        0.34    0.105   0.      
GRID        6900        0.3425  0.105   0.      
GRID        6901        0.345   0.105   0.      
GRID        6902        0.3475  0.105   0.      
GRID        6903        0.35    0.105   0.      
GRID        6904        0.3525  0.105   0.      
GRID        6905        0.355   0.105   0.      
GRID        6906        0.3575  0.105   0.      
GRID        6907        0.36    0.105   0.      
GRID        6908        0.3625  0.105   0.      
GRID        6909        0.365   0.105   0.      
GRID        6910        0.3675  0.105   0.      
GRID        6911        0.37    0.105   0.      
GRID        6912        0.3725  0.105   0.      
GRID        6913        0.375   0.105   0.      
GRID        6914        0.3775  0.105   0.      
GRID        6915        0.38    0.105   0.      
GRID        6916        0.3825  0.105   0.      
GRID        6917        0.385   0.105   0.      
GRID        6918        0.3875  0.105   0.      
GRID        6919        0.39    0.105   0.      
GRID        6920        0.3925  0.105   0.      
GRID        6921        0.395   0.105   0.      
GRID        6922        0.3975  0.105   0.      
GRID        6923        0.4     0.105   0.      
GRID        6924        0.      0.1075  0.      
GRID        6925        0.0025  0.1075  0.      
GRID        6926        0.005   0.1075  0.      
GRID        6927        0.0075  0.1075  0.      
GRID        6928        0.01    0.1075  0.      
GRID        6929        0.0125  0.1075  0.      
GRID        6930        0.015   0.1075  0.      
GRID        6931        0.0175  0.1075  0.      
GRID        6932        0.02    0.1075  0.      
GRID        6933        0.0225  0.1075  0.      
GRID        6934        0.025   0.1075  0.      
GRID        6935        0.0275  0.1075  0.      
GRID        6936        0.03    0.1075  0.      
GRID        6937        0.0325  0.1075  0.      
GRID        6938        0.035   0.1075  0.      
GRID        6939        0.0375  0.1075  0.      
GRID        6940        0.04    0.1075  0.      
GRID        6941        0.0425  0.1075  0.      
GRID        6942        0.045   0.1075  0.      
GRID        6943        0.0475  0.1075  0.      
GRID        6944        0.05    0.1075  0.      
GRID        6945        0.0525  0.1075  0.      
GRID        6946        0.055   0.1075  0.      
GRID        6947        0.0575  0.1075  0.      
GRID        6948        0.06    0.1075  0.      
GRID        6949        0.0625  0.1075  0.      
GRID        6950        0.065   0.1075  0.      
GRID        6951        0.0675  0.1075  0.      
GRID        6952        0.07    0.1075  0.      
GRID        6953        0.0725  0.1075  0.      
GRID        6954        0.075   0.1075  0.      
GRID        6955        0.0775  0.1075  0.      
GRID        6956        0.08    0.1075  0.      
GRID        6957        0.0825  0.1075  0.      
GRID        6958        0.085   0.1075  0.      
GRID        6959        0.0875  0.1075  0.      
GRID        6960        0.09    0.1075  0.      
GRID        6961        0.0925  0.1075  0.      
GRID        6962        0.095   0.1075  0.      
GRID        6963        0.0975  0.1075  0.      
GRID        6964        0.1     0.1075  0.      
GRID        6965        0.1025  0.1075  0.      
GRID        6966        0.105   0.1075  0.      
GRID        6967        0.1075  0.1075  0.      
GRID        6968        0.11    0.1075  0.      
GRID        6969        0.1125  0.1075  0.      
GRID        6970        0.115   0.1075  0.      
GRID        6971        0.1175  0.1075  0.      
GRID        6972        0.12    0.1075  0.      
GRID        6973        0.1225  0.1075  0.      
GRID        6974        0.125   0.1075  0.      
GRID        6975        0.1275  0.1075  0.      
GRID        6976        0.13    0.1075  0.      
GRID        6977        0.1325  0.1075  0.      
GRID        6978        0.135   0.1075  0.      
GRID        6979        0.1375  0.1075  0.      
GRID        6980        0.14    0.1075  0.      
GRID        6981        0.1425  0.1075  0.      
GRID        6982        0.145   0.1075  0.      
GRID        6983        0.1475  0.1075  0.      
GRID        6984        0.15    0.1075  0.      
GRID        6985        0.1525  0.1075  0.      
GRID        6986        0.155   0.1075  0.      
GRID        6987        0.1575  0.1075  0.      
GRID        6988        0.16    0.1075  0.      
GRID        6989        0.1625  0.1075  0.      
GRID        6990        0.165   0.1075  0.      
GRID        6991        0.1675  0.1075  0.      
GRID        6992        0.17    0.1075  0.      
GRID        6993        0.1725  0.1075  0.      
GRID        6994        0.175   0.1075  0.      
GRID        6995        0.1775  0.1075  0.      
GRID        6996        0.18    0.1075  0.      
GRID        6997        0.1825  0.1075  0.      
GRID        6998        0.185   0.1075  0.      
GRID        6999        0.1875  0.1075  0.      
GRID        7000        0.19    0.1075  0.      
GRID        7001        0.1925  0.1075  0.      
GRID        7002        0.195   0.1075  0.      
GRID        7003        0.1975  0.1075  0.      
GRID        7004        0.2     0.1075  0.      
GRID        7005        0.2025  0.1075  0.      
GRID        7006        0.205   0.1075  0.      
GRID        7007        0.2075  0.1075  0.      
GRID        7008        0.21    0.1075  0.      
GRID        7009        0.2125  0.1075  0.      
GRID        7010        0.215   0.1075  0.      
GRID        7011        0.2175  0.1075  0.      
GRID        7012        0.22    0.1075  0.      
GRID        7013        0.2225  0.1075  0.      
GRID        7014        0.225   0.1075  0.      
GRID        7015        0.2275  0.1075  0.      
GRID        7016        0.23    0.1075  0.      
GRID        7017        0.2325  0.1075  0.      
GRID        7018        0.235   0.1075  0.      
GRID        7019        0.2375  0.1075  0.      
GRID        7020        0.24    0.1075  0.      
GRID        7021        0.2425  0.1075  0.      
GRID        7022        0.245   0.1075  0.      
GRID        7023        0.2475  0.1075  0.      
GRID        7024        0.25    0.1075  0.      
GRID        7025        0.2525  0.1075  0.      
GRID        7026        0.255   0.1075  0.      
GRID        7027        0.2575  0.1075  0.      
GRID        7028        0.26    0.1075  0.      
GRID        7029        0.2625  0.1075  0.      
GRID        7030        0.265   0.1075  0.      
GRID        7031        0.2675  0.1075  0.      
GRID        7032        0.27    0.1075  0.      
GRID        7033        0.2725  0.1075  0.      
GRID        7034        0.275   0.1075  0.      
GRID        7035        0.2775  0.1075  0.      
GRID        7036        0.28    0.1075  0.      
GRID        7037        0.2825  0.1075  0.      
GRID        7038        0.285   0.1075  0.      
GRID        7039        0.2875  0.1075  0.      
GRID        7040        0.29    0.1075  0.      
GRID        7041        0.2925  0.1075  0.      
GRID        7042        0.295   0.1075  0.      
GRID        7043        0.2975  0.1075  0.      
GRID        7044        0.3     0.1075  0.      
GRID        7045        0.3025  0.1075  0.      
GRID        7046        0.305   0.1075  0.      
GRID        7047        0.3075  0.1075  0.      
GRID        7048        0.31    0.1075  0.      
GRID        7049        0.3125  0.1075  0.      
GRID        7050        0.315   0.1075  0.      
GRID        7051        0.3175  0.1075  0.      
GRID        7052        0.32    0.1075  0.      
GRID        7053        0.3225  0.1075  0.      
GRID        7054        0.325   0.1075  0.      
GRID        7055        0.3275  0.1075  0.      
GRID        7056        0.33    0.1075  0.      
GRID        7057        0.3325  0.1075  0.      
GRID        7058        0.335   0.1075  0.      
GRID        7059        0.3375  0.1075  0.      
GRID        7060        0.34    0.1075  0.      
GRID        7061        0.3425  0.1075  0.      
GRID        7062        0.345   0.1075  0.      
GRID        7063        0.3475  0.1075  0.      
GRID        7064        0.35    0.1075  0.      
GRID        7065        0.3525  0.1075  0.      
GRID        7066        0.355   0.1075  0.      
GRID        7067        0.3575  0.1075  0.      
GRID        7068        0.36    0.1075  0.      
GRID        7069        0.3625  0.1075  0.      
GRID        7070        0.365   0.1075  0.      
GRID        7071        0.3675  0.1075  0.      
GRID        7072        0.37    0.1075  0.      
GRID        7073        0.3725  0.1075  0.      
GRID        7074        0.375   0.1075  0.      
GRID        7075        0.3775  0.1075  0.      
GRID        7076        0.38    0.1075  0.      
GRID        7077        0.3825  0.1075  0.      
GRID        7078        0.385   0.1075  0.      
GRID        7079        0.3875  0.1075  0.      
GRID        7080        0.39    0.1075  0.      
GRID        7081        0.3925  0.1075  0.      
GRID        7082        0.395   0.1075  0.      
GRID        7083        0.3975  0.1075  0.      
GRID        7084        0.4     0.1075  0.      
GRID        7085        0.      0.11    0.      
GRID        7086        0.0025  0.11    0.      
GRID        7087        0.005   0.11    0.      
GRID        7088        0.0075  0.11    0.      
GRID        7089        0.01    0.11    0.      
GRID        7090        0.0125  0.11    0.      
GRID        7091        0.015   0.11    0.      
GRID        7092        0.0175  0.11    0.      
GRID        7093        0.02    0.11    0.      
GRID        7094        0.0225  0.11    0.      
GRID        7095        0.025   0.11    0.      
GRID        7096        0.0275  0.11    0.      
GRID        7097        0.03    0.11    0.      
GRID        7098        0.0325  0.11    0.      
GRID        7099        0.035   0.11    0.      
GRID        7100        0.0375  0.11    0.      
GRID        7101        0.04    0.11    0.      
GRID        7102        0.0425  0.11    0.      
GRID        7103        0.045   0.11    0.      
GRID        7104        0.0475  0.11    0.      
GRID        7105        0.05    0.11    0.      
GRID        7106        0.0525  0.11    0.      
GRID        7107        0.055   0.11    0.      
GRID        7108        0.0575  0.11    0.      
GRID        7109        0.06    0.11    0.      
GRID        7110        0.0625  0.11    0.      
GRID        7111        0.065   0.11    0.      
GRID        7112        0.0675  0.11    0.      
GRID        7113        0.07    0.11    0.      
GRID        7114        0.0725  0.11    0.      
GRID        7115        0.075   0.11    0.      
GRID        7116        0.0775  0.11    0.      
GRID        7117        0.08    0.11    0.      
GRID        7118        0.0825  0.11    0.      
GRID        7119        0.085   0.11    0.      
GRID        7120        0.0875  0.11    0.      
GRID        7121        0.09    0.11    0.      
GRID        7122        0.0925  0.11    0.      
GRID        7123        0.095   0.11    0.      
GRID        7124        0.0975  0.11    0.      
GRID        7125        0.1     0.11    0.      
GRID        7126        0.1025  0.11    0.      
GRID        7127        0.105   0.11    0.      
GRID        7128        0.1075  0.11    0.      
GRID        7129        0.11    0.11    0.      
GRID        7130        0.1125  0.11    0.      
GRID        7131        0.115   0.11    0.      
GRID        7132        0.1175  0.11    0.      
GRID        7133        0.12    0.11    0.      
GRID        7134        0.1225  0.11    0.      
GRID        7135        0.125   0.11    0.      
GRID        7136        0.1275  0.11    0.      
GRID        7137        0.13    0.11    0.      
GRID        7138        0.1325  0.11    0.      
GRID        7139        0.135   0.11    0.      
GRID        7140        0.1375  0.11    0.      
GRID        7141        0.14    0.11    0.      
GRID        7142        0.1425  0.11    0.      
GRID        7143        0.145   0.11    0.      
GRID        7144        0.1475  0.11    0.      
GRID        7145        0.15    0.11    0.      
GRID        7146        0.1525  0.11    0.      
GRID        7147        0.155   0.11    0.      
GRID        7148        0.1575  0.11    0.      
GRID        7149        0.16    0.11    0.      
GRID        7150        0.1625  0.11    0.      
GRID        7151        0.165   0.11    0.      
GRID        7152        0.1675  0.11    0.      
GRID        7153        0.17    0.11    0.      
GRID        7154        0.1725  0.11    0.      
GRID        7155        0.175   0.11    0.      
GRID        7156        0.1775  0.11    0.      
GRID        7157        0.18    0.11    0.      
GRID        7158        0.1825  0.11    0.      
GRID        7159        0.185   0.11    0.      
GRID        7160        0.1875  0.11    0.      
GRID        7161        0.19    0.11    0.      
GRID        7162        0.1925  0.11    0.      
GRID        7163        0.195   0.11    0.      
GRID        7164        0.1975  0.11    0.      
GRID        7165        0.2     0.11    0.      
GRID        7166        0.2025  0.11    0.      
GRID        7167        0.205   0.11    0.      
GRID        7168        0.2075  0.11    0.      
GRID        7169        0.21    0.11    0.      
GRID        7170        0.2125  0.11    0.      
GRID        7171        0.215   0.11    0.      
GRID        7172        0.2175  0.11    0.      
GRID        7173        0.22    0.11    0.      
GRID        7174        0.2225  0.11    0.      
GRID        7175        0.225   0.11    0.      
GRID        7176        0.2275  0.11    0.      
GRID        7177        0.23    0.11    0.      
GRID        7178        0.2325  0.11    0.      
GRID        7179        0.235   0.11    0.      
GRID        7180        0.2375  0.11    0.      
GRID        7181        0.24    0.11    0.      
GRID        7182        0.2425  0.11    0.      
GRID        7183        0.245   0.11    0.      
GRID        7184        0.2475  0.11    0.      
GRID        7185        0.25    0.11    0.      
GRID        7186        0.2525  0.11    0.      
GRID        7187        0.255   0.11    0.      
GRID        7188        0.2575  0.11    0.      
GRID        7189        0.26    0.11    0.      
GRID        7190        0.2625  0.11    0.      
GRID        7191        0.265   0.11    0.      
GRID        7192        0.2675  0.11    0.      
GRID        7193        0.27    0.11    0.      
GRID        7194        0.2725  0.11    0.      
GRID        7195        0.275   0.11    0.      
GRID        7196        0.2775  0.11    0.      
GRID        7197        0.28    0.11    0.      
GRID        7198        0.2825  0.11    0.      
GRID        7199        0.285   0.11    0.      
GRID        7200        0.2875  0.11    0.      
GRID        7201        0.29    0.11    0.      
GRID        7202        0.2925  0.11    0.      
GRID        7203        0.295   0.11    0.      
GRID        7204        0.2975  0.11    0.      
GRID        7205        0.3     0.11    0.      
GRID        7206        0.3025  0.11    0.      
GRID        7207        0.305   0.11    0.      
GRID        7208        0.3075  0.11    0.      
GRID        7209        0.31    0.11    0.      
GRID        7210        0.3125  0.11    0.      
GRID        7211        0.315   0.11    0.      
GRID        7212        0.3175  0.11    0.      
GRID        7213        0.32    0.11    0.      
GRID        7214        0.3225  0.11    0.      
GRID        7215        0.325   0.11    0.      
GRID        7216        0.3275  0.11    0.      
GRID        7217        0.33    0.11    0.      
GRID        7218        0.3325  0.11    0.      
GRID        7219        0.335   0.11    0.      
GRID        7220        0.3375  0.11    0.      
GRID        7221        0.34    0.11    0.      
GRID        7222        0.3425  0.11    0.      
GRID        7223        0.345   0.11    0.      
GRID        7224        0.3475  0.11    0.      
GRID        7225        0.35    0.11    0.      
GRID        7226        0.3525  0.11    0.      
GRID        7227        0.355   0.11    0.      
GRID        7228        0.3575  0.11    0.      
GRID        7229        0.36    0.11    0.      
GRID        7230        0.3625  0.11    0.      
GRID        7231        0.365   0.11    0.      
GRID        7232        0.3675  0.11    0.      
GRID        7233        0.37    0.11    0.      
GRID        7234        0.3725  0.11    0.      
GRID        7235        0.375   0.11    0.      
GRID        7236        0.3775  0.11    0.      
GRID        7237        0.38    0.11    0.      
GRID        7238        0.3825  0.11    0.      
GRID        7239        0.385   0.11    0.      
GRID        7240        0.3875  0.11    0.      
GRID        7241        0.39    0.11    0.      
GRID        7242        0.3925  0.11    0.      
GRID        7243        0.395   0.11    0.      
GRID        7244        0.3975  0.11    0.      
GRID        7245        0.4     0.11    0.      
GRID        7246        0.      0.1125  0.      
GRID        7247        0.0025  0.1125  0.      
GRID        7248        0.005   0.1125  0.      
GRID        7249        0.0075  0.1125  0.      
GRID        7250        0.01    0.1125  0.      
GRID        7251        0.0125  0.1125  0.      
GRID        7252        0.015   0.1125  0.      
GRID        7253        0.0175  0.1125  0.      
GRID        7254        0.02    0.1125  0.      
GRID        7255        0.0225  0.1125  0.      
GRID        7256        0.025   0.1125  0.      
GRID        7257        0.0275  0.1125  0.      
GRID        7258        0.03    0.1125  0.      
GRID        7259        0.0325  0.1125  0.      
GRID        7260        0.035   0.1125  0.      
GRID        7261        0.0375  0.1125  0.      
GRID        7262        0.04    0.1125  0.      
GRID        7263        0.0425  0.1125  0.      
GRID        7264        0.045   0.1125  0.      
GRID        7265        0.0475  0.1125  0.      
GRID        7266        0.05    0.1125  0.      
GRID        7267        0.0525  0.1125  0.      
GRID        7268        0.055   0.1125  0.      
GRID        7269        0.0575  0.1125  0.      
GRID        7270        0.06    0.1125  0.      
GRID        7271        0.0625  0.1125  0.      
GRID        7272        0.065   0.1125  0.      
GRID        7273        0.0675  0.1125  0.      
GRID        7274        0.07    0.1125  0.      
GRID        7275        0.0725  0.1125  0.      
GRID        7276        0.075   0.1125  0.      
GRID        7277        0.0775  0.1125  0.      
GRID        7278        0.08    0.1125  0.      
GRID        7279        0.0825  0.1125  0.      
GRID        7280        0.085   0.1125  0.      
GRID        7281        0.0875  0.1125  0.      
GRID        7282        0.09    0.1125  0.      
GRID        7283        0.0925  0.1125  0.      
GRID        7284        0.095   0.1125  0.      
GRID        7285        0.0975  0.1125  0.      
GRID        7286        0.1     0.1125  0.      
GRID        7287        0.1025  0.1125  0.      
GRID        7288        0.105   0.1125  0.      
GRID        7289        0.1075  0.1125  0.      
GRID        7290        0.11    0.1125  0.      
GRID        7291        0.1125  0.1125  0.      
GRID        7292        0.115   0.1125  0.      
GRID        7293        0.1175  0.1125  0.      
GRID        7294        0.12    0.1125  0.      
GRID        7295        0.1225  0.1125  0.      
GRID        7296        0.125   0.1125  0.      
GRID        7297        0.1275  0.1125  0.      
GRID        7298        0.13    0.1125  0.      
GRID        7299        0.1325  0.1125  0.      
GRID        7300        0.135   0.1125  0.      
GRID        7301        0.1375  0.1125  0.      
GRID        7302        0.14    0.1125  0.      
GRID        7303        0.1425  0.1125  0.      
GRID        7304        0.145   0.1125  0.      
GRID        7305        0.1475  0.1125  0.      
GRID        7306        0.15    0.1125  0.      
GRID        7307        0.1525  0.1125  0.      
GRID        7308        0.155   0.1125  0.      
GRID        7309        0.1575  0.1125  0.      
GRID        7310        0.16    0.1125  0.      
GRID        7311        0.1625  0.1125  0.      
GRID        7312        0.165   0.1125  0.      
GRID        7313        0.1675  0.1125  0.      
GRID        7314        0.17    0.1125  0.      
GRID        7315        0.1725  0.1125  0.      
GRID        7316        0.175   0.1125  0.      
GRID        7317        0.1775  0.1125  0.      
GRID        7318        0.18    0.1125  0.      
GRID        7319        0.1825  0.1125  0.      
GRID        7320        0.185   0.1125  0.      
GRID        7321        0.1875  0.1125  0.      
GRID        7322        0.19    0.1125  0.      
GRID        7323        0.1925  0.1125  0.      
GRID        7324        0.195   0.1125  0.      
GRID        7325        0.1975  0.1125  0.      
GRID        7326        0.2     0.1125  0.      
GRID        7327        0.2025  0.1125  0.      
GRID        7328        0.205   0.1125  0.      
GRID        7329        0.2075  0.1125  0.      
GRID        7330        0.21    0.1125  0.      
GRID        7331        0.2125  0.1125  0.      
GRID        7332        0.215   0.1125  0.      
GRID        7333        0.2175  0.1125  0.      
GRID        7334        0.22    0.1125  0.      
GRID        7335        0.2225  0.1125  0.      
GRID        7336        0.225   0.1125  0.      
GRID        7337        0.2275  0.1125  0.      
GRID        7338        0.23    0.1125  0.      
GRID        7339        0.2325  0.1125  0.      
GRID        7340        0.235   0.1125  0.      
GRID        7341        0.2375  0.1125  0.      
GRID        7342        0.24    0.1125  0.      
GRID        7343        0.2425  0.1125  0.      
GRID        7344        0.245   0.1125  0.      
GRID        7345        0.2475  0.1125  0.      
GRID        7346        0.25    0.1125  0.      
GRID        7347        0.2525  0.1125  0.      
GRID        7348        0.255   0.1125  0.      
GRID        7349        0.2575  0.1125  0.      
GRID        7350        0.26    0.1125  0.      
GRID        7351        0.2625  0.1125  0.      
GRID        7352        0.265   0.1125  0.      
GRID        7353        0.2675  0.1125  0.      
GRID        7354        0.27    0.1125  0.      
GRID        7355        0.2725  0.1125  0.      
GRID        7356        0.275   0.1125  0.      
GRID        7357        0.2775  0.1125  0.      
GRID        7358        0.28    0.1125  0.      
GRID        7359        0.2825  0.1125  0.      
GRID        7360        0.285   0.1125  0.      
GRID        7361        0.2875  0.1125  0.      
GRID        7362        0.29    0.1125  0.      
GRID        7363        0.2925  0.1125  0.      
GRID        7364        0.295   0.1125  0.      
GRID        7365        0.2975  0.1125  0.      
GRID        7366        0.3     0.1125  0.      
GRID        7367        0.3025  0.1125  0.      
GRID        7368        0.305   0.1125  0.      
GRID        7369        0.3075  0.1125  0.      
GRID        7370        0.31    0.1125  0.      
GRID        7371        0.3125  0.1125  0.      
GRID        7372        0.315   0.1125  0.      
GRID        7373        0.3175  0.1125  0.      
GRID        7374        0.32    0.1125  0.      
GRID        7375        0.3225  0.1125  0.      
GRID        7376        0.325   0.1125  0.      
GRID        7377        0.3275  0.1125  0.      
GRID        7378        0.33    0.1125  0.      
GRID        7379        0.3325  0.1125  0.      
GRID        7380        0.335   0.1125  0.      
GRID        7381        0.3375  0.1125  0.      
GRID        7382        0.34    0.1125  0.      
GRID        7383        0.3425  0.1125  0.      
GRID        7384        0.345   0.1125  0.      
GRID        7385        0.3475  0.1125  0.      
GRID        7386        0.35    0.1125  0.      
GRID        7387        0.3525  0.1125  0.      
GRID        7388        0.355   0.1125  0.      
GRID        7389        0.3575  0.1125  0.      
GRID        7390        0.36    0.1125  0.      
GRID        7391        0.3625  0.1125  0.      
GRID        7392        0.365   0.1125  0.      
GRID        7393        0.3675  0.1125  0.      
GRID        7394        0.37    0.1125  0.      
GRID        7395        0.3725  0.1125  0.      
GRID        7396        0.375   0.1125  0.      
GRID        7397        0.3775  0.1125  0.      
GRID        7398        0.38    0.1125  0.      
GRID        7399        0.3825  0.1125  0.      
GRID        7400        0.385   0.1125  0.      
GRID        7401        0.3875  0.1125  0.      
GRID        7402        0.39    0.1125  0.      
GRID        7403        0.3925  0.1125  0.      
GRID        7404        0.395   0.1125  0.      
GRID        7405        0.3975  0.1125  0.      
GRID        7406        0.4     0.1125  0.      
GRID        7407        0.      0.115   0.      
GRID        7408        0.0025  0.115   0.      
GRID        7409        0.005   0.115   0.      
GRID        7410        0.0075  0.115   0.      
GRID        7411        0.01    0.115   0.      
GRID        7412        0.0125  0.115   0.      
GRID        7413        0.015   0.115   0.      
GRID        7414        0.0175  0.115   0.      
GRID        7415        0.02    0.115   0.      
GRID        7416        0.0225  0.115   0.      
GRID        7417        0.025   0.115   0.      
GRID        7418        0.0275  0.115   0.      
GRID        7419        0.03    0.115   0.      
GRID        7420        0.0325  0.115   0.      
GRID        7421        0.035   0.115   0.      
GRID        7422        0.0375  0.115   0.      
GRID        7423        0.04    0.115   0.      
GRID        7424        0.0425  0.115   0.      
GRID        7425        0.045   0.115   0.      
GRID        7426        0.0475  0.115   0.      
GRID        7427        0.05    0.115   0.      
GRID        7428        0.0525  0.115   0.      
GRID        7429        0.055   0.115   0.      
GRID        7430        0.0575  0.115   0.      
GRID        7431        0.06    0.115   0.      
GRID        7432        0.0625  0.115   0.      
GRID        7433        0.065   0.115   0.      
GRID        7434        0.0675  0.115   0.      
GRID        7435        0.07    0.115   0.      
GRID        7436        0.0725  0.115   0.      
GRID        7437        0.075   0.115   0.      
GRID        7438        0.0775  0.115   0.      
GRID        7439        0.08    0.115   0.      
GRID        7440        0.0825  0.115   0.      
GRID        7441        0.085   0.115   0.      
GRID        7442        0.0875  0.115   0.      
GRID        7443        0.09    0.115   0.      
GRID        7444        0.0925  0.115   0.      
GRID        7445        0.095   0.115   0.      
GRID        7446        0.0975  0.115   0.      
GRID        7447        0.1     0.115   0.      
GRID        7448        0.1025  0.115   0.      
GRID        7449        0.105   0.115   0.      
GRID        7450        0.1075  0.115   0.      
GRID        7451        0.11    0.115   0.      
GRID        7452        0.1125  0.115   0.      
GRID        7453        0.115   0.115   0.      
GRID        7454        0.1175  0.115   0.      
GRID        7455        0.12    0.115   0.      
GRID        7456        0.1225  0.115   0.      
GRID        7457        0.125   0.115   0.      
GRID        7458        0.1275  0.115   0.      
GRID        7459        0.13    0.115   0.      
GRID        7460        0.1325  0.115   0.      
GRID        7461        0.135   0.115   0.      
GRID        7462        0.1375  0.115   0.      
GRID        7463        0.14    0.115   0.      
GRID        7464        0.1425  0.115   0.      
GRID        7465        0.145   0.115   0.      
GRID        7466        0.1475  0.115   0.      
GRID        7467        0.15    0.115   0.      
GRID        7468        0.1525  0.115   0.      
GRID        7469        0.155   0.115   0.      
GRID        7470        0.1575  0.115   0.      
GRID        7471        0.16    0.115   0.      
GRID        7472        0.1625  0.115   0.      
GRID        7473        0.165   0.115   0.      
GRID        7474        0.1675  0.115   0.      
GRID        7475        0.17    0.115   0.      
GRID        7476        0.1725  0.115   0.      
GRID        7477        0.175   0.115   0.      
GRID        7478        0.1775  0.115   0.      
GRID        7479        0.18    0.115   0.      
GRID        7480        0.1825  0.115   0.      
GRID        7481        0.185   0.115   0.      
GRID        7482        0.1875  0.115   0.      
GRID        7483        0.19    0.115   0.      
GRID        7484        0.1925  0.115   0.      
GRID        7485        0.195   0.115   0.      
GRID        7486        0.1975  0.115   0.      
GRID        7487        0.2     0.115   0.      
GRID        7488        0.2025  0.115   0.      
GRID        7489        0.205   0.115   0.      
GRID        7490        0.2075  0.115   0.      
GRID        7491        0.21    0.115   0.      
GRID        7492        0.2125  0.115   0.      
GRID        7493        0.215   0.115   0.      
GRID        7494        0.2175  0.115   0.      
GRID        7495        0.22    0.115   0.      
GRID        7496        0.2225  0.115   0.      
GRID        7497        0.225   0.115   0.      
GRID        7498        0.2275  0.115   0.      
GRID        7499        0.23    0.115   0.      
GRID        7500        0.2325  0.115   0.      
GRID        7501        0.235   0.115   0.      
GRID        7502        0.2375  0.115   0.      
GRID        7503        0.24    0.115   0.      
GRID        7504        0.2425  0.115   0.      
GRID        7505        0.245   0.115   0.      
GRID        7506        0.2475  0.115   0.      
GRID        7507        0.25    0.115   0.      
GRID        7508        0.2525  0.115   0.      
GRID        7509        0.255   0.115   0.      
GRID        7510        0.2575  0.115   0.      
GRID        7511        0.26    0.115   0.      
GRID        7512        0.2625  0.115   0.      
GRID        7513        0.265   0.115   0.      
GRID        7514        0.2675  0.115   0.      
GRID        7515        0.27    0.115   0.      
GRID        7516        0.2725  0.115   0.      
GRID        7517        0.275   0.115   0.      
GRID        7518        0.2775  0.115   0.      
GRID        7519        0.28    0.115   0.      
GRID        7520        0.2825  0.115   0.      
GRID        7521        0.285   0.115   0.      
GRID        7522        0.2875  0.115   0.      
GRID        7523        0.29    0.115   0.      
GRID        7524        0.2925  0.115   0.      
GRID        7525        0.295   0.115   0.      
GRID        7526        0.2975  0.115   0.      
GRID        7527        0.3     0.115   0.      
GRID        7528        0.3025  0.115   0.      
GRID        7529        0.305   0.115   0.      
GRID        7530        0.3075  0.115   0.      
GRID        7531        0.31    0.115   0.      
GRID        7532        0.3125  0.115   0.      
GRID        7533        0.315   0.115   0.      
GRID        7534        0.3175  0.115   0.      
GRID        7535        0.32    0.115   0.      
GRID        7536        0.3225  0.115   0.      
GRID        7537        0.325   0.115   0.      
GRID        7538        0.3275  0.115   0.      
GRID        7539        0.33    0.115   0.      
GRID        7540        0.3325  0.115   0.      
GRID        7541        0.335   0.115   0.      
GRID        7542        0.3375  0.115   0.      
GRID        7543        0.34    0.115   0.      
GRID        7544        0.3425  0.115   0.      
GRID        7545        0.345   0.115   0.      
GRID        7546        0.3475  0.115   0.      
GRID        7547        0.35    0.115   0.      
GRID        7548        0.3525  0.115   0.      
GRID        7549        0.355   0.115   0.      
GRID        7550        0.3575  0.115   0.      
GRID        7551        0.36    0.115   0.      
GRID        7552        0.3625  0.115   0.      
GRID        7553        0.365   0.115   0.      
GRID        7554        0.3675  0.115   0.      
GRID        7555        0.37    0.115   0.      
GRID        7556        0.3725  0.115   0.      
GRID        7557        0.375   0.115   0.      
GRID        7558        0.3775  0.115   0.      
GRID        7559        0.38    0.115   0.      
GRID        7560        0.3825  0.115   0.      
GRID        7561        0.385   0.115   0.      
GRID        7562        0.3875  0.115   0.      
GRID        7563        0.39    0.115   0.      
GRID        7564        0.3925  0.115   0.      
GRID        7565        0.395   0.115   0.      
GRID        7566        0.3975  0.115   0.      
GRID        7567        0.4     0.115   0.      
GRID        7568        0.      0.1175  0.      
GRID        7569        0.0025  0.1175  0.      
GRID        7570        0.005   0.1175  0.      
GRID        7571        0.0075  0.1175  0.      
GRID        7572        0.01    0.1175  0.      
GRID        7573        0.0125  0.1175  0.      
GRID        7574        0.015   0.1175  0.      
GRID        7575        0.0175  0.1175  0.      
GRID        7576        0.02    0.1175  0.      
GRID        7577        0.0225  0.1175  0.      
GRID        7578        0.025   0.1175  0.      
GRID        7579        0.0275  0.1175  0.      
GRID        7580        0.03    0.1175  0.      
GRID        7581        0.0325  0.1175  0.      
GRID        7582        0.035   0.1175  0.      
GRID        7583        0.0375  0.1175  0.      
GRID        7584        0.04    0.1175  0.      
GRID        7585        0.0425  0.1175  0.      
GRID        7586        0.045   0.1175  0.      
GRID        7587        0.0475  0.1175  0.      
GRID        7588        0.05    0.1175  0.      
GRID        7589        0.0525  0.1175  0.      
GRID        7590        0.055   0.1175  0.      
GRID        7591        0.0575  0.1175  0.      
GRID        7592        0.06    0.1175  0.      
GRID        7593        0.0625  0.1175  0.      
GRID        7594        0.065   0.1175  0.      
GRID        7595        0.0675  0.1175  0.      
GRID        7596        0.07    0.1175  0.      
GRID        7597        0.0725  0.1175  0.      
GRID        7598        0.075   0.1175  0.      
GRID        7599        0.0775  0.1175  0.      
GRID        7600        0.08    0.1175  0.      
GRID        7601        0.0825  0.1175  0.      
GRID        7602        0.085   0.1175  0.      
GRID        7603        0.0875  0.1175  0.      
GRID        7604        0.09    0.1175  0.      
GRID        7605        0.0925  0.1175  0.      
GRID        7606        0.095   0.1175  0.      
GRID        7607        0.0975  0.1175  0.      
GRID        7608        0.1     0.1175  0.      
GRID        7609        0.1025  0.1175  0.      
GRID        7610        0.105   0.1175  0.      
GRID        7611        0.1075  0.1175  0.      
GRID        7612        0.11    0.1175  0.      
GRID        7613        0.1125  0.1175  0.      
GRID        7614        0.115   0.1175  0.      
GRID        7615        0.1175  0.1175  0.      
GRID        7616        0.12    0.1175  0.      
GRID        7617        0.1225  0.1175  0.      
GRID        7618        0.125   0.1175  0.      
GRID        7619        0.1275  0.1175  0.      
GRID        7620        0.13    0.1175  0.      
GRID        7621        0.1325  0.1175  0.      
GRID        7622        0.135   0.1175  0.      
GRID        7623        0.1375  0.1175  0.      
GRID        7624        0.14    0.1175  0.      
GRID        7625        0.1425  0.1175  0.      
GRID        7626        0.145   0.1175  0.      
GRID        7627        0.1475  0.1175  0.      
GRID        7628        0.15    0.1175  0.      
GRID        7629        0.1525  0.1175  0.      
GRID        7630        0.155   0.1175  0.      
GRID        7631        0.1575  0.1175  0.      
GRID        7632        0.16    0.1175  0.      
GRID        7633        0.1625  0.1175  0.      
GRID        7634        0.165   0.1175  0.      
GRID        7635        0.1675  0.1175  0.      
GRID        7636        0.17    0.1175  0.      
GRID        7637        0.1725  0.1175  0.      
GRID        7638        0.175   0.1175  0.      
GRID        7639        0.1775  0.1175  0.      
GRID        7640        0.18    0.1175  0.      
GRID        7641        0.1825  0.1175  0.      
GRID        7642        0.185   0.1175  0.      
GRID        7643        0.1875  0.1175  0.      
GRID        7644        0.19    0.1175  0.      
GRID        7645        0.1925  0.1175  0.      
GRID        7646        0.195   0.1175  0.      
GRID        7647        0.1975  0.1175  0.      
GRID        7648        0.2     0.1175  0.      
GRID        7649        0.2025  0.1175  0.      
GRID        7650        0.205   0.1175  0.      
GRID        7651        0.2075  0.1175  0.      
GRID        7652        0.21    0.1175  0.      
GRID        7653        0.2125  0.1175  0.      
GRID        7654        0.215   0.1175  0.      
GRID        7655        0.2175  0.1175  0.      
GRID        7656        0.22    0.1175  0.      
GRID        7657        0.2225  0.1175  0.      
GRID        7658        0.225   0.1175  0.      
GRID        7659        0.2275  0.1175  0.      
GRID        7660        0.23    0.1175  0.      
GRID        7661        0.2325  0.1175  0.      
GRID        7662        0.235   0.1175  0.      
GRID        7663        0.2375  0.1175  0.      
GRID        7664        0.24    0.1175  0.      
GRID        7665        0.2425  0.1175  0.      
GRID        7666        0.245   0.1175  0.      
GRID        7667        0.2475  0.1175  0.      
GRID        7668        0.25    0.1175  0.      
GRID        7669        0.2525  0.1175  0.      
GRID        7670        0.255   0.1175  0.      
GRID        7671        0.2575  0.1175  0.      
GRID        7672        0.26    0.1175  0.      
GRID        7673        0.2625  0.1175  0.      
GRID        7674        0.265   0.1175  0.      
GRID        7675        0.2675  0.1175  0.      
GRID        7676        0.27    0.1175  0.      
GRID        7677        0.2725  0.1175  0.      
GRID        7678        0.275   0.1175  0.      
GRID        7679        0.2775  0.1175  0.      
GRID        7680        0.28    0.1175  0.      
GRID        7681        0.2825  0.1175  0.      
GRID        7682        0.285   0.1175  0.      
GRID        7683        0.2875  0.1175  0.      
GRID        7684        0.29    0.1175  0.      
GRID        7685        0.2925  0.1175  0.      
GRID        7686        0.295   0.1175  0.      
GRID        7687        0.2975  0.1175  0.      
GRID        7688        0.3     0.1175  0.      
GRID        7689        0.3025  0.1175  0.      
GRID        7690        0.305   0.1175  0.      
GRID        7691        0.3075  0.1175  0.      
GRID        7692        0.31    0.1175  0.      
GRID        7693        0.3125  0.1175  0.      
GRID        7694        0.315   0.1175  0.      
GRID        7695        0.3175  0.1175  0.      
GRID        7696        0.32    0.1175  0.      
GRID        7697        0.3225  0.1175  0.      
GRID        7698        0.325   0.1175  0.      
GRID        7699        0.3275  0.1175  0.      
GRID        7700        0.33    0.1175  0.      
GRID        7701        0.3325  0.1175  0.      
GRID        7702        0.335   0.1175  0.      
GRID        7703        0.3375  0.1175  0.      
GRID        7704        0.34    0.1175  0.      
GRID        7705        0.3425  0.1175  0.      
GRID        7706        0.345   0.1175  0.      
GRID        7707        0.3475  0.1175  0.      
GRID        7708        0.35    0.1175  0.      
GRID        7709        0.3525  0.1175  0.      
GRID        7710        0.355   0.1175  0.      
GRID        7711        0.3575  0.1175  0.      
GRID        7712        0.36    0.1175  0.      
GRID        7713        0.3625  0.1175  0.      
GRID        7714        0.365   0.1175  0.      
GRID        7715        0.3675  0.1175  0.      
GRID        7716        0.37    0.1175  0.      
GRID        7717        0.3725  0.1175  0.      
GRID        7718        0.375   0.1175  0.      
GRID        7719        0.3775  0.1175  0.      
GRID        7720        0.38    0.1175  0.      
GRID        7721        0.3825  0.1175  0.      
GRID        7722        0.385   0.1175  0.      
GRID        7723        0.3875  0.1175  0.      
GRID        7724        0.39    0.1175  0.      
GRID        7725        0.3925  0.1175  0.      
GRID        7726        0.395   0.1175  0.      
GRID        7727        0.3975  0.1175  0.      
GRID        7728        0.4     0.1175  0.      
GRID        7729        0.      0.12    0.      
GRID        7730        0.0025  0.12    0.      
GRID        7731        0.005   0.12    0.      
GRID        7732        0.0075  0.12    0.      
GRID        7733        0.01    0.12    0.      
GRID        7734        0.0125  0.12    0.      
GRID        7735        0.015   0.12    0.      
GRID        7736        0.0175  0.12    0.      
GRID        7737        0.02    0.12    0.      
GRID        7738        0.0225  0.12    0.      
GRID        7739        0.025   0.12    0.      
GRID        7740        0.0275  0.12    0.      
GRID        7741        0.03    0.12    0.      
GRID        7742        0.0325  0.12    0.      
GRID        7743        0.035   0.12    0.      
GRID        7744        0.0375  0.12    0.      
GRID        7745        0.04    0.12    0.      
GRID        7746        0.0425  0.12    0.      
GRID        7747        0.045   0.12    0.      
GRID        7748        0.0475  0.12    0.      
GRID        7749        0.05    0.12    0.      
GRID        7750        0.0525  0.12    0.      
GRID        7751        0.055   0.12    0.      
GRID        7752        0.0575  0.12    0.      
GRID        7753        0.06    0.12    0.      
GRID        7754        0.0625  0.12    0.      
GRID        7755        0.065   0.12    0.      
GRID        7756        0.0675  0.12    0.      
GRID        7757        0.07    0.12    0.      
GRID        7758        0.0725  0.12    0.      
GRID        7759        0.075   0.12    0.      
GRID        7760        0.0775  0.12    0.      
GRID        7761        0.08    0.12    0.      
GRID        7762        0.0825  0.12    0.      
GRID        7763        0.085   0.12    0.      
GRID        7764        0.0875  0.12    0.      
GRID        7765        0.09    0.12    0.      
GRID        7766        0.0925  0.12    0.      
GRID        7767        0.095   0.12    0.      
GRID        7768        0.0975  0.12    0.      
GRID        7769        0.1     0.12    0.      
GRID        7770        0.1025  0.12    0.      
GRID        7771        0.105   0.12    0.      
GRID        7772        0.1075  0.12    0.      
GRID        7773        0.11    0.12    0.      
GRID        7774        0.1125  0.12    0.      
GRID        7775        0.115   0.12    0.      
GRID        7776        0.1175  0.12    0.      
GRID        7777        0.12    0.12    0.      
GRID        7778        0.1225  0.12    0.      
GRID        7779        0.125   0.12    0.      
GRID        7780        0.1275  0.12    0.      
GRID        7781        0.13    0.12    0.      
GRID        7782        0.1325  0.12    0.      
GRID        7783        0.135   0.12    0.      
GRID        7784        0.1375  0.12    0.      
GRID        7785        0.14    0.12    0.      
GRID        7786        0.1425  0.12    0.      
GRID        7787        0.145   0.12    0.      
GRID        7788        0.1475  0.12    0.      
GRID        7789        0.15    0.12    0.      
GRID        7790        0.1525  0.12    0.      
GRID        7791        0.155   0.12    0.      
GRID        7792        0.1575  0.12    0.      
GRID        7793        0.16    0.12    0.      
GRID        7794        0.1625  0.12    0.      
GRID        7795        0.165   0.12    0.      
GRID        7796        0.1675  0.12    0.      
GRID        7797        0.17    0.12    0.      
GRID        7798        0.1725  0.12    0.      
GRID        7799        0.175   0.12    0.      
GRID        7800        0.1775  0.12    0.      
GRID        7801        0.18    0.12    0.      
GRID        7802        0.1825  0.12    0.      
GRID        7803        0.185   0.12    0.      
GRID        7804        0.1875  0.12    0.      
GRID        7805        0.19    0.12    0.      
GRID        7806        0.1925  0.12    0.      
GRID        7807        0.195   0.12    0.      
GRID        7808        0.1975  0.12    0.      
GRID        7809        0.2     0.12    0.      
GRID        7810        0.2025  0.12    0.      
GRID        7811        0.205   0.12    0.      
GRID        7812        0.2075  0.12    0.      
GRID        7813        0.21    0.12    0.      
GRID        7814        0.2125  0.12    0.      
GRID        7815        0.215   0.12    0.      
GRID        7816        0.2175  0.12    0.      
GRID        7817        0.22    0.12    0.      
GRID        7818        0.2225  0.12    0.      
GRID        7819        0.225   0.12    0.      
GRID        7820        0.2275  0.12    0.      
GRID        7821        0.23    0.12    0.      
GRID        7822        0.2325  0.12    0.      
GRID        7823        0.235   0.12    0.      
GRID        7824        0.2375  0.12    0.      
GRID        7825        0.24    0.12    0.      
GRID        7826        0.2425  0.12    0.      
GRID        7827        0.245   0.12    0.      
GRID        7828        0.2475  0.12    0.      
GRID        7829        0.25    0.12    0.      
GRID        7830        0.2525  0.12    0.      
GRID        7831        0.255   0.12    0.      
GRID        7832        0.2575  0.12    0.      
GRID        7833        0.26    0.12    0.      
GRID        7834        0.2625  0.12    0.      
GRID        7835        0.265   0.12    0.      
GRID        7836        0.2675  0.12    0.      
GRID        7837        0.27    0.12    0.      
GRID        7838        0.2725  0.12    0.      
GRID        7839        0.275   0.12    0.      
GRID        7840        0.2775  0.12    0.      
GRID        7841        0.28    0.12    0.      
GRID        7842        0.2825  0.12    0.      
GRID        7843        0.285   0.12    0.      
GRID        7844        0.2875  0.12    0.      
GRID        7845        0.29    0.12    0.      
GRID        7846        0.2925  0.12    0.      
GRID        7847        0.295   0.12    0.      
GRID        7848        0.2975  0.12    0.      
GRID        7849        0.3     0.12    0.      
GRID        7850        0.3025  0.12    0.      
GRID        7851        0.305   0.12    0.      
GRID        7852        0.3075  0.12    0.      
GRID        7853        0.31    0.12    0.      
GRID        7854        0.3125  0.12    0.      
GRID        7855        0.315   0.12    0.      
GRID        7856        0.3175  0.12    0.      
GRID        7857        0.32    0.12    0.      
GRID        7858        0.3225  0.12    0.      
GRID        7859        0.325   0.12    0.      
GRID        7860        0.3275  0.12    0.      
GRID        7861        0.33    0.12    0.      
GRID        7862        0.3325  0.12    0.      
GRID        7863        0.335   0.12    0.      
GRID        7864        0.3375  0.12    0.      
GRID        7865        0.34    0.12    0.      
GRID        7866        0.3425  0.12    0.      
GRID        7867        0.345   0.12    0.      
GRID        7868        0.3475  0.12    0.      
GRID        7869        0.35    0.12    0.      
GRID        7870        0.3525  0.12    0.      
GRID        7871        0.355   0.12    0.      
GRID        7872        0.3575  0.12    0.      
GRID        7873        0.36    0.12    0.      
GRID        7874        0.3625  0.12    0.      
GRID        7875        0.365   0.12    0.      
GRID        7876        0.3675  0.12    0.      
GRID        7877        0.37    0.12    0.      
GRID        7878        0.3725  0.12    0.      
GRID        7879        0.375   0.12    0.      
GRID        7880        0.3775  0.12    0.      
GRID        7881        0.38    0.12    0.      
GRID        7882        0.3825  0.12    0.      
GRID        7883        0.385   0.12    0.      
GRID        7884        0.3875  0.12    0.      
GRID        7885        0.39    0.12    0.      
GRID        7886        0.3925  0.12    0.      
GRID        7887        0.395   0.12    0.      
GRID        7888        0.3975  0.12    0.      
GRID        7889        0.4     0.12    0.      
GRID        7890        0.      0.1225  0.      
GRID        7891        0.0025  0.1225  0.      
GRID        7892        0.005   0.1225  0.      
GRID        7893        0.0075  0.1225  0.      
GRID        7894        0.01    0.1225  0.      
GRID        7895        0.0125  0.1225  0.      
GRID        7896        0.015   0.1225  0.      
GRID        7897        0.0175  0.1225  0.      
GRID        7898        0.02    0.1225  0.      
GRID        7899        0.0225  0.1225  0.      
GRID        7900        0.025   0.1225  0.      
GRID        7901        0.0275  0.1225  0.      
GRID        7902        0.03    0.1225  0.      
GRID        7903        0.0325  0.1225  0.      
GRID        7904        0.035   0.1225  0.      
GRID        7905        0.0375  0.1225  0.      
GRID        7906        0.04    0.1225  0.      
GRID        7907        0.0425  0.1225  0.      
GRID        7908        0.045   0.1225  0.      
GRID        7909        0.0475  0.1225  0.      
GRID        7910        0.05    0.1225  0.      
GRID        7911        0.0525  0.1225  0.      
GRID        7912        0.055   0.1225  0.      
GRID        7913        0.0575  0.1225  0.      
GRID        7914        0.06    0.1225  0.      
GRID        7915        0.0625  0.1225  0.      
GRID        7916        0.065   0.1225  0.      
GRID        7917        0.0675  0.1225  0.      
GRID        7918        0.07    0.1225  0.      
GRID        7919        0.0725  0.1225  0.      
GRID        7920        0.075   0.1225  0.      
GRID        7921        0.0775  0.1225  0.      
GRID        7922        0.08    0.1225  0.      
GRID        7923        0.0825  0.1225  0.      
GRID        7924        0.085   0.1225  0.      
GRID        7925        0.0875  0.1225  0.      
GRID        7926        0.09    0.1225  0.      
GRID        7927        0.0925  0.1225  0.      
GRID        7928        0.095   0.1225  0.      
GRID        7929        0.0975  0.1225  0.      
GRID        7930        0.1     0.1225  0.      
GRID        7931        0.1025  0.1225  0.      
GRID        7932        0.105   0.1225  0.      
GRID        7933        0.1075  0.1225  0.      
GRID        7934        0.11    0.1225  0.      
GRID        7935        0.1125  0.1225  0.      
GRID        7936        0.115   0.1225  0.      
GRID        7937        0.1175  0.1225  0.      
GRID        7938        0.12    0.1225  0.      
GRID        7939        0.1225  0.1225  0.      
GRID        7940        0.125   0.1225  0.      
GRID        7941        0.1275  0.1225  0.      
GRID        7942        0.13    0.1225  0.      
GRID        7943        0.1325  0.1225  0.      
GRID        7944        0.135   0.1225  0.      
GRID        7945        0.1375  0.1225  0.      
GRID        7946        0.14    0.1225  0.      
GRID        7947        0.1425  0.1225  0.      
GRID        7948        0.145   0.1225  0.      
GRID        7949        0.1475  0.1225  0.      
GRID        7950        0.15    0.1225  0.      
GRID        7951        0.1525  0.1225  0.      
GRID        7952        0.155   0.1225  0.      
GRID        7953        0.1575  0.1225  0.      
GRID        7954        0.16    0.1225  0.      
GRID        7955        0.1625  0.1225  0.      
GRID        7956        0.165   0.1225  0.      
GRID        7957        0.1675  0.1225  0.      
GRID        7958        0.17    0.1225  0.      
GRID        7959        0.1725  0.1225  0.      
GRID        7960        0.175   0.1225  0.      
GRID        7961        0.1775  0.1225  0.      
GRID        7962        0.18    0.1225  0.      
GRID        7963        0.1825  0.1225  0.      
GRID        7964        0.185   0.1225  0.      
GRID        7965        0.1875  0.1225  0.      
GRID        7966        0.19    0.1225  0.      
GRID        7967        0.1925  0.1225  0.      
GRID        7968        0.195   0.1225  0.      
GRID        7969        0.1975  0.1225  0.      
GRID        7970        0.2     0.1225  0.      
GRID        7971        0.2025  0.1225  0.      
GRID        7972        0.205   0.1225  0.      
GRID        7973        0.2075  0.1225  0.      
GRID        7974        0.21    0.1225  0.      
GRID        7975        0.2125  0.1225  0.      
GRID        7976        0.215   0.1225  0.      
GRID        7977        0.2175  0.1225  0.      
GRID        7978        0.22    0.1225  0.      
GRID        7979        0.2225  0.1225  0.      
GRID        7980        0.225   0.1225  0.      
GRID        7981        0.2275  0.1225  0.      
GRID        7982        0.23    0.1225  0.      
GRID        7983        0.2325  0.1225  0.      
GRID        7984        0.235   0.1225  0.      
GRID        7985        0.2375  0.1225  0.      
GRID        7986        0.24    0.1225  0.      
GRID        7987        0.2425  0.1225  0.      
GRID        7988        0.245   0.1225  0.      
GRID        7989        0.2475  0.1225  0.      
GRID        7990        0.25    0.1225  0.      
GRID        7991        0.2525  0.1225  0.      
GRID        7992        0.255   0.1225  0.      
GRID        7993        0.2575  0.1225  0.      
GRID        7994        0.26    0.1225  0.      
GRID        7995        0.2625  0.1225  0.      
GRID        7996        0.265   0.1225  0.      
GRID        7997        0.2675  0.1225  0.      
GRID        7998        0.27    0.1225  0.      
GRID        7999        0.2725  0.1225  0.      
GRID        8000        0.275   0.1225  0.      
GRID        8001        0.2775  0.1225  0.      
GRID        8002        0.28    0.1225  0.      
GRID        8003        0.2825  0.1225  0.      
GRID        8004        0.285   0.1225  0.      
GRID        8005        0.2875  0.1225  0.      
GRID        8006        0.29    0.1225  0.      
GRID        8007        0.2925  0.1225  0.      
GRID        8008        0.295   0.1225  0.      
GRID        8009        0.2975  0.1225  0.      
GRID        8010        0.3     0.1225  0.      
GRID        8011        0.3025  0.1225  0.      
GRID        8012        0.305   0.1225  0.      
GRID        8013        0.3075  0.1225  0.      
GRID        8014        0.31    0.1225  0.      
GRID        8015        0.3125  0.1225  0.      
GRID        8016        0.315   0.1225  0.      
GRID        8017        0.3175  0.1225  0.      
GRID        8018        0.32    0.1225  0.      
GRID        8019        0.3225  0.1225  0.      
GRID        8020        0.325   0.1225  0.      
GRID        8021        0.3275  0.1225  0.      
GRID        8022        0.33    0.1225  0.      
GRID        8023        0.3325  0.1225  0.      
GRID        8024        0.335   0.1225  0.      
GRID        8025        0.3375  0.1225  0.      
GRID        8026        0.34    0.1225  0.      
GRID        8027        0.3425  0.1225  0.      
GRID        8028        0.345   0.1225  0.      
GRID        8029        0.3475  0.1225  0.      
GRID        8030        0.35    0.1225  0.      
GRID        8031        0.3525  0.1225  0.      
GRID        8032        0.355   0.1225  0.      
GRID        8033        0.3575  0.1225  0.      
GRID        8034        0.36    0.1225  0.      
GRID        8035        0.3625  0.1225  0.      
GRID        8036        0.365   0.1225  0.      
GRID        8037        0.3675  0.1225  0.      
GRID        8038        0.37    0.1225  0.      
GRID        8039        0.3725  0.1225  0.      
GRID        8040        0.375   0.1225  0.      
GRID        8041        0.3775  0.1225  0.      
GRID        8042        0.38    0.1225  0.      
GRID        8043        0.3825  0.1225  0.      
GRID        8044        0.385   0.1225  0.      
GRID        8045        0.3875  0.1225  0.      
GRID        8046        0.39    0.1225  0.      
GRID        8047        0.3925  0.1225  0.      
GRID        8048        0.395   0.1225  0.      
GRID        8049        0.3975  0.1225  0.      
GRID        8050        0.4     0.1225  0.      
GRID        8051        0.      0.125   0.      
GRID        8052        0.0025  0.125   0.      
GRID        8053        0.005   0.125   0.      
GRID        8054        0.0075  0.125   0.      
GRID        8055        0.01    0.125   0.      
GRID        8056        0.0125  0.125   0.      
GRID        8057        0.015   0.125   0.      
GRID        8058        0.0175  0.125   0.      
GRID        8059        0.02    0.125   0.      
GRID        8060        0.0225  0.125   0.      
GRID        8061        0.025   0.125   0.      
GRID        8062        0.0275  0.125   0.      
GRID        8063        0.03    0.125   0.      
GRID        8064        0.0325  0.125   0.      
GRID        8065        0.035   0.125   0.      
GRID        8066        0.0375  0.125   0.      
GRID        8067        0.04    0.125   0.      
GRID        8068        0.0425  0.125   0.      
GRID        8069        0.045   0.125   0.      
GRID        8070        0.0475  0.125   0.      
GRID        8071        0.05    0.125   0.      
GRID        8072        0.0525  0.125   0.      
GRID        8073        0.055   0.125   0.      
GRID        8074        0.0575  0.125   0.      
GRID        8075        0.06    0.125   0.      
GRID        8076        0.0625  0.125   0.      
GRID        8077        0.065   0.125   0.      
GRID        8078        0.0675  0.125   0.      
GRID        8079        0.07    0.125   0.      
GRID        8080        0.0725  0.125   0.      
GRID        8081        0.075   0.125   0.      
GRID        8082        0.0775  0.125   0.      
GRID        8083        0.08    0.125   0.      
GRID        8084        0.0825  0.125   0.      
GRID        8085        0.085   0.125   0.      
GRID        8086        0.0875  0.125   0.      
GRID        8087        0.09    0.125   0.      
GRID        8088        0.0925  0.125   0.      
GRID        8089        0.095   0.125   0.      
GRID        8090        0.0975  0.125   0.      
GRID        8091        0.1     0.125   0.      
GRID        8092        0.1025  0.125   0.      
GRID        8093        0.105   0.125   0.      
GRID        8094        0.1075  0.125   0.      
GRID        8095        0.11    0.125   0.      
GRID        8096        0.1125  0.125   0.      
GRID        8097        0.115   0.125   0.      
GRID        8098        0.1175  0.125   0.      
GRID        8099        0.12    0.125   0.      
GRID        8100        0.1225  0.125   0.      
GRID        8101        0.125   0.125   0.      
GRID        8102        0.1275  0.125   0.      
GRID        8103        0.13    0.125   0.      
GRID        8104        0.1325  0.125   0.      
GRID        8105        0.135   0.125   0.      
GRID        8106        0.1375  0.125   0.      
GRID        8107        0.14    0.125   0.      
GRID        8108        0.1425  0.125   0.      
GRID        8109        0.145   0.125   0.      
GRID        8110        0.1475  0.125   0.      
GRID        8111        0.15    0.125   0.      
GRID        8112        0.1525  0.125   0.      
GRID        8113        0.155   0.125   0.      
GRID        8114        0.1575  0.125   0.      
GRID        8115        0.16    0.125   0.      
GRID        8116        0.1625  0.125   0.      
GRID        8117        0.165   0.125   0.      
GRID        8118        0.1675  0.125   0.      
GRID        8119        0.17    0.125   0.      
GRID        8120        0.1725  0.125   0.      
GRID        8121        0.175   0.125   0.      
GRID        8122        0.1775  0.125   0.      
GRID        8123        0.18    0.125   0.      
GRID        8124        0.1825  0.125   0.      
GRID        8125        0.185   0.125   0.      
GRID        8126        0.1875  0.125   0.      
GRID        8127        0.19    0.125   0.      
GRID        8128        0.1925  0.125   0.      
GRID        8129        0.195   0.125   0.      
GRID        8130        0.1975  0.125   0.      
GRID        8131        0.2     0.125   0.      
GRID        8132        0.2025  0.125   0.      
GRID        8133        0.205   0.125   0.      
GRID        8134        0.2075  0.125   0.      
GRID        8135        0.21    0.125   0.      
GRID        8136        0.2125  0.125   0.      
GRID        8137        0.215   0.125   0.      
GRID        8138        0.2175  0.125   0.      
GRID        8139        0.22    0.125   0.      
GRID        8140        0.2225  0.125   0.      
GRID        8141        0.225   0.125   0.      
GRID        8142        0.2275  0.125   0.      
GRID        8143        0.23    0.125   0.      
GRID        8144        0.2325  0.125   0.      
GRID        8145        0.235   0.125   0.      
GRID        8146        0.2375  0.125   0.      
GRID        8147        0.24    0.125   0.      
GRID        8148        0.2425  0.125   0.      
GRID        8149        0.245   0.125   0.      
GRID        8150        0.2475  0.125   0.      
GRID        8151        0.25    0.125   0.      
GRID        8152        0.2525  0.125   0.      
GRID        8153        0.255   0.125   0.      
GRID        8154        0.2575  0.125   0.      
GRID        8155        0.26    0.125   0.      
GRID        8156        0.2625  0.125   0.      
GRID        8157        0.265   0.125   0.      
GRID        8158        0.2675  0.125   0.      
GRID        8159        0.27    0.125   0.      
GRID        8160        0.2725  0.125   0.      
GRID        8161        0.275   0.125   0.      
GRID        8162        0.2775  0.125   0.      
GRID        8163        0.28    0.125   0.      
GRID        8164        0.2825  0.125   0.      
GRID        8165        0.285   0.125   0.      
GRID        8166        0.2875  0.125   0.      
GRID        8167        0.29    0.125   0.      
GRID        8168        0.2925  0.125   0.      
GRID        8169        0.295   0.125   0.      
GRID        8170        0.2975  0.125   0.      
GRID        8171        0.3     0.125   0.      
GRID        8172        0.3025  0.125   0.      
GRID        8173        0.305   0.125   0.      
GRID        8174        0.3075  0.125   0.      
GRID        8175        0.31    0.125   0.      
GRID        8176        0.3125  0.125   0.      
GRID        8177        0.315   0.125   0.      
GRID        8178        0.3175  0.125   0.      
GRID        8179        0.32    0.125   0.      
GRID        8180        0.3225  0.125   0.      
GRID        8181        0.325   0.125   0.      
GRID        8182        0.3275  0.125   0.      
GRID        8183        0.33    0.125   0.      
GRID        8184        0.3325  0.125   0.      
GRID        8185        0.335   0.125   0.      
GRID        8186        0.3375  0.125   0.      
GRID        8187        0.34    0.125   0.      
GRID        8188        0.3425  0.125   0.      
GRID        8189        0.345   0.125   0.      
GRID        8190        0.3475  0.125   0.      
GRID        8191        0.35    0.125   0.      
GRID        8192        0.3525  0.125   0.      
GRID        8193        0.355   0.125   0.      
GRID        8194        0.3575  0.125   0.      
GRID        8195        0.36    0.125   0.      
GRID        8196        0.3625  0.125   0.      
GRID        8197        0.365   0.125   0.      
GRID        8198        0.3675  0.125   0.      
GRID        8199        0.37    0.125   0.      
GRID        8200        0.3725  0.125   0.      
GRID        8201        0.375   0.125   0.      
GRID        8202        0.3775  0.125   0.      
GRID        8203        0.38    0.125   0.      
GRID        8204        0.3825  0.125   0.      
GRID        8205        0.385   0.125   0.      
GRID        8206        0.3875  0.125   0.      
GRID        8207        0.39    0.125   0.      
GRID        8208        0.3925  0.125   0.      
GRID        8209        0.395   0.125   0.      
GRID        8210        0.3975  0.125   0.      
GRID        8211        0.4     0.125   0.      
GRID        8212        0.      0.1275  0.      
GRID        8213        0.0025  0.1275  0.      
GRID        8214        0.005   0.1275  0.      
GRID        8215        0.0075  0.1275  0.      
GRID        8216        0.01    0.1275  0.      
GRID        8217        0.0125  0.1275  0.      
GRID        8218        0.015   0.1275  0.      
GRID        8219        0.0175  0.1275  0.      
GRID        8220        0.02    0.1275  0.      
GRID        8221        0.0225  0.1275  0.      
GRID        8222        0.025   0.1275  0.      
GRID        8223        0.0275  0.1275  0.      
GRID        8224        0.03    0.1275  0.      
GRID        8225        0.0325  0.1275  0.      
GRID        8226        0.035   0.1275  0.      
GRID        8227        0.0375  0.1275  0.      
GRID        8228        0.04    0.1275  0.      
GRID        8229        0.0425  0.1275  0.      
GRID        8230        0.045   0.1275  0.      
GRID        8231        0.0475  0.1275  0.      
GRID        8232        0.05    0.1275  0.      
GRID        8233        0.0525  0.1275  0.      
GRID        8234        0.055   0.1275  0.      
GRID        8235        0.0575  0.1275  0.      
GRID        8236        0.06    0.1275  0.      
GRID        8237        0.0625  0.1275  0.      
GRID        8238        0.065   0.1275  0.      
GRID        8239        0.0675  0.1275  0.      
GRID        8240        0.07    0.1275  0.      
GRID        8241        0.0725  0.1275  0.      
GRID        8242        0.075   0.1275  0.      
GRID        8243        0.0775  0.1275  0.      
GRID        8244        0.08    0.1275  0.      
GRID        8245        0.0825  0.1275  0.      
GRID        8246        0.085   0.1275  0.      
GRID        8247        0.0875  0.1275  0.      
GRID        8248        0.09    0.1275  0.      
GRID        8249        0.0925  0.1275  0.      
GRID        8250        0.095   0.1275  0.      
GRID        8251        0.0975  0.1275  0.      
GRID        8252        0.1     0.1275  0.      
GRID        8253        0.1025  0.1275  0.      
GRID        8254        0.105   0.1275  0.      
GRID        8255        0.1075  0.1275  0.      
GRID        8256        0.11    0.1275  0.      
GRID        8257        0.1125  0.1275  0.      
GRID        8258        0.115   0.1275  0.      
GRID        8259        0.1175  0.1275  0.      
GRID        8260        0.12    0.1275  0.      
GRID        8261        0.1225  0.1275  0.      
GRID        8262        0.125   0.1275  0.      
GRID        8263        0.1275  0.1275  0.      
GRID        8264        0.13    0.1275  0.      
GRID        8265        0.1325  0.1275  0.      
GRID        8266        0.135   0.1275  0.      
GRID        8267        0.1375  0.1275  0.      
GRID        8268        0.14    0.1275  0.      
GRID        8269        0.1425  0.1275  0.      
GRID        8270        0.145   0.1275  0.      
GRID        8271        0.1475  0.1275  0.      
GRID        8272        0.15    0.1275  0.      
GRID        8273        0.1525  0.1275  0.      
GRID        8274        0.155   0.1275  0.      
GRID        8275        0.1575  0.1275  0.      
GRID        8276        0.16    0.1275  0.      
GRID        8277        0.1625  0.1275  0.      
GRID        8278        0.165   0.1275  0.      
GRID        8279        0.1675  0.1275  0.      
GRID        8280        0.17    0.1275  0.      
GRID        8281        0.1725  0.1275  0.      
GRID        8282        0.175   0.1275  0.      
GRID        8283        0.1775  0.1275  0.      
GRID        8284        0.18    0.1275  0.      
GRID        8285        0.1825  0.1275  0.      
GRID        8286        0.185   0.1275  0.      
GRID        8287        0.1875  0.1275  0.      
GRID        8288        0.19    0.1275  0.      
GRID        8289        0.1925  0.1275  0.      
GRID        8290        0.195   0.1275  0.      
GRID        8291        0.1975  0.1275  0.      
GRID        8292        0.2     0.1275  0.      
GRID        8293        0.2025  0.1275  0.      
GRID        8294        0.205   0.1275  0.      
GRID        8295        0.2075  0.1275  0.      
GRID        8296        0.21    0.1275  0.      
GRID        8297        0.2125  0.1275  0.      
GRID        8298        0.215   0.1275  0.      
GRID        8299        0.2175  0.1275  0.      
GRID        8300        0.22    0.1275  0.      
GRID        8301        0.2225  0.1275  0.      
GRID        8302        0.225   0.1275  0.      
GRID        8303        0.2275  0.1275  0.      
GRID        8304        0.23    0.1275  0.      
GRID        8305        0.2325  0.1275  0.      
GRID        8306        0.235   0.1275  0.      
GRID        8307        0.2375  0.1275  0.      
GRID        8308        0.24    0.1275  0.      
GRID        8309        0.2425  0.1275  0.      
GRID        8310        0.245   0.1275  0.      
GRID        8311        0.2475  0.1275  0.      
GRID        8312        0.25    0.1275  0.      
GRID        8313        0.2525  0.1275  0.      
GRID        8314        0.255   0.1275  0.      
GRID        8315        0.2575  0.1275  0.      
GRID        8316        0.26    0.1275  0.      
GRID        8317        0.2625  0.1275  0.      
GRID        8318        0.265   0.1275  0.      
GRID        8319        0.2675  0.1275  0.      
GRID        8320        0.27    0.1275  0.      
GRID        8321        0.2725  0.1275  0.      
GRID        8322        0.275   0.1275  0.      
GRID        8323        0.2775  0.1275  0.      
GRID        8324        0.28    0.1275  0.      
GRID        8325        0.2825  0.1275  0.      
GRID        8326        0.285   0.1275  0.      
GRID        8327        0.2875  0.1275  0.      
GRID        8328        0.29    0.1275  0.      
GRID        8329        0.2925  0.1275  0.      
GRID        8330        0.295   0.1275  0.      
GRID        8331        0.2975  0.1275  0.      
GRID        8332        0.3     0.1275  0.      
GRID        8333        0.3025  0.1275  0.      
GRID        8334        0.305   0.1275  0.      
GRID        8335        0.3075  0.1275  0.      
GRID        8336        0.31    0.1275  0.      
GRID        8337        0.3125  0.1275  0.      
GRID        8338        0.315   0.1275  0.      
GRID        8339        0.3175  0.1275  0.      
GRID        8340        0.32    0.1275  0.      
GRID        8341        0.3225  0.1275  0.      
GRID        8342        0.325   0.1275  0.      
GRID        8343        0.3275  0.1275  0.      
GRID        8344        0.33    0.1275  0.      
GRID        8345        0.3325  0.1275  0.      
GRID        8346        0.335   0.1275  0.      
GRID        8347        0.3375  0.1275  0.      
GRID        8348        0.34    0.1275  0.      
GRID        8349        0.3425  0.1275  0.      
GRID        8350        0.345   0.1275  0.      
GRID        8351        0.3475  0.1275  0.      
GRID        8352        0.35    0.1275  0.      
GRID        8353        0.3525  0.1275  0.      
GRID        8354        0.355   0.1275  0.      
GRID        8355        0.3575  0.1275  0.      
GRID        8356        0.36    0.1275  0.      
GRID        8357        0.3625  0.1275  0.      
GRID        8358        0.365   0.1275  0.      
GRID        8359        0.3675  0.1275  0.      
GRID        8360        0.37    0.1275  0.      
GRID        8361        0.3725  0.1275  0.      
GRID        8362        0.375   0.1275  0.      
GRID        8363        0.3775  0.1275  0.      
GRID        8364        0.38    0.1275  0.      
GRID        8365        0.3825  0.1275  0.      
GRID        8366        0.385   0.1275  0.      
GRID        8367        0.3875  0.1275  0.      
GRID        8368        0.39    0.1275  0.      
GRID        8369        0.3925  0.1275  0.      
GRID        8370        0.395   0.1275  0.      
GRID        8371        0.3975  0.1275  0.      
GRID        8372        0.4     0.1275  0.      
GRID        8373        0.      0.13    0.      
GRID        8374        0.0025  0.13    0.      
GRID        8375        0.005   0.13    0.      
GRID        8376        0.0075  0.13    0.      
GRID        8377        0.01    0.13    0.      
GRID        8378        0.0125  0.13    0.      
GRID        8379        0.015   0.13    0.      
GRID        8380        0.0175  0.13    0.      
GRID        8381        0.02    0.13    0.      
GRID        8382        0.0225  0.13    0.      
GRID        8383        0.025   0.13    0.      
GRID        8384        0.0275  0.13    0.      
GRID        8385        0.03    0.13    0.      
GRID        8386        0.0325  0.13    0.      
GRID        8387        0.035   0.13    0.      
GRID        8388        0.0375  0.13    0.      
GRID        8389        0.04    0.13    0.      
GRID        8390        0.0425  0.13    0.      
GRID        8391        0.045   0.13    0.      
GRID        8392        0.0475  0.13    0.      
GRID        8393        0.05    0.13    0.      
GRID        8394        0.0525  0.13    0.      
GRID        8395        0.055   0.13    0.      
GRID        8396        0.0575  0.13    0.      
GRID        8397        0.06    0.13    0.      
GRID        8398        0.0625  0.13    0.      
GRID        8399        0.065   0.13    0.      
GRID        8400        0.0675  0.13    0.      
GRID        8401        0.07    0.13    0.      
GRID        8402        0.0725  0.13    0.      
GRID        8403        0.075   0.13    0.      
GRID        8404        0.0775  0.13    0.      
GRID        8405        0.08    0.13    0.      
GRID        8406        0.0825  0.13    0.      
GRID        8407        0.085   0.13    0.      
GRID        8408        0.0875  0.13    0.      
GRID        8409        0.09    0.13    0.      
GRID        8410        0.0925  0.13    0.      
GRID        8411        0.095   0.13    0.      
GRID        8412        0.0975  0.13    0.      
GRID        8413        0.1     0.13    0.      
GRID        8414        0.1025  0.13    0.      
GRID        8415        0.105   0.13    0.      
GRID        8416        0.1075  0.13    0.      
GRID        8417        0.11    0.13    0.      
GRID        8418        0.1125  0.13    0.      
GRID        8419        0.115   0.13    0.      
GRID        8420        0.1175  0.13    0.      
GRID        8421        0.12    0.13    0.      
GRID        8422        0.1225  0.13    0.      
GRID        8423        0.125   0.13    0.      
GRID        8424        0.1275  0.13    0.      
GRID        8425        0.13    0.13    0.      
GRID        8426        0.1325  0.13    0.      
GRID        8427        0.135   0.13    0.      
GRID        8428        0.1375  0.13    0.      
GRID        8429        0.14    0.13    0.      
GRID        8430        0.1425  0.13    0.      
GRID        8431        0.145   0.13    0.      
GRID        8432        0.1475  0.13    0.      
GRID        8433        0.15    0.13    0.      
GRID        8434        0.1525  0.13    0.      
GRID        8435        0.155   0.13    0.      
GRID        8436        0.1575  0.13    0.      
GRID        8437        0.16    0.13    0.      
GRID        8438        0.1625  0.13    0.      
GRID        8439        0.165   0.13    0.      
GRID        8440        0.1675  0.13    0.      
GRID        8441        0.17    0.13    0.      
GRID        8442        0.1725  0.13    0.      
GRID        8443        0.175   0.13    0.      
GRID        8444        0.1775  0.13    0.      
GRID        8445        0.18    0.13    0.      
GRID        8446        0.1825  0.13    0.      
GRID        8447        0.185   0.13    0.      
GRID        8448        0.1875  0.13    0.      
GRID        8449        0.19    0.13    0.      
GRID        8450        0.1925  0.13    0.      
GRID        8451        0.195   0.13    0.      
GRID        8452        0.1975  0.13    0.      
GRID        8453        0.2     0.13    0.      
GRID        8454        0.2025  0.13    0.      
GRID        8455        0.205   0.13    0.      
GRID        8456        0.2075  0.13    0.      
GRID        8457        0.21    0.13    0.      
GRID        8458        0.2125  0.13    0.      
GRID        8459        0.215   0.13    0.      
GRID        8460        0.2175  0.13    0.      
GRID        8461        0.22    0.13    0.      
GRID        8462        0.2225  0.13    0.      
GRID        8463        0.225   0.13    0.      
GRID        8464        0.2275  0.13    0.      
GRID        8465        0.23    0.13    0.      
GRID        8466        0.2325  0.13    0.      
GRID        8467        0.235   0.13    0.      
GRID        8468        0.2375  0.13    0.      
GRID        8469        0.24    0.13    0.      
GRID        8470        0.2425  0.13    0.      
GRID        8471        0.245   0.13    0.      
GRID        8472        0.2475  0.13    0.      
GRID        8473        0.25    0.13    0.      
GRID        8474        0.2525  0.13    0.      
GRID        8475        0.255   0.13    0.      
GRID        8476        0.2575  0.13    0.      
GRID        8477        0.26    0.13    0.      
GRID        8478        0.2625  0.13    0.      
GRID        8479        0.265   0.13    0.      
GRID        8480        0.2675  0.13    0.      
GRID        8481        0.27    0.13    0.      
GRID        8482        0.2725  0.13    0.      
GRID        8483        0.275   0.13    0.      
GRID        8484        0.2775  0.13    0.      
GRID        8485        0.28    0.13    0.      
GRID        8486        0.2825  0.13    0.      
GRID        8487        0.285   0.13    0.      
GRID        8488        0.2875  0.13    0.      
GRID        8489        0.29    0.13    0.      
GRID        8490        0.2925  0.13    0.      
GRID        8491        0.295   0.13    0.      
GRID        8492        0.2975  0.13    0.      
GRID        8493        0.3     0.13    0.      
GRID        8494        0.3025  0.13    0.      
GRID        8495        0.305   0.13    0.      
GRID        8496        0.3075  0.13    0.      
GRID        8497        0.31    0.13    0.      
GRID        8498        0.3125  0.13    0.      
GRID        8499        0.315   0.13    0.      
GRID        8500        0.3175  0.13    0.      
GRID        8501        0.32    0.13    0.      
GRID        8502        0.3225  0.13    0.      
GRID        8503        0.325   0.13    0.      
GRID        8504        0.3275  0.13    0.      
GRID        8505        0.33    0.13    0.      
GRID        8506        0.3325  0.13    0.      
GRID        8507        0.335   0.13    0.      
GRID        8508        0.3375  0.13    0.      
GRID        8509        0.34    0.13    0.      
GRID        8510        0.3425  0.13    0.      
GRID        8511        0.345   0.13    0.      
GRID        8512        0.3475  0.13    0.      
GRID        8513        0.35    0.13    0.      
GRID        8514        0.3525  0.13    0.      
GRID        8515        0.355   0.13    0.      
GRID        8516        0.3575  0.13    0.      
GRID        8517        0.36    0.13    0.      
GRID        8518        0.3625  0.13    0.      
GRID        8519        0.365   0.13    0.      
GRID        8520        0.3675  0.13    0.      
GRID        8521        0.37    0.13    0.      
GRID        8522        0.3725  0.13    0.      
GRID        8523        0.375   0.13    0.      
GRID        8524        0.3775  0.13    0.      
GRID        8525        0.38    0.13    0.      
GRID        8526        0.3825  0.13    0.      
GRID        8527        0.385   0.13    0.      
GRID        8528        0.3875  0.13    0.      
GRID        8529        0.39    0.13    0.      
GRID        8530        0.3925  0.13    0.      
GRID        8531        0.395   0.13    0.      
GRID        8532        0.3975  0.13    0.      
GRID        8533        0.4     0.13    0.      
GRID        8534        0.      0.1325  0.      
GRID        8535        0.0025  0.1325  0.      
GRID        8536        0.005   0.1325  0.      
GRID        8537        0.0075  0.1325  0.      
GRID        8538        0.01    0.1325  0.      
GRID        8539        0.0125  0.1325  0.      
GRID        8540        0.015   0.1325  0.      
GRID        8541        0.0175  0.1325  0.      
GRID        8542        0.02    0.1325  0.      
GRID        8543        0.0225  0.1325  0.      
GRID        8544        0.025   0.1325  0.      
GRID        8545        0.0275  0.1325  0.      
GRID        8546        0.03    0.1325  0.      
GRID        8547        0.0325  0.1325  0.      
GRID        8548        0.035   0.1325  0.      
GRID        8549        0.0375  0.1325  0.      
GRID        8550        0.04    0.1325  0.      
GRID        8551        0.0425  0.1325  0.      
GRID        8552        0.045   0.1325  0.      
GRID        8553        0.0475  0.1325  0.      
GRID        8554        0.05    0.1325  0.      
GRID        8555        0.0525  0.1325  0.      
GRID        8556        0.055   0.1325  0.      
GRID        8557        0.0575  0.1325  0.      
GRID        8558        0.06    0.1325  0.      
GRID        8559        0.0625  0.1325  0.      
GRID        8560        0.065   0.1325  0.      
GRID        8561        0.0675  0.1325  0.      
GRID        8562        0.07    0.1325  0.      
GRID        8563        0.0725  0.1325  0.      
GRID        8564        0.075   0.1325  0.      
GRID        8565        0.0775  0.1325  0.      
GRID        8566        0.08    0.1325  0.      
GRID        8567        0.0825  0.1325  0.      
GRID        8568        0.085   0.1325  0.      
GRID        8569        0.0875  0.1325  0.      
GRID        8570        0.09    0.1325  0.      
GRID        8571        0.0925  0.1325  0.      
GRID        8572        0.095   0.1325  0.      
GRID        8573        0.0975  0.1325  0.      
GRID        8574        0.1     0.1325  0.      
GRID        8575        0.1025  0.1325  0.      
GRID        8576        0.105   0.1325  0.      
GRID        8577        0.1075  0.1325  0.      
GRID        8578        0.11    0.1325  0.      
GRID        8579        0.1125  0.1325  0.      
GRID        8580        0.115   0.1325  0.      
GRID        8581        0.1175  0.1325  0.      
GRID        8582        0.12    0.1325  0.      
GRID        8583        0.1225  0.1325  0.      
GRID        8584        0.125   0.1325  0.      
GRID        8585        0.1275  0.1325  0.      
GRID        8586        0.13    0.1325  0.      
GRID        8587        0.1325  0.1325  0.      
GRID        8588        0.135   0.1325  0.      
GRID        8589        0.1375  0.1325  0.      
GRID        8590        0.14    0.1325  0.      
GRID        8591        0.1425  0.1325  0.      
GRID        8592        0.145   0.1325  0.      
GRID        8593        0.1475  0.1325  0.      
GRID        8594        0.15    0.1325  0.      
GRID        8595        0.1525  0.1325  0.      
GRID        8596        0.155   0.1325  0.      
GRID        8597        0.1575  0.1325  0.      
GRID        8598        0.16    0.1325  0.      
GRID        8599        0.1625  0.1325  0.      
GRID        8600        0.165   0.1325  0.      
GRID        8601        0.1675  0.1325  0.      
GRID        8602        0.17    0.1325  0.      
GRID        8603        0.1725  0.1325  0.      
GRID        8604        0.175   0.1325  0.      
GRID        8605        0.1775  0.1325  0.      
GRID        8606        0.18    0.1325  0.      
GRID        8607        0.1825  0.1325  0.      
GRID        8608        0.185   0.1325  0.      
GRID        8609        0.1875  0.1325  0.      
GRID        8610        0.19    0.1325  0.      
GRID        8611        0.1925  0.1325  0.      
GRID        8612        0.195   0.1325  0.      
GRID        8613        0.1975  0.1325  0.      
GRID        8614        0.2     0.1325  0.      
GRID        8615        0.2025  0.1325  0.      
GRID        8616        0.205   0.1325  0.      
GRID        8617        0.2075  0.1325  0.      
GRID        8618        0.21    0.1325  0.      
GRID        8619        0.2125  0.1325  0.      
GRID        8620        0.215   0.1325  0.      
GRID        8621        0.2175  0.1325  0.      
GRID        8622        0.22    0.1325  0.      
GRID        8623        0.2225  0.1325  0.      
GRID        8624        0.225   0.1325  0.      
GRID        8625        0.2275  0.1325  0.      
GRID        8626        0.23    0.1325  0.      
GRID        8627        0.2325  0.1325  0.      
GRID        8628        0.235   0.1325  0.      
GRID        8629        0.2375  0.1325  0.      
GRID        8630        0.24    0.1325  0.      
GRID        8631        0.2425  0.1325  0.      
GRID        8632        0.245   0.1325  0.      
GRID        8633        0.2475  0.1325  0.      
GRID        8634        0.25    0.1325  0.      
GRID        8635        0.2525  0.1325  0.      
GRID        8636        0.255   0.1325  0.      
GRID        8637        0.2575  0.1325  0.      
GRID        8638        0.26    0.1325  0.      
GRID        8639        0.2625  0.1325  0.      
GRID        8640        0.265   0.1325  0.      
GRID        8641        0.2675  0.1325  0.      
GRID        8642        0.27    0.1325  0.      
GRID        8643        0.2725  0.1325  0.      
GRID        8644        0.275   0.1325  0.      
GRID        8645        0.2775  0.1325  0.      
GRID        8646        0.28    0.1325  0.      
GRID        8647        0.2825  0.1325  0.      
GRID        8648        0.285   0.1325  0.      
GRID        8649        0.2875  0.1325  0.      
GRID        8650        0.29    0.1325  0.      
GRID        8651        0.2925  0.1325  0.      
GRID        8652        0.295   0.1325  0.      
GRID        8653        0.2975  0.1325  0.      
GRID        8654        0.3     0.1325  0.      
GRID        8655        0.3025  0.1325  0.      
GRID        8656        0.305   0.1325  0.      
GRID        8657        0.3075  0.1325  0.      
GRID        8658        0.31    0.1325  0.      
GRID        8659        0.3125  0.1325  0.      
GRID        8660        0.315   0.1325  0.      
GRID        8661        0.3175  0.1325  0.      
GRID        8662        0.32    0.1325  0.      
GRID        8663        0.3225  0.1325  0.      
GRID        8664        0.325   0.1325  0.      
GRID        8665        0.3275  0.1325  0.      
GRID        8666        0.33    0.1325  0.      
GRID        8667        0.3325  0.1325  0.      
GRID        8668        0.335   0.1325  0.      
GRID        8669        0.3375  0.1325  0.      
GRID        8670        0.34    0.1325  0.      
GRID        8671        0.3425  0.1325  0.      
GRID        8672        0.345   0.1325  0.      
GRID        8673        0.3475  0.1325  0.      
GRID        8674        0.35    0.1325  0.      
GRID        8675        0.3525  0.1325  0.      
GRID        8676        0.355   0.1325  0.      
GRID        8677        0.3575  0.1325  0.      
GRID        8678        0.36    0.1325  0.      
GRID        8679        0.3625  0.1325  0.      
GRID        8680        0.365   0.1325  0.      
GRID        8681        0.3675  0.1325  0.      
GRID        8682        0.37    0.1325  0.      
GRID        8683        0.3725  0.1325  0.      
GRID        8684        0.375   0.1325  0.      
GRID        8685        0.3775  0.1325  0.      
GRID        8686        0.38    0.1325  0.      
GRID        8687        0.3825  0.1325  0.      
GRID        8688        0.385   0.1325  0.      
GRID        8689        0.3875  0.1325  0.      
GRID        8690        0.39    0.1325  0.      
GRID        8691        0.3925  0.1325  0.      
GRID        8692        0.395   0.1325  0.      
GRID        8693        0.3975  0.1325  0.      
GRID        8694        0.4     0.1325  0.      
GRID        8695        0.      0.135   0.      
GRID        8696        0.0025  0.135   0.      
GRID        8697        0.005   0.135   0.      
GRID        8698        0.0075  0.135   0.      
GRID        8699        0.01    0.135   0.      
GRID        8700        0.0125  0.135   0.      
GRID        8701        0.015   0.135   0.      
GRID        8702        0.0175  0.135   0.      
GRID        8703        0.02    0.135   0.      
GRID        8704        0.0225  0.135   0.      
GRID        8705        0.025   0.135   0.      
GRID        8706        0.0275  0.135   0.      
GRID        8707        0.03    0.135   0.      
GRID        8708        0.0325  0.135   0.      
GRID        8709        0.035   0.135   0.      
GRID        8710        0.0375  0.135   0.      
GRID        8711        0.04    0.135   0.      
GRID        8712        0.0425  0.135   0.      
GRID        8713        0.045   0.135   0.      
GRID        8714        0.0475  0.135   0.      
GRID        8715        0.05    0.135   0.      
GRID        8716        0.0525  0.135   0.      
GRID        8717        0.055   0.135   0.      
GRID        8718        0.0575  0.135   0.      
GRID        8719        0.06    0.135   0.      
GRID        8720        0.0625  0.135   0.      
GRID        8721        0.065   0.135   0.      
GRID        8722        0.0675  0.135   0.      
GRID        8723        0.07    0.135   0.      
GRID        8724        0.0725  0.135   0.      
GRID        8725        0.075   0.135   0.      
GRID        8726        0.0775  0.135   0.      
GRID        8727        0.08    0.135   0.      
GRID        8728        0.0825  0.135   0.      
GRID        8729        0.085   0.135   0.      
GRID        8730        0.0875  0.135   0.      
GRID        8731        0.09    0.135   0.      
GRID        8732        0.0925  0.135   0.      
GRID        8733        0.095   0.135   0.      
GRID        8734        0.0975  0.135   0.      
GRID        8735        0.1     0.135   0.      
GRID        8736        0.1025  0.135   0.      
GRID        8737        0.105   0.135   0.      
GRID        8738        0.1075  0.135   0.      
GRID        8739        0.11    0.135   0.      
GRID        8740        0.1125  0.135   0.      
GRID        8741        0.115   0.135   0.      
GRID        8742        0.1175  0.135   0.      
GRID        8743        0.12    0.135   0.      
GRID        8744        0.1225  0.135   0.      
GRID        8745        0.125   0.135   0.      
GRID        8746        0.1275  0.135   0.      
GRID        8747        0.13    0.135   0.      
GRID        8748        0.1325  0.135   0.      
GRID        8749        0.135   0.135   0.      
GRID        8750        0.1375  0.135   0.      
GRID        8751        0.14    0.135   0.      
GRID        8752        0.1425  0.135   0.      
GRID        8753        0.145   0.135   0.      
GRID        8754        0.1475  0.135   0.      
GRID        8755        0.15    0.135   0.      
GRID        8756        0.1525  0.135   0.      
GRID        8757        0.155   0.135   0.      
GRID        8758        0.1575  0.135   0.      
GRID        8759        0.16    0.135   0.      
GRID        8760        0.1625  0.135   0.      
GRID        8761        0.165   0.135   0.      
GRID        8762        0.1675  0.135   0.      
GRID        8763        0.17    0.135   0.      
GRID        8764        0.1725  0.135   0.      
GRID        8765        0.175   0.135   0.      
GRID        8766        0.1775  0.135   0.      
GRID        8767        0.18    0.135   0.      
GRID        8768        0.1825  0.135   0.      
GRID        8769        0.185   0.135   0.      
GRID        8770        0.1875  0.135   0.      
GRID        8771        0.19    0.135   0.      
GRID        8772        0.1925  0.135   0.      
GRID        8773        0.195   0.135   0.      
GRID        8774        0.1975  0.135   0.      
GRID        8775        0.2     0.135   0.      
GRID        8776        0.2025  0.135   0.      
GRID        8777        0.205   0.135   0.      
GRID        8778        0.2075  0.135   0.      
GRID        8779        0.21    0.135   0.      
GRID        8780        0.2125  0.135   0.      
GRID        8781        0.215   0.135   0.      
GRID        8782        0.2175  0.135   0.      
GRID        8783        0.22    0.135   0.      
GRID        8784        0.2225  0.135   0.      
GRID        8785        0.225   0.135   0.      
GRID        8786        0.2275  0.135   0.      
GRID        8787        0.23    0.135   0.      
GRID        8788        0.2325  0.135   0.      
GRID        8789        0.235   0.135   0.      
GRID        8790        0.2375  0.135   0.      
GRID        8791        0.24    0.135   0.      
GRID        8792        0.2425  0.135   0.      
GRID        8793        0.245   0.135   0.      
GRID        8794        0.2475  0.135   0.      
GRID        8795        0.25    0.135   0.      
GRID        8796        0.2525  0.135   0.      
GRID        8797        0.255   0.135   0.      
GRID        8798        0.2575  0.135   0.      
GRID        8799        0.26    0.135   0.      
GRID        8800        0.2625  0.135   0.      
GRID        8801        0.265   0.135   0.      
GRID        8802        0.2675  0.135   0.      
GRID        8803        0.27    0.135   0.      
GRID        8804        0.2725  0.135   0.      
GRID        8805        0.275   0.135   0.      
GRID        8806        0.2775  0.135   0.      
GRID        8807        0.28    0.135   0.      
GRID        8808        0.2825  0.135   0.      
GRID        8809        0.285   0.135   0.      
GRID        8810        0.2875  0.135   0.      
GRID        8811        0.29    0.135   0.      
GRID        8812        0.2925  0.135   0.      
GRID        8813        0.295   0.135   0.      
GRID        8814        0.2975  0.135   0.      
GRID        8815        0.3     0.135   0.      
GRID        8816        0.3025  0.135   0.      
GRID        8817        0.305   0.135   0.      
GRID        8818        0.3075  0.135   0.      
GRID        8819        0.31    0.135   0.      
GRID        8820        0.3125  0.135   0.      
GRID        8821        0.315   0.135   0.      
GRID        8822        0.3175  0.135   0.      
GRID        8823        0.32    0.135   0.      
GRID        8824        0.3225  0.135   0.      
GRID        8825        0.325   0.135   0.      
GRID        8826        0.3275  0.135   0.      
GRID        8827        0.33    0.135   0.      
GRID        8828        0.3325  0.135   0.      
GRID        8829        0.335   0.135   0.      
GRID        8830        0.3375  0.135   0.      
GRID        8831        0.34    0.135   0.      
GRID        8832        0.3425  0.135   0.      
GRID        8833        0.345   0.135   0.      
GRID        8834        0.3475  0.135   0.      
GRID        8835        0.35    0.135   0.      
GRID        8836        0.3525  0.135   0.      
GRID        8837        0.355   0.135   0.      
GRID        8838        0.3575  0.135   0.      
GRID        8839        0.36    0.135   0.      
GRID        8840        0.3625  0.135   0.      
GRID        8841        0.365   0.135   0.      
GRID        8842        0.3675  0.135   0.      
GRID        8843        0.37    0.135   0.      
GRID        8844        0.3725  0.135   0.      
GRID        8845        0.375   0.135   0.      
GRID        8846        0.3775  0.135   0.      
GRID        8847        0.38    0.135   0.      
GRID        8848        0.3825  0.135   0.      
GRID        8849        0.385   0.135   0.      
GRID        8850        0.3875  0.135   0.      
GRID        8851        0.39    0.135   0.      
GRID        8852        0.3925  0.135   0.      
GRID        8853        0.395   0.135   0.      
GRID        8854        0.3975  0.135   0.      
GRID        8855        0.4     0.135   0.      
GRID        8856        0.      0.1375  0.      
GRID        8857        0.0025  0.1375  0.      
GRID        8858        0.005   0.1375  0.      
GRID        8859        0.0075  0.1375  0.      
GRID        8860        0.01    0.1375  0.      
GRID        8861        0.0125  0.1375  0.      
GRID        8862        0.015   0.1375  0.      
GRID        8863        0.0175  0.1375  0.      
GRID        8864        0.02    0.1375  0.      
GRID        8865        0.0225  0.1375  0.      
GRID        8866        0.025   0.1375  0.      
GRID        8867        0.0275  0.1375  0.      
GRID        8868        0.03    0.1375  0.      
GRID        8869        0.0325  0.1375  0.      
GRID        8870        0.035   0.1375  0.      
GRID        8871        0.0375  0.1375  0.      
GRID        8872        0.04    0.1375  0.      
GRID        8873        0.0425  0.1375  0.      
GRID        8874        0.045   0.1375  0.      
GRID        8875        0.0475  0.1375  0.      
GRID        8876        0.05    0.1375  0.      
GRID        8877        0.0525  0.1375  0.      
GRID        8878        0.055   0.1375  0.      
GRID        8879        0.0575  0.1375  0.      
GRID        8880        0.06    0.1375  0.      
GRID        8881        0.0625  0.1375  0.      
GRID        8882        0.065   0.1375  0.      
GRID        8883        0.0675  0.1375  0.      
GRID        8884        0.07    0.1375  0.      
GRID        8885        0.0725  0.1375  0.      
GRID        8886        0.075   0.1375  0.      
GRID        8887        0.0775  0.1375  0.      
GRID        8888        0.08    0.1375  0.      
GRID        8889        0.0825  0.1375  0.      
GRID        8890        0.085   0.1375  0.      
GRID        8891        0.0875  0.1375  0.      
GRID        8892        0.09    0.1375  0.      
GRID        8893        0.0925  0.1375  0.      
GRID        8894        0.095   0.1375  0.      
GRID        8895        0.0975  0.1375  0.      
GRID        8896        0.1     0.1375  0.      
GRID        8897        0.1025  0.1375  0.      
GRID        8898        0.105   0.1375  0.      
GRID        8899        0.1075  0.1375  0.      
GRID        8900        0.11    0.1375  0.      
GRID        8901        0.1125  0.1375  0.      
GRID        8902        0.115   0.1375  0.      
GRID        8903        0.1175  0.1375  0.      
GRID        8904        0.12    0.1375  0.      
GRID        8905        0.1225  0.1375  0.      
GRID        8906        0.125   0.1375  0.      
GRID        8907        0.1275  0.1375  0.      
GRID        8908        0.13    0.1375  0.      
GRID        8909        0.1325  0.1375  0.      
GRID        8910        0.135   0.1375  0.      
GRID        8911        0.1375  0.1375  0.      
GRID        8912        0.14    0.1375  0.      
GRID        8913        0.1425  0.1375  0.      
GRID        8914        0.145   0.1375  0.      
GRID        8915        0.1475  0.1375  0.      
GRID        8916        0.15    0.1375  0.      
GRID        8917        0.1525  0.1375  0.      
GRID        8918        0.155   0.1375  0.      
GRID        8919        0.1575  0.1375  0.      
GRID        8920        0.16    0.1375  0.      
GRID        8921        0.1625  0.1375  0.      
GRID        8922        0.165   0.1375  0.      
GRID        8923        0.1675  0.1375  0.      
GRID        8924        0.17    0.1375  0.      
GRID        8925        0.1725  0.1375  0.      
GRID        8926        0.175   0.1375  0.      
GRID        8927        0.1775  0.1375  0.      
GRID        8928        0.18    0.1375  0.      
GRID        8929        0.1825  0.1375  0.      
GRID        8930        0.185   0.1375  0.      
GRID        8931        0.1875  0.1375  0.      
GRID        8932        0.19    0.1375  0.      
GRID        8933        0.1925  0.1375  0.      
GRID        8934        0.195   0.1375  0.      
GRID        8935        0.1975  0.1375  0.      
GRID        8936        0.2     0.1375  0.      
GRID        8937        0.2025  0.1375  0.      
GRID        8938        0.205   0.1375  0.      
GRID        8939        0.2075  0.1375  0.      
GRID        8940        0.21    0.1375  0.      
GRID        8941        0.2125  0.1375  0.      
GRID        8942        0.215   0.1375  0.      
GRID        8943        0.2175  0.1375  0.      
GRID        8944        0.22    0.1375  0.      
GRID        8945        0.2225  0.1375  0.      
GRID        8946        0.225   0.1375  0.      
GRID        8947        0.2275  0.1375  0.      
GRID        8948        0.23    0.1375  0.      
GRID        8949        0.2325  0.1375  0.      
GRID        8950        0.235   0.1375  0.      
GRID        8951        0.2375  0.1375  0.      
GRID        8952        0.24    0.1375  0.      
GRID        8953        0.2425  0.1375  0.      
GRID        8954        0.245   0.1375  0.      
GRID        8955        0.2475  0.1375  0.      
GRID        8956        0.25    0.1375  0.      
GRID        8957        0.2525  0.1375  0.      
GRID        8958        0.255   0.1375  0.      
GRID        8959        0.2575  0.1375  0.      
GRID        8960        0.26    0.1375  0.      
GRID        8961        0.2625  0.1375  0.      
GRID        8962        0.265   0.1375  0.      
GRID        8963        0.2675  0.1375  0.      
GRID        8964        0.27    0.1375  0.      
GRID        8965        0.2725  0.1375  0.      
GRID        8966        0.275   0.1375  0.      
GRID        8967        0.2775  0.1375  0.      
GRID        8968        0.28    0.1375  0.      
GRID        8969        0.2825  0.1375  0.      
GRID        8970        0.285   0.1375  0.      
GRID        8971        0.2875  0.1375  0.      
GRID        8972        0.29    0.1375  0.      
GRID        8973        0.2925  0.1375  0.      
GRID        8974        0.295   0.1375  0.      
GRID        8975        0.2975  0.1375  0.      
GRID        8976        0.3     0.1375  0.      
GRID        8977        0.3025  0.1375  0.      
GRID        8978        0.305   0.1375  0.      
GRID        8979        0.3075  0.1375  0.      
GRID        8980        0.31    0.1375  0.      
GRID        8981        0.3125  0.1375  0.      
GRID        8982        0.315   0.1375  0.      
GRID        8983        0.3175  0.1375  0.      
GRID        8984        0.32    0.1375  0.      
GRID        8985        0.3225  0.1375  0.      
GRID        8986        0.325   0.1375  0.      
GRID        8987        0.3275  0.1375  0.      
GRID        8988        0.33    0.1375  0.      
GRID        8989        0.3325  0.1375  0.      
GRID        8990        0.335   0.1375  0.      
GRID        8991        0.3375  0.1375  0.      
GRID        8992        0.34    0.1375  0.      
GRID        8993        0.3425  0.1375  0.      
GRID        8994        0.345   0.1375  0.      
GRID        8995        0.3475  0.1375  0.      
GRID        8996        0.35    0.1375  0.      
GRID        8997        0.3525  0.1375  0.      
GRID        8998        0.355   0.1375  0.      
GRID        8999        0.3575  0.1375  0.      
GRID        9000        0.36    0.1375  0.      
GRID        9001        0.3625  0.1375  0.      
GRID        9002        0.365   0.1375  0.      
GRID        9003        0.3675  0.1375  0.      
GRID        9004        0.37    0.1375  0.      
GRID        9005        0.3725  0.1375  0.      
GRID        9006        0.375   0.1375  0.      
GRID        9007        0.3775  0.1375  0.      
GRID        9008        0.38    0.1375  0.      
GRID        9009        0.3825  0.1375  0.      
GRID        9010        0.385   0.1375  0.      
GRID        9011        0.3875  0.1375  0.      
GRID        9012        0.39    0.1375  0.      
GRID        9013        0.3925  0.1375  0.      
GRID        9014        0.395   0.1375  0.      
GRID        9015        0.3975  0.1375  0.      
GRID        9016        0.4     0.1375  0.      
GRID        9017        0.      0.14    0.      
GRID        9018        0.0025  0.14    0.      
GRID        9019        0.005   0.14    0.      
GRID        9020        0.0075  0.14    0.      
GRID        9021        0.01    0.14    0.      
GRID        9022        0.0125  0.14    0.      
GRID        9023        0.015   0.14    0.      
GRID        9024        0.0175  0.14    0.      
GRID        9025        0.02    0.14    0.      
GRID        9026        0.0225  0.14    0.      
GRID        9027        0.025   0.14    0.      
GRID        9028        0.0275  0.14    0.      
GRID        9029        0.03    0.14    0.      
GRID        9030        0.0325  0.14    0.      
GRID        9031        0.035   0.14    0.      
GRID        9032        0.0375  0.14    0.      
GRID        9033        0.04    0.14    0.      
GRID        9034        0.0425  0.14    0.      
GRID        9035        0.045   0.14    0.      
GRID        9036        0.0475  0.14    0.      
GRID        9037        0.05    0.14    0.      
GRID        9038        0.0525  0.14    0.      
GRID        9039        0.055   0.14    0.      
GRID        9040        0.0575  0.14    0.      
GRID        9041        0.06    0.14    0.      
GRID        9042        0.0625  0.14    0.      
GRID        9043        0.065   0.14    0.      
GRID        9044        0.0675  0.14    0.      
GRID        9045        0.07    0.14    0.      
GRID        9046        0.0725  0.14    0.      
GRID        9047        0.075   0.14    0.      
GRID        9048        0.0775  0.14    0.      
GRID        9049        0.08    0.14    0.      
GRID        9050        0.0825  0.14    0.      
GRID        9051        0.085   0.14    0.      
GRID        9052        0.0875  0.14    0.      
GRID        9053        0.09    0.14    0.      
GRID        9054        0.0925  0.14    0.      
GRID        9055        0.095   0.14    0.      
GRID        9056        0.0975  0.14    0.      
GRID        9057        0.1     0.14    0.      
GRID        9058        0.1025  0.14    0.      
GRID        9059        0.105   0.14    0.      
GRID        9060        0.1075  0.14    0.      
GRID        9061        0.11    0.14    0.      
GRID        9062        0.1125  0.14    0.      
GRID        9063        0.115   0.14    0.      
GRID        9064        0.1175  0.14    0.      
GRID        9065        0.12    0.14    0.      
GRID        9066        0.1225  0.14    0.      
GRID        9067        0.125   0.14    0.      
GRID        9068        0.1275  0.14    0.      
GRID        9069        0.13    0.14    0.      
GRID        9070        0.1325  0.14    0.      
GRID        9071        0.135   0.14    0.      
GRID        9072        0.1375  0.14    0.      
GRID        9073        0.14    0.14    0.      
GRID        9074        0.1425  0.14    0.      
GRID        9075        0.145   0.14    0.      
GRID        9076        0.1475  0.14    0.      
GRID        9077        0.15    0.14    0.      
GRID        9078        0.1525  0.14    0.      
GRID        9079        0.155   0.14    0.      
GRID        9080        0.1575  0.14    0.      
GRID        9081        0.16    0.14    0.      
GRID        9082        0.1625  0.14    0.      
GRID        9083        0.165   0.14    0.      
GRID        9084        0.1675  0.14    0.      
GRID        9085        0.17    0.14    0.      
GRID        9086        0.1725  0.14    0.      
GRID        9087        0.175   0.14    0.      
GRID        9088        0.1775  0.14    0.      
GRID        9089        0.18    0.14    0.      
GRID        9090        0.1825  0.14    0.      
GRID        9091        0.185   0.14    0.      
GRID        9092        0.1875  0.14    0.      
GRID        9093        0.19    0.14    0.      
GRID        9094        0.1925  0.14    0.      
GRID        9095        0.195   0.14    0.      
GRID        9096        0.1975  0.14    0.      
GRID        9097        0.2     0.14    0.      
GRID        9098        0.2025  0.14    0.      
GRID        9099        0.205   0.14    0.      
GRID        9100        0.2075  0.14    0.      
GRID        9101        0.21    0.14    0.      
GRID        9102        0.2125  0.14    0.      
GRID        9103        0.215   0.14    0.      
GRID        9104        0.2175  0.14    0.      
GRID        9105        0.22    0.14    0.      
GRID        9106        0.2225  0.14    0.      
GRID        9107        0.225   0.14    0.      
GRID        9108        0.2275  0.14    0.      
GRID        9109        0.23    0.14    0.      
GRID        9110        0.2325  0.14    0.      
GRID        9111        0.235   0.14    0.      
GRID        9112        0.2375  0.14    0.      
GRID        9113        0.24    0.14    0.      
GRID        9114        0.2425  0.14    0.      
GRID        9115        0.245   0.14    0.      
GRID        9116        0.2475  0.14    0.      
GRID        9117        0.25    0.14    0.      
GRID        9118        0.2525  0.14    0.      
GRID        9119        0.255   0.14    0.      
GRID        9120        0.2575  0.14    0.      
GRID        9121        0.26    0.14    0.      
GRID        9122        0.2625  0.14    0.      
GRID        9123        0.265   0.14    0.      
GRID        9124        0.2675  0.14    0.      
GRID        9125        0.27    0.14    0.      
GRID        9126        0.2725  0.14    0.      
GRID        9127        0.275   0.14    0.      
GRID        9128        0.2775  0.14    0.      
GRID        9129        0.28    0.14    0.      
GRID        9130        0.2825  0.14    0.      
GRID        9131        0.285   0.14    0.      
GRID        9132        0.2875  0.14    0.      
GRID        9133        0.29    0.14    0.      
GRID        9134        0.2925  0.14    0.      
GRID        9135        0.295   0.14    0.      
GRID        9136        0.2975  0.14    0.      
GRID        9137        0.3     0.14    0.      
GRID        9138        0.3025  0.14    0.      
GRID        9139        0.305   0.14    0.      
GRID        9140        0.3075  0.14    0.      
GRID        9141        0.31    0.14    0.      
GRID        9142        0.3125  0.14    0.      
GRID        9143        0.315   0.14    0.      
GRID        9144        0.3175  0.14    0.      
GRID        9145        0.32    0.14    0.      
GRID        9146        0.3225  0.14    0.      
GRID        9147        0.325   0.14    0.      
GRID        9148        0.3275  0.14    0.      
GRID        9149        0.33    0.14    0.      
GRID        9150        0.3325  0.14    0.      
GRID        9151        0.335   0.14    0.      
GRID        9152        0.3375  0.14    0.      
GRID        9153        0.34    0.14    0.      
GRID        9154        0.3425  0.14    0.      
GRID        9155        0.345   0.14    0.      
GRID        9156        0.3475  0.14    0.      
GRID        9157        0.35    0.14    0.      
GRID        9158        0.3525  0.14    0.      
GRID        9159        0.355   0.14    0.      
GRID        9160        0.3575  0.14    0.      
GRID        9161        0.36    0.14    0.      
GRID        9162        0.3625  0.14    0.      
GRID        9163        0.365   0.14    0.      
GRID        9164        0.3675  0.14    0.      
GRID        9165        0.37    0.14    0.      
GRID        9166        0.3725  0.14    0.      
GRID        9167        0.375   0.14    0.      
GRID        9168        0.3775  0.14    0.      
GRID        9169        0.38    0.14    0.      
GRID        9170        0.3825  0.14    0.      
GRID        9171        0.385   0.14    0.      
GRID        9172        0.3875  0.14    0.      
GRID        9173        0.39    0.14    0.      
GRID        9174        0.3925  0.14    0.      
GRID        9175        0.395   0.14    0.      
GRID        9176        0.3975  0.14    0.      
GRID        9177        0.4     0.14    0.      
GRID        9178        0.      0.1425  0.      
GRID        9179        0.0025  0.1425  0.      
GRID        9180        0.005   0.1425  0.      
GRID        9181        0.0075  0.1425  0.      
GRID        9182        0.01    0.1425  0.      
GRID        9183        0.0125  0.1425  0.      
GRID        9184        0.015   0.1425  0.      
GRID        9185        0.0175  0.1425  0.      
GRID        9186        0.02    0.1425  0.      
GRID        9187        0.0225  0.1425  0.      
GRID        9188        0.025   0.1425  0.      
GRID        9189        0.0275  0.1425  0.      
GRID        9190        0.03    0.1425  0.      
GRID        9191        0.0325  0.1425  0.      
GRID        9192        0.035   0.1425  0.      
GRID        9193        0.0375  0.1425  0.      
GRID        9194        0.04    0.1425  0.      
GRID        9195        0.0425  0.1425  0.      
GRID        9196        0.045   0.1425  0.      
GRID        9197        0.0475  0.1425  0.      
GRID        9198        0.05    0.1425  0.      
GRID        9199        0.0525  0.1425  0.      
GRID        9200        0.055   0.1425  0.      
GRID        9201        0.0575  0.1425  0.      
GRID        9202        0.06    0.1425  0.      
GRID        9203        0.0625  0.1425  0.      
GRID        9204        0.065   0.1425  0.      
GRID        9205        0.0675  0.1425  0.      
GRID        9206        0.07    0.1425  0.      
GRID        9207        0.0725  0.1425  0.      
GRID        9208        0.075   0.1425  0.      
GRID        9209        0.0775  0.1425  0.      
GRID        9210        0.08    0.1425  0.      
GRID        9211        0.0825  0.1425  0.      
GRID        9212        0.085   0.1425  0.      
GRID        9213        0.0875  0.1425  0.      
GRID        9214        0.09    0.1425  0.      
GRID        9215        0.0925  0.1425  0.      
GRID        9216        0.095   0.1425  0.      
GRID        9217        0.0975  0.1425  0.      
GRID        9218        0.1     0.1425  0.      
GRID        9219        0.1025  0.1425  0.      
GRID        9220        0.105   0.1425  0.      
GRID        9221        0.1075  0.1425  0.      
GRID        9222        0.11    0.1425  0.      
GRID        9223        0.1125  0.1425  0.      
GRID        9224        0.115   0.1425  0.      
GRID        9225        0.1175  0.1425  0.      
GRID        9226        0.12    0.1425  0.      
GRID        9227        0.1225  0.1425  0.      
GRID        9228        0.125   0.1425  0.      
GRID        9229        0.1275  0.1425  0.      
GRID        9230        0.13    0.1425  0.      
GRID        9231        0.1325  0.1425  0.      
GRID        9232        0.135   0.1425  0.      
GRID        9233        0.1375  0.1425  0.      
GRID        9234        0.14    0.1425  0.      
GRID        9235        0.1425  0.1425  0.      
GRID        9236        0.145   0.1425  0.      
GRID        9237        0.1475  0.1425  0.      
GRID        9238        0.15    0.1425  0.      
GRID        9239        0.1525  0.1425  0.      
GRID        9240        0.155   0.1425  0.      
GRID        9241        0.1575  0.1425  0.      
GRID        9242        0.16    0.1425  0.      
GRID        9243        0.1625  0.1425  0.      
GRID        9244        0.165   0.1425  0.      
GRID        9245        0.1675  0.1425  0.      
GRID        9246        0.17    0.1425  0.      
GRID        9247        0.1725  0.1425  0.      
GRID        9248        0.175   0.1425  0.      
GRID        9249        0.1775  0.1425  0.      
GRID        9250        0.18    0.1425  0.      
GRID        9251        0.1825  0.1425  0.      
GRID        9252        0.185   0.1425  0.      
GRID        9253        0.1875  0.1425  0.      
GRID        9254        0.19    0.1425  0.      
GRID        9255        0.1925  0.1425  0.      
GRID        9256        0.195   0.1425  0.      
GRID        9257        0.1975  0.1425  0.      
GRID        9258        0.2     0.1425  0.      
GRID        9259        0.2025  0.1425  0.      
GRID        9260        0.205   0.1425  0.      
GRID        9261        0.2075  0.1425  0.      
GRID        9262        0.21    0.1425  0.      
GRID        9263        0.2125  0.1425  0.      
GRID        9264        0.215   0.1425  0.      
GRID        9265        0.2175  0.1425  0.      
GRID        9266        0.22    0.1425  0.      
GRID        9267        0.2225  0.1425  0.      
GRID        9268        0.225   0.1425  0.      
GRID        9269        0.2275  0.1425  0.      
GRID        9270        0.23    0.1425  0.      
GRID        9271        0.2325  0.1425  0.      
GRID        9272        0.235   0.1425  0.      
GRID        9273        0.2375  0.1425  0.      
GRID        9274        0.24    0.1425  0.      
GRID        9275        0.2425  0.1425  0.      
GRID        9276        0.245   0.1425  0.      
GRID        9277        0.2475  0.1425  0.      
GRID        9278        0.25    0.1425  0.      
GRID        9279        0.2525  0.1425  0.      
GRID        9280        0.255   0.1425  0.      
GRID        9281        0.2575  0.1425  0.      
GRID        9282        0.26    0.1425  0.      
GRID        9283        0.2625  0.1425  0.      
GRID        9284        0.265   0.1425  0.      
GRID        9285        0.2675  0.1425  0.      
GRID        9286        0.27    0.1425  0.      
GRID        9287        0.2725  0.1425  0.      
GRID        9288        0.275   0.1425  0.      
GRID        9289        0.2775  0.1425  0.      
GRID        9290        0.28    0.1425  0.      
GRID        9291        0.2825  0.1425  0.      
GRID        9292        0.285   0.1425  0.      
GRID        9293        0.2875  0.1425  0.      
GRID        9294        0.29    0.1425  0.      
GRID        9295        0.2925  0.1425  0.      
GRID        9296        0.295   0.1425  0.      
GRID        9297        0.2975  0.1425  0.      
GRID        9298        0.3     0.1425  0.      
GRID        9299        0.3025  0.1425  0.      
GRID        9300        0.305   0.1425  0.      
GRID        9301        0.3075  0.1425  0.      
GRID        9302        0.31    0.1425  0.      
GRID        9303        0.3125  0.1425  0.      
GRID        9304        0.315   0.1425  0.      
GRID        9305        0.3175  0.1425  0.      
GRID        9306        0.32    0.1425  0.      
GRID        9307        0.3225  0.1425  0.      
GRID        9308        0.325   0.1425  0.      
GRID        9309        0.3275  0.1425  0.      
GRID        9310        0.33    0.1425  0.      
GRID        9311        0.3325  0.1425  0.      
GRID        9312        0.335   0.1425  0.      
GRID        9313        0.3375  0.1425  0.      
GRID        9314        0.34    0.1425  0.      
GRID        9315        0.3425  0.1425  0.      
GRID        9316        0.345   0.1425  0.      
GRID        9317        0.3475  0.1425  0.      
GRID        9318        0.35    0.1425  0.      
GRID        9319        0.3525  0.1425  0.      
GRID        9320        0.355   0.1425  0.      
GRID        9321        0.3575  0.1425  0.      
GRID        9322        0.36    0.1425  0.      
GRID        9323        0.3625  0.1425  0.      
GRID        9324        0.365   0.1425  0.      
GRID        9325        0.3675  0.1425  0.      
GRID        9326        0.37    0.1425  0.      
GRID        9327        0.3725  0.1425  0.      
GRID        9328        0.375   0.1425  0.      
GRID        9329        0.3775  0.1425  0.      
GRID        9330        0.38    0.1425  0.      
GRID        9331        0.3825  0.1425  0.      
GRID        9332        0.385   0.1425  0.      
GRID        9333        0.3875  0.1425  0.      
GRID        9334        0.39    0.1425  0.      
GRID        9335        0.3925  0.1425  0.      
GRID        9336        0.395   0.1425  0.      
GRID        9337        0.3975  0.1425  0.      
GRID        9338        0.4     0.1425  0.      
GRID        9339        0.      0.145   0.      
GRID        9340        0.0025  0.145   0.      
GRID        9341        0.005   0.145   0.      
GRID        9342        0.0075  0.145   0.      
GRID        9343        0.01    0.145   0.      
GRID        9344        0.0125  0.145   0.      
GRID        9345        0.015   0.145   0.      
GRID        9346        0.0175  0.145   0.      
GRID        9347        0.02    0.145   0.      
GRID        9348        0.0225  0.145   0.      
GRID        9349        0.025   0.145   0.      
GRID        9350        0.0275  0.145   0.      
GRID        9351        0.03    0.145   0.      
GRID        9352        0.0325  0.145   0.      
GRID        9353        0.035   0.145   0.      
GRID        9354        0.0375  0.145   0.      
GRID        9355        0.04    0.145   0.      
GRID        9356        0.0425  0.145   0.      
GRID        9357        0.045   0.145   0.      
GRID        9358        0.0475  0.145   0.      
GRID        9359        0.05    0.145   0.      
GRID        9360        0.0525  0.145   0.      
GRID        9361        0.055   0.145   0.      
GRID        9362        0.0575  0.145   0.      
GRID        9363        0.06    0.145   0.      
GRID        9364        0.0625  0.145   0.      
GRID        9365        0.065   0.145   0.      
GRID        9366        0.0675  0.145   0.      
GRID        9367        0.07    0.145   0.      
GRID        9368        0.0725  0.145   0.      
GRID        9369        0.075   0.145   0.      
GRID        9370        0.0775  0.145   0.      
GRID        9371        0.08    0.145   0.      
GRID        9372        0.0825  0.145   0.      
GRID        9373        0.085   0.145   0.      
GRID        9374        0.0875  0.145   0.      
GRID        9375        0.09    0.145   0.      
GRID        9376        0.0925  0.145   0.      
GRID        9377        0.095   0.145   0.      
GRID        9378        0.0975  0.145   0.      
GRID        9379        0.1     0.145   0.      
GRID        9380        0.1025  0.145   0.      
GRID        9381        0.105   0.145   0.      
GRID        9382        0.1075  0.145   0.      
GRID        9383        0.11    0.145   0.      
GRID        9384        0.1125  0.145   0.      
GRID        9385        0.115   0.145   0.      
GRID        9386        0.1175  0.145   0.      
GRID        9387        0.12    0.145   0.      
GRID        9388        0.1225  0.145   0.      
GRID        9389        0.125   0.145   0.      
GRID        9390        0.1275  0.145   0.      
GRID        9391        0.13    0.145   0.      
GRID        9392        0.1325  0.145   0.      
GRID        9393        0.135   0.145   0.      
GRID        9394        0.1375  0.145   0.      
GRID        9395        0.14    0.145   0.      
GRID        9396        0.1425  0.145   0.      
GRID        9397        0.145   0.145   0.      
GRID        9398        0.1475  0.145   0.      
GRID        9399        0.15    0.145   0.      
GRID        9400        0.1525  0.145   0.      
GRID        9401        0.155   0.145   0.      
GRID        9402        0.1575  0.145   0.      
GRID        9403        0.16    0.145   0.      
GRID        9404        0.1625  0.145   0.      
GRID        9405        0.165   0.145   0.      
GRID        9406        0.1675  0.145   0.      
GRID        9407        0.17    0.145   0.      
GRID        9408        0.1725  0.145   0.      
GRID        9409        0.175   0.145   0.      
GRID        9410        0.1775  0.145   0.      
GRID        9411        0.18    0.145   0.      
GRID        9412        0.1825  0.145   0.      
GRID        9413        0.185   0.145   0.      
GRID        9414        0.1875  0.145   0.      
GRID        9415        0.19    0.145   0.      
GRID        9416        0.1925  0.145   0.      
GRID        9417        0.195   0.145   0.      
GRID        9418        0.1975  0.145   0.      
GRID        9419        0.2     0.145   0.      
GRID        9420        0.2025  0.145   0.      
GRID        9421        0.205   0.145   0.      
GRID        9422        0.2075  0.145   0.      
GRID        9423        0.21    0.145   0.      
GRID        9424        0.2125  0.145   0.      
GRID        9425        0.215   0.145   0.      
GRID        9426        0.2175  0.145   0.      
GRID        9427        0.22    0.145   0.      
GRID        9428        0.2225  0.145   0.      
GRID        9429        0.225   0.145   0.      
GRID        9430        0.2275  0.145   0.      
GRID        9431        0.23    0.145   0.      
GRID        9432        0.2325  0.145   0.      
GRID        9433        0.235   0.145   0.      
GRID        9434        0.2375  0.145   0.      
GRID        9435        0.24    0.145   0.      
GRID        9436        0.2425  0.145   0.      
GRID        9437        0.245   0.145   0.      
GRID        9438        0.2475  0.145   0.      
GRID        9439        0.25    0.145   0.      
GRID        9440        0.2525  0.145   0.      
GRID        9441        0.255   0.145   0.      
GRID        9442        0.2575  0.145   0.      
GRID        9443        0.26    0.145   0.      
GRID        9444        0.2625  0.145   0.      
GRID        9445        0.265   0.145   0.      
GRID        9446        0.2675  0.145   0.      
GRID        9447        0.27    0.145   0.      
GRID        9448        0.2725  0.145   0.      
GRID        9449        0.275   0.145   0.      
GRID        9450        0.2775  0.145   0.      
GRID        9451        0.28    0.145   0.      
GRID        9452        0.2825  0.145   0.      
GRID        9453        0.285   0.145   0.      
GRID        9454        0.2875  0.145   0.      
GRID        9455        0.29    0.145   0.      
GRID        9456        0.2925  0.145   0.      
GRID        9457        0.295   0.145   0.      
GRID        9458        0.2975  0.145   0.      
GRID        9459        0.3     0.145   0.      
GRID        9460        0.3025  0.145   0.      
GRID        9461        0.305   0.145   0.      
GRID        9462        0.3075  0.145   0.      
GRID        9463        0.31    0.145   0.      
GRID        9464        0.3125  0.145   0.      
GRID        9465        0.315   0.145   0.      
GRID        9466        0.3175  0.145   0.      
GRID        9467        0.32    0.145   0.      
GRID        9468        0.3225  0.145   0.      
GRID        9469        0.325   0.145   0.      
GRID        9470        0.3275  0.145   0.      
GRID        9471        0.33    0.145   0.      
GRID        9472        0.3325  0.145   0.      
GRID        9473        0.335   0.145   0.      
GRID        9474        0.3375  0.145   0.      
GRID        9475        0.34    0.145   0.      
GRID        9476        0.3425  0.145   0.      
GRID        9477        0.345   0.145   0.      
GRID        9478        0.3475  0.145   0.      
GRID        9479        0.35    0.145   0.      
GRID        9480        0.3525  0.145   0.      
GRID        9481        0.355   0.145   0.      
GRID        9482        0.3575  0.145   0.      
GRID        9483        0.36    0.145   0.      
GRID        9484        0.3625  0.145   0.      
GRID        9485        0.365   0.145   0.      
GRID        9486        0.3675  0.145   0.      
GRID        9487        0.37    0.145   0.      
GRID        9488        0.3725  0.145   0.      
GRID        9489        0.375   0.145   0.      
GRID        9490        0.3775  0.145   0.      
GRID        9491        0.38    0.145   0.      
GRID        9492        0.3825  0.145   0.      
GRID        9493        0.385   0.145   0.      
GRID        9494        0.3875  0.145   0.      
GRID        9495        0.39    0.145   0.      
GRID        9496        0.3925  0.145   0.      
GRID        9497        0.395   0.145   0.      
GRID        9498        0.3975  0.145   0.      
GRID        9499        0.4     0.145   0.      
GRID        9500        0.      0.1475  0.      
GRID        9501        0.0025  0.1475  0.      
GRID        9502        0.005   0.1475  0.      
GRID        9503        0.0075  0.1475  0.      
GRID        9504        0.01    0.1475  0.      
GRID        9505        0.0125  0.1475  0.      
GRID        9506        0.015   0.1475  0.      
GRID        9507        0.0175  0.1475  0.      
GRID        9508        0.02    0.1475  0.      
GRID        9509        0.0225  0.1475  0.      
GRID        9510        0.025   0.1475  0.      
GRID        9511        0.0275  0.1475  0.      
GRID        9512        0.03    0.1475  0.      
GRID        9513        0.0325  0.1475  0.      
GRID        9514        0.035   0.1475  0.      
GRID        9515        0.0375  0.1475  0.      
GRID        9516        0.04    0.1475  0.      
GRID        9517        0.0425  0.1475  0.      
GRID        9518        0.045   0.1475  0.      
GRID        9519        0.0475  0.1475  0.      
GRID        9520        0.05    0.1475  0.      
GRID        9521        0.0525  0.1475  0.      
GRID        9522        0.055   0.1475  0.      
GRID        9523        0.0575  0.1475  0.      
GRID        9524        0.06    0.1475  0.      
GRID        9525        0.0625  0.1475  0.      
GRID        9526        0.065   0.1475  0.      
GRID        9527        0.0675  0.1475  0.      
GRID        9528        0.07    0.1475  0.      
GRID        9529        0.0725  0.1475  0.      
GRID        9530        0.075   0.1475  0.      
GRID        9531        0.0775  0.1475  0.      
GRID        9532        0.08    0.1475  0.      
GRID        9533        0.0825  0.1475  0.      
GRID        9534        0.085   0.1475  0.      
GRID        9535        0.0875  0.1475  0.      
GRID        9536        0.09    0.1475  0.      
GRID        9537        0.0925  0.1475  0.      
GRID        9538        0.095   0.1475  0.      
GRID        9539        0.0975  0.1475  0.      
GRID        9540        0.1     0.1475  0.      
GRID        9541        0.1025  0.1475  0.      
GRID        9542        0.105   0.1475  0.      
GRID        9543        0.1075  0.1475  0.      
GRID        9544        0.11    0.1475  0.      
GRID        9545        0.1125  0.1475  0.      
GRID        9546        0.115   0.1475  0.      
GRID        9547        0.1175  0.1475  0.      
GRID        9548        0.12    0.1475  0.      
GRID        9549        0.1225  0.1475  0.      
GRID        9550        0.125   0.1475  0.      
GRID        9551        0.1275  0.1475  0.      
GRID        9552        0.13    0.1475  0.      
GRID        9553        0.1325  0.1475  0.      
GRID        9554        0.135   0.1475  0.      
GRID        9555        0.1375  0.1475  0.      
GRID        9556        0.14    0.1475  0.      
GRID        9557        0.1425  0.1475  0.      
GRID        9558        0.145   0.1475  0.      
GRID        9559        0.1475  0.1475  0.      
GRID        9560        0.15    0.1475  0.      
GRID        9561        0.1525  0.1475  0.      
GRID        9562        0.155   0.1475  0.      
GRID        9563        0.1575  0.1475  0.      
GRID        9564        0.16    0.1475  0.      
GRID        9565        0.1625  0.1475  0.      
GRID        9566        0.165   0.1475  0.      
GRID        9567        0.1675  0.1475  0.      
GRID        9568        0.17    0.1475  0.      
GRID        9569        0.1725  0.1475  0.      
GRID        9570        0.175   0.1475  0.      
GRID        9571        0.1775  0.1475  0.      
GRID        9572        0.18    0.1475  0.      
GRID        9573        0.1825  0.1475  0.      
GRID        9574        0.185   0.1475  0.      
GRID        9575        0.1875  0.1475  0.      
GRID        9576        0.19    0.1475  0.      
GRID        9577        0.1925  0.1475  0.      
GRID        9578        0.195   0.1475  0.      
GRID        9579        0.1975  0.1475  0.      
GRID        9580        0.2     0.1475  0.      
GRID        9581        0.2025  0.1475  0.      
GRID        9582        0.205   0.1475  0.      
GRID        9583        0.2075  0.1475  0.      
GRID        9584        0.21    0.1475  0.      
GRID        9585        0.2125  0.1475  0.      
GRID        9586        0.215   0.1475  0.      
GRID        9587        0.2175  0.1475  0.      
GRID        9588        0.22    0.1475  0.      
GRID        9589        0.2225  0.1475  0.      
GRID        9590        0.225   0.1475  0.      
GRID        9591        0.2275  0.1475  0.      
GRID        9592        0.23    0.1475  0.      
GRID        9593        0.2325  0.1475  0.      
GRID        9594        0.235   0.1475  0.      
GRID        9595        0.2375  0.1475  0.      
GRID        9596        0.24    0.1475  0.      
GRID        9597        0.2425  0.1475  0.      
GRID        9598        0.245   0.1475  0.      
GRID        9599        0.2475  0.1475  0.      
GRID        9600        0.25    0.1475  0.      
GRID        9601        0.2525  0.1475  0.      
GRID        9602        0.255   0.1475  0.      
GRID        9603        0.2575  0.1475  0.      
GRID        9604        0.26    0.1475  0.      
GRID        9605        0.2625  0.1475  0.      
GRID        9606        0.265   0.1475  0.      
GRID        9607        0.2675  0.1475  0.      
GRID        9608        0.27    0.1475  0.      
GRID        9609        0.2725  0.1475  0.      
GRID        9610        0.275   0.1475  0.      
GRID        9611        0.2775  0.1475  0.      
GRID        9612        0.28    0.1475  0.      
GRID        9613        0.2825  0.1475  0.      
GRID        9614        0.285   0.1475  0.      
GRID        9615        0.2875  0.1475  0.      
GRID        9616        0.29    0.1475  0.      
GRID        9617        0.2925  0.1475  0.      
GRID        9618        0.295   0.1475  0.      
GRID        9619        0.2975  0.1475  0.      
GRID        9620        0.3     0.1475  0.      
GRID        9621        0.3025  0.1475  0.      
GRID        9622        0.305   0.1475  0.      
GRID        9623        0.3075  0.1475  0.      
GRID        9624        0.31    0.1475  0.      
GRID        9625        0.3125  0.1475  0.      
GRID        9626        0.315   0.1475  0.      
GRID        9627        0.3175  0.1475  0.      
GRID        9628        0.32    0.1475  0.      
GRID        9629        0.3225  0.1475  0.      
GRID        9630        0.325   0.1475  0.      
GRID        9631        0.3275  0.1475  0.      
GRID        9632        0.33    0.1475  0.      
GRID        9633        0.3325  0.1475  0.      
GRID        9634        0.335   0.1475  0.      
GRID        9635        0.3375  0.1475  0.      
GRID        9636        0.34    0.1475  0.      
GRID        9637        0.3425  0.1475  0.      
GRID        9638        0.345   0.1475  0.      
GRID        9639        0.3475  0.1475  0.      
GRID        9640        0.35    0.1475  0.      
GRID        9641        0.3525  0.1475  0.      
GRID        9642        0.355   0.1475  0.      
GRID        9643        0.3575  0.1475  0.      
GRID        9644        0.36    0.1475  0.      
GRID        9645        0.3625  0.1475  0.      
GRID        9646        0.365   0.1475  0.      
GRID        9647        0.3675  0.1475  0.      
GRID        9648        0.37    0.1475  0.      
GRID        9649        0.3725  0.1475  0.      
GRID        9650        0.375   0.1475  0.      
GRID        9651        0.3775  0.1475  0.      
GRID        9652        0.38    0.1475  0.      
GRID        9653        0.3825  0.1475  0.      
GRID        9654        0.385   0.1475  0.      
GRID        9655        0.3875  0.1475  0.      
GRID        9656        0.39    0.1475  0.      
GRID        9657        0.3925  0.1475  0.      
GRID        9658        0.395   0.1475  0.      
GRID        9659        0.3975  0.1475  0.      
GRID        9660        0.4     0.1475  0.      
GRID        9661        0.      0.15    0.      
GRID        9662        0.0025  0.15    0.      
GRID        9663        0.005   0.15    0.      
GRID        9664        0.0075  0.15    0.      
GRID        9665        0.01    0.15    0.      
GRID        9666        0.0125  0.15    0.      
GRID        9667        0.015   0.15    0.      
GRID        9668        0.0175  0.15    0.      
GRID        9669        0.02    0.15    0.      
GRID        9670        0.0225  0.15    0.      
GRID        9671        0.025   0.15    0.      
GRID        9672        0.0275  0.15    0.      
GRID        9673        0.03    0.15    0.      
GRID        9674        0.0325  0.15    0.      
GRID        9675        0.035   0.15    0.      
GRID        9676        0.0375  0.15    0.      
GRID        9677        0.04    0.15    0.      
GRID        9678        0.0425  0.15    0.      
GRID        9679        0.045   0.15    0.      
GRID        9680        0.0475  0.15    0.      
GRID        9681        0.05    0.15    0.      
GRID        9682        0.0525  0.15    0.      
GRID        9683        0.055   0.15    0.      
GRID        9684        0.0575  0.15    0.      
GRID        9685        0.06    0.15    0.      
GRID        9686        0.0625  0.15    0.      
GRID        9687        0.065   0.15    0.      
GRID        9688        0.0675  0.15    0.      
GRID        9689        0.07    0.15    0.      
GRID        9690        0.0725  0.15    0.      
GRID        9691        0.075   0.15    0.      
GRID        9692        0.0775  0.15    0.      
GRID        9693        0.08    0.15    0.      
GRID        9694        0.0825  0.15    0.      
GRID        9695        0.085   0.15    0.      
GRID        9696        0.0875  0.15    0.      
GRID        9697        0.09    0.15    0.      
GRID        9698        0.0925  0.15    0.      
GRID        9699        0.095   0.15    0.      
GRID        9700        0.0975  0.15    0.      
GRID        9701        0.1     0.15    0.      
GRID        9702        0.1025  0.15    0.      
GRID        9703        0.105   0.15    0.      
GRID        9704        0.1075  0.15    0.      
GRID        9705        0.11    0.15    0.      
GRID        9706        0.1125  0.15    0.      
GRID        9707        0.115   0.15    0.      
GRID        9708        0.1175  0.15    0.      
GRID        9709        0.12    0.15    0.      
GRID        9710        0.1225  0.15    0.      
GRID        9711        0.125   0.15    0.      
GRID        9712        0.1275  0.15    0.      
GRID        9713        0.13    0.15    0.      
GRID        9714        0.1325  0.15    0.      
GRID        9715        0.135   0.15    0.      
GRID        9716        0.1375  0.15    0.      
GRID        9717        0.14    0.15    0.      
GRID        9718        0.1425  0.15    0.      
GRID        9719        0.145   0.15    0.      
GRID        9720        0.1475  0.15    0.      
GRID        9721        0.15    0.15    0.      
GRID        9722        0.1525  0.15    0.      
GRID        9723        0.155   0.15    0.      
GRID        9724        0.1575  0.15    0.      
GRID        9725        0.16    0.15    0.      
GRID        9726        0.1625  0.15    0.      
GRID        9727        0.165   0.15    0.      
GRID        9728        0.1675  0.15    0.      
GRID        9729        0.17    0.15    0.      
GRID        9730        0.1725  0.15    0.      
GRID        9731        0.175   0.15    0.      
GRID        9732        0.1775  0.15    0.      
GRID        9733        0.18    0.15    0.      
GRID        9734        0.1825  0.15    0.      
GRID        9735        0.185   0.15    0.      
GRID        9736        0.1875  0.15    0.      
GRID        9737        0.19    0.15    0.      
GRID        9738        0.1925  0.15    0.      
GRID        9739        0.195   0.15    0.      
GRID        9740        0.1975  0.15    0.      
GRID        9741        0.2     0.15    0.      
GRID        9742        0.2025  0.15    0.      
GRID        9743        0.205   0.15    0.      
GRID        9744        0.2075  0.15    0.      
GRID        9745        0.21    0.15    0.      
GRID        9746        0.2125  0.15    0.      
GRID        9747        0.215   0.15    0.      
GRID        9748        0.2175  0.15    0.      
GRID        9749        0.22    0.15    0.      
GRID        9750        0.2225  0.15    0.      
GRID        9751        0.225   0.15    0.      
GRID        9752        0.2275  0.15    0.      
GRID        9753        0.23    0.15    0.      
GRID        9754        0.2325  0.15    0.      
GRID        9755        0.235   0.15    0.      
GRID        9756        0.2375  0.15    0.      
GRID        9757        0.24    0.15    0.      
GRID        9758        0.2425  0.15    0.      
GRID        9759        0.245   0.15    0.      
GRID        9760        0.2475  0.15    0.      
GRID        9761        0.25    0.15    0.      
GRID        9762        0.2525  0.15    0.      
GRID        9763        0.255   0.15    0.      
GRID        9764        0.2575  0.15    0.      
GRID        9765        0.26    0.15    0.      
GRID        9766        0.2625  0.15    0.      
GRID        9767        0.265   0.15    0.      
GRID        9768        0.2675  0.15    0.      
GRID        9769        0.27    0.15    0.      
GRID        9770        0.2725  0.15    0.      
GRID        9771        0.275   0.15    0.      
GRID        9772        0.2775  0.15    0.      
GRID        9773        0.28    0.15    0.      
GRID        9774        0.2825  0.15    0.      
GRID        9775        0.285   0.15    0.      
GRID        9776        0.2875  0.15    0.      
GRID        9777        0.29    0.15    0.      
GRID        9778        0.2925  0.15    0.      
GRID        9779        0.295   0.15    0.      
GRID        9780        0.2975  0.15    0.      
GRID        9781        0.3     0.15    0.      
GRID        9782        0.3025  0.15    0.      
GRID        9783        0.305   0.15    0.      
GRID        9784        0.3075  0.15    0.      
GRID        9785        0.31    0.15    0.      
GRID        9786        0.3125  0.15    0.      
GRID        9787        0.315   0.15    0.      
GRID        9788        0.3175  0.15    0.      
GRID        9789        0.32    0.15    0.      
GRID        9790        0.3225  0.15    0.      
GRID        9791        0.325   0.15    0.      
GRID        9792        0.3275  0.15    0.      
GRID        9793        0.33    0.15    0.      
GRID        9794        0.3325  0.15    0.      
GRID        9795        0.335   0.15    0.      
GRID        9796        0.3375  0.15    0.      
GRID        9797        0.34    0.15    0.      
GRID        9798        0.3425  0.15    0.      
GRID        9799        0.345   0.15    0.      
GRID        9800        0.3475  0.15    0.      
GRID        9801        0.35    0.15    0.      
GRID        9802        0.3525  0.15    0.      
GRID        9803        0.355   0.15    0.      
GRID        9804        0.3575  0.15    0.      
GRID        9805        0.36    0.15    0.      
GRID        9806        0.3625  0.15    0.      
GRID        9807        0.365   0.15    0.      
GRID        9808        0.3675  0.15    0.      
GRID        9809        0.37    0.15    0.      
GRID        9810        0.3725  0.15    0.      
GRID        9811        0.375   0.15    0.      
GRID        9812        0.3775  0.15    0.      
GRID        9813        0.38    0.15    0.      
GRID        9814        0.3825  0.15    0.      
GRID        9815        0.385   0.15    0.      
GRID        9816        0.3875  0.15    0.      
GRID        9817        0.39    0.15    0.      
GRID        9818        0.3925  0.15    0.      
GRID        9819        0.395   0.15    0.      
GRID        9820        0.3975  0.15    0.      
GRID        9821        0.4     0.15    0.      
GRID        9822        0.      0.1525  0.      
GRID        9823        0.0025  0.1525  0.      
GRID        9824        0.005   0.1525  0.      
GRID        9825        0.0075  0.1525  0.      
GRID        9826        0.01    0.1525  0.      
GRID        9827        0.0125  0.1525  0.      
GRID        9828        0.015   0.1525  0.      
GRID        9829        0.0175  0.1525  0.      
GRID        9830        0.02    0.1525  0.      
GRID        9831        0.0225  0.1525  0.      
GRID        9832        0.025   0.1525  0.      
GRID        9833        0.0275  0.1525  0.      
GRID        9834        0.03    0.1525  0.      
GRID        9835        0.0325  0.1525  0.      
GRID        9836        0.035   0.1525  0.      
GRID        9837        0.0375  0.1525  0.      
GRID        9838        0.04    0.1525  0.      
GRID        9839        0.0425  0.1525  0.      
GRID        9840        0.045   0.1525  0.      
GRID        9841        0.0475  0.1525  0.      
GRID        9842        0.05    0.1525  0.      
GRID        9843        0.0525  0.1525  0.      
GRID        9844        0.055   0.1525  0.      
GRID        9845        0.0575  0.1525  0.      
GRID        9846        0.06    0.1525  0.      
GRID        9847        0.0625  0.1525  0.      
GRID        9848        0.065   0.1525  0.      
GRID        9849        0.0675  0.1525  0.      
GRID        9850        0.07    0.1525  0.      
GRID        9851        0.0725  0.1525  0.      
GRID        9852        0.075   0.1525  0.      
GRID        9853        0.0775  0.1525  0.      
GRID        9854        0.08    0.1525  0.      
GRID        9855        0.0825  0.1525  0.      
GRID        9856        0.085   0.1525  0.      
GRID        9857        0.0875  0.1525  0.      
GRID        9858        0.09    0.1525  0.      
GRID        9859        0.0925  0.1525  0.      
GRID        9860        0.095   0.1525  0.      
GRID        9861        0.0975  0.1525  0.      
GRID        9862        0.1     0.1525  0.      
GRID        9863        0.1025  0.1525  0.      
GRID        9864        0.105   0.1525  0.      
GRID        9865        0.1075  0.1525  0.      
GRID        9866        0.11    0.1525  0.      
GRID        9867        0.1125  0.1525  0.      
GRID        9868        0.115   0.1525  0.      
GRID        9869        0.1175  0.1525  0.      
GRID        9870        0.12    0.1525  0.      
GRID        9871        0.1225  0.1525  0.      
GRID        9872        0.125   0.1525  0.      
GRID        9873        0.1275  0.1525  0.      
GRID        9874        0.13    0.1525  0.      
GRID        9875        0.1325  0.1525  0.      
GRID        9876        0.135   0.1525  0.      
GRID        9877        0.1375  0.1525  0.      
GRID        9878        0.14    0.1525  0.      
GRID        9879        0.1425  0.1525  0.      
GRID        9880        0.145   0.1525  0.      
GRID        9881        0.1475  0.1525  0.      
GRID        9882        0.15    0.1525  0.      
GRID        9883        0.1525  0.1525  0.      
GRID        9884        0.155   0.1525  0.      
GRID        9885        0.1575  0.1525  0.      
GRID        9886        0.16    0.1525  0.      
GRID        9887        0.1625  0.1525  0.      
GRID        9888        0.165   0.1525  0.      
GRID        9889        0.1675  0.1525  0.      
GRID        9890        0.17    0.1525  0.      
GRID        9891        0.1725  0.1525  0.      
GRID        9892        0.175   0.1525  0.      
GRID        9893        0.1775  0.1525  0.      
GRID        9894        0.18    0.1525  0.      
GRID        9895        0.1825  0.1525  0.      
GRID        9896        0.185   0.1525  0.      
GRID        9897        0.1875  0.1525  0.      
GRID        9898        0.19    0.1525  0.      
GRID        9899        0.1925  0.1525  0.      
GRID        9900        0.195   0.1525  0.      
GRID        9901        0.1975  0.1525  0.      
GRID        9902        0.2     0.1525  0.      
GRID        9903        0.2025  0.1525  0.      
GRID        9904        0.205   0.1525  0.      
GRID        9905        0.2075  0.1525  0.      
GRID        9906        0.21    0.1525  0.      
GRID        9907        0.2125  0.1525  0.      
GRID        9908        0.215   0.1525  0.      
GRID        9909        0.2175  0.1525  0.      
GRID        9910        0.22    0.1525  0.      
GRID        9911        0.2225  0.1525  0.      
GRID        9912        0.225   0.1525  0.      
GRID        9913        0.2275  0.1525  0.      
GRID        9914        0.23    0.1525  0.      
GRID        9915        0.2325  0.1525  0.      
GRID        9916        0.235   0.1525  0.      
GRID        9917        0.2375  0.1525  0.      
GRID        9918        0.24    0.1525  0.      
GRID        9919        0.2425  0.1525  0.      
GRID        9920        0.245   0.1525  0.      
GRID        9921        0.2475  0.1525  0.      
GRID        9922        0.25    0.1525  0.      
GRID        9923        0.2525  0.1525  0.      
GRID        9924        0.255   0.1525  0.      
GRID        9925        0.2575  0.1525  0.      
GRID        9926        0.26    0.1525  0.      
GRID        9927        0.2625  0.1525  0.      
GRID        9928        0.265   0.1525  0.      
GRID        9929        0.2675  0.1525  0.      
GRID        9930        0.27    0.1525  0.      
GRID        9931        0.2725  0.1525  0.      
GRID        9932        0.275   0.1525  0.      
GRID        9933        0.2775  0.1525  0.      
GRID        9934        0.28    0.1525  0.      
GRID        9935        0.2825  0.1525  0.      
GRID        9936        0.285   0.1525  0.      
GRID        9937        0.2875  0.1525  0.      
GRID        9938        0.29    0.1525  0.      
GRID        9939        0.2925  0.1525  0.      
GRID        9940        0.295   0.1525  0.      
GRID        9941        0.2975  0.1525  0.      
GRID        9942        0.3     0.1525  0.      
GRID        9943        0.3025  0.1525  0.      
GRID        9944        0.305   0.1525  0.      
GRID        9945        0.3075  0.1525  0.      
GRID        9946        0.31    0.1525  0.      
GRID        9947        0.3125  0.1525  0.      
GRID        9948        0.315   0.1525  0.      
GRID        9949        0.3175  0.1525  0.      
GRID        9950        0.32    0.1525  0.      
GRID        9951        0.3225  0.1525  0.      
GRID        9952        0.325   0.1525  0.      
GRID        9953        0.3275  0.1525  0.      
GRID        9954        0.33    0.1525  0.      
GRID        9955        0.3325  0.1525  0.      
GRID        9956        0.335   0.1525  0.      
GRID        9957        0.3375  0.1525  0.      
GRID        9958        0.34    0.1525  0.      
GRID        9959        0.3425  0.1525  0.      
GRID        9960        0.345   0.1525  0.      
GRID        9961        0.3475  0.1525  0.      
GRID        9962        0.35    0.1525  0.      
GRID        9963        0.3525  0.1525  0.      
GRID        9964        0.355   0.1525  0.      
GRID        9965        0.3575  0.1525  0.      
GRID        9966        0.36    0.1525  0.      
GRID        9967        0.3625  0.1525  0.      
GRID        9968        0.365   0.1525  0.      
GRID        9969        0.3675  0.1525  0.      
GRID        9970        0.37    0.1525  0.      
GRID        9971        0.3725  0.1525  0.      
GRID        9972        0.375   0.1525  0.      
GRID        9973        0.3775  0.1525  0.      
GRID        9974        0.38    0.1525  0.      
GRID        9975        0.3825  0.1525  0.      
GRID        9976        0.385   0.1525  0.      
GRID        9977        0.3875  0.1525  0.      
GRID        9978        0.39    0.1525  0.      
GRID        9979        0.3925  0.1525  0.      
GRID        9980        0.395   0.1525  0.      
GRID        9981        0.3975  0.1525  0.      
GRID        9982        0.4     0.1525  0.      
GRID        9983        0.      0.155   0.      
GRID        9984        0.0025  0.155   0.      
GRID        9985        0.005   0.155   0.      
GRID        9986        0.0075  0.155   0.      
GRID        9987        0.01    0.155   0.      
GRID        9988        0.0125  0.155   0.      
GRID        9989        0.015   0.155   0.      
GRID        9990        0.0175  0.155   0.      
GRID        9991        0.02    0.155   0.      
GRID        9992        0.0225  0.155   0.      
GRID        9993        0.025   0.155   0.      
GRID        9994        0.0275  0.155   0.      
GRID        9995        0.03    0.155   0.      
GRID        9996        0.0325  0.155   0.      
GRID        9997        0.035   0.155   0.      
GRID        9998        0.0375  0.155   0.      
GRID        9999        0.04    0.155   0.      
GRID       10000        0.0425  0.155   0.      
GRID       10001        0.045   0.155   0.      
GRID       10002        0.0475  0.155   0.      
GRID       10003        0.05    0.155   0.      
GRID       10004        0.0525  0.155   0.      
GRID       10005        0.055   0.155   0.      
GRID       10006        0.0575  0.155   0.      
GRID       10007        0.06    0.155   0.      
GRID       10008        0.0625  0.155   0.      
GRID       10009        0.065   0.155   0.      
GRID       10010        0.0675  0.155   0.      
GRID       10011        0.07    0.155   0.      
GRID       10012        0.0725  0.155   0.      
GRID       10013        0.075   0.155   0.      
GRID       10014        0.0775  0.155   0.      
GRID       10015        0.08    0.155   0.      
GRID       10016        0.0825  0.155   0.      
GRID       10017        0.085   0.155   0.      
GRID       10018        0.0875  0.155   0.      
GRID       10019        0.09    0.155   0.      
GRID       10020        0.0925  0.155   0.      
GRID       10021        0.095   0.155   0.      
GRID       10022        0.0975  0.155   0.      
GRID       10023        0.1     0.155   0.      
GRID       10024        0.1025  0.155   0.      
GRID       10025        0.105   0.155   0.      
GRID       10026        0.1075  0.155   0.      
GRID       10027        0.11    0.155   0.      
GRID       10028        0.1125  0.155   0.      
GRID       10029        0.115   0.155   0.      
GRID       10030        0.1175  0.155   0.      
GRID       10031        0.12    0.155   0.      
GRID       10032        0.1225  0.155   0.      
GRID       10033        0.125   0.155   0.      
GRID       10034        0.1275  0.155   0.      
GRID       10035        0.13    0.155   0.      
GRID       10036        0.1325  0.155   0.      
GRID       10037        0.135   0.155   0.      
GRID       10038        0.1375  0.155   0.      
GRID       10039        0.14    0.155   0.      
GRID       10040        0.1425  0.155   0.      
GRID       10041        0.145   0.155   0.      
GRID       10042        0.1475  0.155   0.      
GRID       10043        0.15    0.155   0.      
GRID       10044        0.1525  0.155   0.      
GRID       10045        0.155   0.155   0.      
GRID       10046        0.1575  0.155   0.      
GRID       10047        0.16    0.155   0.      
GRID       10048        0.1625  0.155   0.      
GRID       10049        0.165   0.155   0.      
GRID       10050        0.1675  0.155   0.      
GRID       10051        0.17    0.155   0.      
GRID       10052        0.1725  0.155   0.      
GRID       10053        0.175   0.155   0.      
GRID       10054        0.1775  0.155   0.      
GRID       10055        0.18    0.155   0.      
GRID       10056        0.1825  0.155   0.      
GRID       10057        0.185   0.155   0.      
GRID       10058        0.1875  0.155   0.      
GRID       10059        0.19    0.155   0.      
GRID       10060        0.1925  0.155   0.      
GRID       10061        0.195   0.155   0.      
GRID       10062        0.1975  0.155   0.      
GRID       10063        0.2     0.155   0.      
GRID       10064        0.2025  0.155   0.      
GRID       10065        0.205   0.155   0.      
GRID       10066        0.2075  0.155   0.      
GRID       10067        0.21    0.155   0.      
GRID       10068        0.2125  0.155   0.      
GRID       10069        0.215   0.155   0.      
GRID       10070        0.2175  0.155   0.      
GRID       10071        0.22    0.155   0.      
GRID       10072        0.2225  0.155   0.      
GRID       10073        0.225   0.155   0.      
GRID       10074        0.2275  0.155   0.      
GRID       10075        0.23    0.155   0.      
GRID       10076        0.2325  0.155   0.      
GRID       10077        0.235   0.155   0.      
GRID       10078        0.2375  0.155   0.      
GRID       10079        0.24    0.155   0.      
GRID       10080        0.2425  0.155   0.      
GRID       10081        0.245   0.155   0.      
GRID       10082        0.2475  0.155   0.      
GRID       10083        0.25    0.155   0.      
GRID       10084        0.2525  0.155   0.      
GRID       10085        0.255   0.155   0.      
GRID       10086        0.2575  0.155   0.      
GRID       10087        0.26    0.155   0.      
GRID       10088        0.2625  0.155   0.      
GRID       10089        0.265   0.155   0.      
GRID       10090        0.2675  0.155   0.      
GRID       10091        0.27    0.155   0.      
GRID       10092        0.2725  0.155   0.      
GRID       10093        0.275   0.155   0.      
GRID       10094        0.2775  0.155   0.      
GRID       10095        0.28    0.155   0.      
GRID       10096        0.2825  0.155   0.      
GRID       10097        0.285   0.155   0.      
GRID       10098        0.2875  0.155   0.      
GRID       10099        0.29    0.155   0.      
GRID       10100        0.2925  0.155   0.      
GRID       10101        0.295   0.155   0.      
GRID       10102        0.2975  0.155   0.      
GRID       10103        0.3     0.155   0.      
GRID       10104        0.3025  0.155   0.      
GRID       10105        0.305   0.155   0.      
GRID       10106        0.3075  0.155   0.      
GRID       10107        0.31    0.155   0.      
GRID       10108        0.3125  0.155   0.      
GRID       10109        0.315   0.155   0.      
GRID       10110        0.3175  0.155   0.      
GRID       10111        0.32    0.155   0.      
GRID       10112        0.3225  0.155   0.      
GRID       10113        0.325   0.155   0.      
GRID       10114        0.3275  0.155   0.      
GRID       10115        0.33    0.155   0.      
GRID       10116        0.3325  0.155   0.      
GRID       10117        0.335   0.155   0.      
GRID       10118        0.3375  0.155   0.      
GRID       10119        0.34    0.155   0.      
GRID       10120        0.3425  0.155   0.      
GRID       10121        0.345   0.155   0.      
GRID       10122        0.3475  0.155   0.      
GRID       10123        0.35    0.155   0.      
GRID       10124        0.3525  0.155   0.      
GRID       10125        0.355   0.155   0.      
GRID       10126        0.3575  0.155   0.      
GRID       10127        0.36    0.155   0.      
GRID       10128        0.3625  0.155   0.      
GRID       10129        0.365   0.155   0.      
GRID       10130        0.3675  0.155   0.      
GRID       10131        0.37    0.155   0.      
GRID       10132        0.3725  0.155   0.      
GRID       10133        0.375   0.155   0.      
GRID       10134        0.3775  0.155   0.      
GRID       10135        0.38    0.155   0.      
GRID       10136        0.3825  0.155   0.      
GRID       10137        0.385   0.155   0.      
GRID       10138        0.3875  0.155   0.      
GRID       10139        0.39    0.155   0.      
GRID       10140        0.3925  0.155   0.      
GRID       10141        0.395   0.155   0.      
GRID       10142        0.3975  0.155   0.      
GRID       10143        0.4     0.155   0.      
GRID       10144        0.      0.1575  0.      
GRID       10145        0.0025  0.1575  0.      
GRID       10146        0.005   0.1575  0.      
GRID       10147        0.0075  0.1575  0.      
GRID       10148        0.01    0.1575  0.      
GRID       10149        0.0125  0.1575  0.      
GRID       10150        0.015   0.1575  0.      
GRID       10151        0.0175  0.1575  0.      
GRID       10152        0.02    0.1575  0.      
GRID       10153        0.0225  0.1575  0.      
GRID       10154        0.025   0.1575  0.      
GRID       10155        0.0275  0.1575  0.      
GRID       10156        0.03    0.1575  0.      
GRID       10157        0.0325  0.1575  0.      
GRID       10158        0.035   0.1575  0.      
GRID       10159        0.0375  0.1575  0.      
GRID       10160        0.04    0.1575  0.      
GRID       10161        0.0425  0.1575  0.      
GRID       10162        0.045   0.1575  0.      
GRID       10163        0.0475  0.1575  0.      
GRID       10164        0.05    0.1575  0.      
GRID       10165        0.0525  0.1575  0.      
GRID       10166        0.055   0.1575  0.      
GRID       10167        0.0575  0.1575  0.      
GRID       10168        0.06    0.1575  0.      
GRID       10169        0.0625  0.1575  0.      
GRID       10170        0.065   0.1575  0.      
GRID       10171        0.0675  0.1575  0.      
GRID       10172        0.07    0.1575  0.      
GRID       10173        0.0725  0.1575  0.      
GRID       10174        0.075   0.1575  0.      
GRID       10175        0.0775  0.1575  0.      
GRID       10176        0.08    0.1575  0.      
GRID       10177        0.0825  0.1575  0.      
GRID       10178        0.085   0.1575  0.      
GRID       10179        0.0875  0.1575  0.      
GRID       10180        0.09    0.1575  0.      
GRID       10181        0.0925  0.1575  0.      
GRID       10182        0.095   0.1575  0.      
GRID       10183        0.0975  0.1575  0.      
GRID       10184        0.1     0.1575  0.      
GRID       10185        0.1025  0.1575  0.      
GRID       10186        0.105   0.1575  0.      
GRID       10187        0.1075  0.1575  0.      
GRID       10188        0.11    0.1575  0.      
GRID       10189        0.1125  0.1575  0.      
GRID       10190        0.115   0.1575  0.      
GRID       10191        0.1175  0.1575  0.      
GRID       10192        0.12    0.1575  0.      
GRID       10193        0.1225  0.1575  0.      
GRID       10194        0.125   0.1575  0.      
GRID       10195        0.1275  0.1575  0.      
GRID       10196        0.13    0.1575  0.      
GRID       10197        0.1325  0.1575  0.      
GRID       10198        0.135   0.1575  0.      
GRID       10199        0.1375  0.1575  0.      
GRID       10200        0.14    0.1575  0.      
GRID       10201        0.1425  0.1575  0.      
GRID       10202        0.145   0.1575  0.      
GRID       10203        0.1475  0.1575  0.      
GRID       10204        0.15    0.1575  0.      
GRID       10205        0.1525  0.1575  0.      
GRID       10206        0.155   0.1575  0.      
GRID       10207        0.1575  0.1575  0.      
GRID       10208        0.16    0.1575  0.      
GRID       10209        0.1625  0.1575  0.      
GRID       10210        0.165   0.1575  0.      
GRID       10211        0.1675  0.1575  0.      
GRID       10212        0.17    0.1575  0.      
GRID       10213        0.1725  0.1575  0.      
GRID       10214        0.175   0.1575  0.      
GRID       10215        0.1775  0.1575  0.      
GRID       10216        0.18    0.1575  0.      
GRID       10217        0.1825  0.1575  0.      
GRID       10218        0.185   0.1575  0.      
GRID       10219        0.1875  0.1575  0.      
GRID       10220        0.19    0.1575  0.      
GRID       10221        0.1925  0.1575  0.      
GRID       10222        0.195   0.1575  0.      
GRID       10223        0.1975  0.1575  0.      
GRID       10224        0.2     0.1575  0.      
GRID       10225        0.2025  0.1575  0.      
GRID       10226        0.205   0.1575  0.      
GRID       10227        0.2075  0.1575  0.      
GRID       10228        0.21    0.1575  0.      
GRID       10229        0.2125  0.1575  0.      
GRID       10230        0.215   0.1575  0.      
GRID       10231        0.2175  0.1575  0.      
GRID       10232        0.22    0.1575  0.      
GRID       10233        0.2225  0.1575  0.      
GRID       10234        0.225   0.1575  0.      
GRID       10235        0.2275  0.1575  0.      
GRID       10236        0.23    0.1575  0.      
GRID       10237        0.2325  0.1575  0.      
GRID       10238        0.235   0.1575  0.      
GRID       10239        0.2375  0.1575  0.      
GRID       10240        0.24    0.1575  0.      
GRID       10241        0.2425  0.1575  0.      
GRID       10242        0.245   0.1575  0.      
GRID       10243        0.2475  0.1575  0.      
GRID       10244        0.25    0.1575  0.      
GRID       10245        0.2525  0.1575  0.      
GRID       10246        0.255   0.1575  0.      
GRID       10247        0.2575  0.1575  0.      
GRID       10248        0.26    0.1575  0.      
GRID       10249        0.2625  0.1575  0.      
GRID       10250        0.265   0.1575  0.      
GRID       10251        0.2675  0.1575  0.      
GRID       10252        0.27    0.1575  0.      
GRID       10253        0.2725  0.1575  0.      
GRID       10254        0.275   0.1575  0.      
GRID       10255        0.2775  0.1575  0.      
GRID       10256        0.28    0.1575  0.      
GRID       10257        0.2825  0.1575  0.      
GRID       10258        0.285   0.1575  0.      
GRID       10259        0.2875  0.1575  0.      
GRID       10260        0.29    0.1575  0.      
GRID       10261        0.2925  0.1575  0.      
GRID       10262        0.295   0.1575  0.      
GRID       10263        0.2975  0.1575  0.      
GRID       10264        0.3     0.1575  0.      
GRID       10265        0.3025  0.1575  0.      
GRID       10266        0.305   0.1575  0.      
GRID       10267        0.3075  0.1575  0.      
GRID       10268        0.31    0.1575  0.      
GRID       10269        0.3125  0.1575  0.      
GRID       10270        0.315   0.1575  0.      
GRID       10271        0.3175  0.1575  0.      
GRID       10272        0.32    0.1575  0.      
GRID       10273        0.3225  0.1575  0.      
GRID       10274        0.325   0.1575  0.      
GRID       10275        0.3275  0.1575  0.      
GRID       10276        0.33    0.1575  0.      
GRID       10277        0.3325  0.1575  0.      
GRID       10278        0.335   0.1575  0.      
GRID       10279        0.3375  0.1575  0.      
GRID       10280        0.34    0.1575  0.      
GRID       10281        0.3425  0.1575  0.      
GRID       10282        0.345   0.1575  0.      
GRID       10283        0.3475  0.1575  0.      
GRID       10284        0.35    0.1575  0.      
GRID       10285        0.3525  0.1575  0.      
GRID       10286        0.355   0.1575  0.      
GRID       10287        0.3575  0.1575  0.      
GRID       10288        0.36    0.1575  0.      
GRID       10289        0.3625  0.1575  0.      
GRID       10290        0.365   0.1575  0.      
GRID       10291        0.3675  0.1575  0.      
GRID       10292        0.37    0.1575  0.      
GRID       10293        0.3725  0.1575  0.      
GRID       10294        0.375   0.1575  0.      
GRID       10295        0.3775  0.1575  0.      
GRID       10296        0.38    0.1575  0.      
GRID       10297        0.3825  0.1575  0.      
GRID       10298        0.385   0.1575  0.      
GRID       10299        0.3875  0.1575  0.      
GRID       10300        0.39    0.1575  0.      
GRID       10301        0.3925  0.1575  0.      
GRID       10302        0.395   0.1575  0.      
GRID       10303        0.3975  0.1575  0.      
GRID       10304        0.4     0.1575  0.      
GRID       10305        0.      0.16    0.      
GRID       10306        0.0025  0.16    0.      
GRID       10307        0.005   0.16    0.      
GRID       10308        0.0075  0.16    0.      
GRID       10309        0.01    0.16    0.      
GRID       10310        0.0125  0.16    0.      
GRID       10311        0.015   0.16    0.      
GRID       10312        0.0175  0.16    0.      
GRID       10313        0.02    0.16    0.      
GRID       10314        0.0225  0.16    0.      
GRID       10315        0.025   0.16    0.      
GRID       10316        0.0275  0.16    0.      
GRID       10317        0.03    0.16    0.      
GRID       10318        0.0325  0.16    0.      
GRID       10319        0.035   0.16    0.      
GRID       10320        0.0375  0.16    0.      
GRID       10321        0.04    0.16    0.      
GRID       10322        0.0425  0.16    0.      
GRID       10323        0.045   0.16    0.      
GRID       10324        0.0475  0.16    0.      
GRID       10325        0.05    0.16    0.      
GRID       10326        0.0525  0.16    0.      
GRID       10327        0.055   0.16    0.      
GRID       10328        0.0575  0.16    0.      
GRID       10329        0.06    0.16    0.      
GRID       10330        0.0625  0.16    0.      
GRID       10331        0.065   0.16    0.      
GRID       10332        0.0675  0.16    0.      
GRID       10333        0.07    0.16    0.      
GRID       10334        0.0725  0.16    0.      
GRID       10335        0.075   0.16    0.      
GRID       10336        0.0775  0.16    0.      
GRID       10337        0.08    0.16    0.      
GRID       10338        0.0825  0.16    0.      
GRID       10339        0.085   0.16    0.      
GRID       10340        0.0875  0.16    0.      
GRID       10341        0.09    0.16    0.      
GRID       10342        0.0925  0.16    0.      
GRID       10343        0.095   0.16    0.      
GRID       10344        0.0975  0.16    0.      
GRID       10345        0.1     0.16    0.      
GRID       10346        0.1025  0.16    0.      
GRID       10347        0.105   0.16    0.      
GRID       10348        0.1075  0.16    0.      
GRID       10349        0.11    0.16    0.      
GRID       10350        0.1125  0.16    0.      
GRID       10351        0.115   0.16    0.      
GRID       10352        0.1175  0.16    0.      
GRID       10353        0.12    0.16    0.      
GRID       10354        0.1225  0.16    0.      
GRID       10355        0.125   0.16    0.      
GRID       10356        0.1275  0.16    0.      
GRID       10357        0.13    0.16    0.      
GRID       10358        0.1325  0.16    0.      
GRID       10359        0.135   0.16    0.      
GRID       10360        0.1375  0.16    0.      
GRID       10361        0.14    0.16    0.      
GRID       10362        0.1425  0.16    0.      
GRID       10363        0.145   0.16    0.      
GRID       10364        0.1475  0.16    0.      
GRID       10365        0.15    0.16    0.      
GRID       10366        0.1525  0.16    0.      
GRID       10367        0.155   0.16    0.      
GRID       10368        0.1575  0.16    0.      
GRID       10369        0.16    0.16    0.      
GRID       10370        0.1625  0.16    0.      
GRID       10371        0.165   0.16    0.      
GRID       10372        0.1675  0.16    0.      
GRID       10373        0.17    0.16    0.      
GRID       10374        0.1725  0.16    0.      
GRID       10375        0.175   0.16    0.      
GRID       10376        0.1775  0.16    0.      
GRID       10377        0.18    0.16    0.      
GRID       10378        0.1825  0.16    0.      
GRID       10379        0.185   0.16    0.      
GRID       10380        0.1875  0.16    0.      
GRID       10381        0.19    0.16    0.      
GRID       10382        0.1925  0.16    0.      
GRID       10383        0.195   0.16    0.      
GRID       10384        0.1975  0.16    0.      
GRID       10385        0.2     0.16    0.      
GRID       10386        0.2025  0.16    0.      
GRID       10387        0.205   0.16    0.      
GRID       10388        0.2075  0.16    0.      
GRID       10389        0.21    0.16    0.      
GRID       10390        0.2125  0.16    0.      
GRID       10391        0.215   0.16    0.      
GRID       10392        0.2175  0.16    0.      
GRID       10393        0.22    0.16    0.      
GRID       10394        0.2225  0.16    0.      
GRID       10395        0.225   0.16    0.      
GRID       10396        0.2275  0.16    0.      
GRID       10397        0.23    0.16    0.      
GRID       10398        0.2325  0.16    0.      
GRID       10399        0.235   0.16    0.      
GRID       10400        0.2375  0.16    0.      
GRID       10401        0.24    0.16    0.      
GRID       10402        0.2425  0.16    0.      
GRID       10403        0.245   0.16    0.      
GRID       10404        0.2475  0.16    0.      
GRID       10405        0.25    0.16    0.      
GRID       10406        0.2525  0.16    0.      
GRID       10407        0.255   0.16    0.      
GRID       10408        0.2575  0.16    0.      
GRID       10409        0.26    0.16    0.      
GRID       10410        0.2625  0.16    0.      
GRID       10411        0.265   0.16    0.      
GRID       10412        0.2675  0.16    0.      
GRID       10413        0.27    0.16    0.      
GRID       10414        0.2725  0.16    0.      
GRID       10415        0.275   0.16    0.      
GRID       10416        0.2775  0.16    0.      
GRID       10417        0.28    0.16    0.      
GRID       10418        0.2825  0.16    0.      
GRID       10419        0.285   0.16    0.      
GRID       10420        0.2875  0.16    0.      
GRID       10421        0.29    0.16    0.      
GRID       10422        0.2925  0.16    0.      
GRID       10423        0.295   0.16    0.      
GRID       10424        0.2975  0.16    0.      
GRID       10425        0.3     0.16    0.      
GRID       10426        0.3025  0.16    0.      
GRID       10427        0.305   0.16    0.      
GRID       10428        0.3075  0.16    0.      
GRID       10429        0.31    0.16    0.      
GRID       10430        0.3125  0.16    0.      
GRID       10431        0.315   0.16    0.      
GRID       10432        0.3175  0.16    0.      
GRID       10433        0.32    0.16    0.      
GRID       10434        0.3225  0.16    0.      
GRID       10435        0.325   0.16    0.      
GRID       10436        0.3275  0.16    0.      
GRID       10437        0.33    0.16    0.      
GRID       10438        0.3325  0.16    0.      
GRID       10439        0.335   0.16    0.      
GRID       10440        0.3375  0.16    0.      
GRID       10441        0.34    0.16    0.      
GRID       10442        0.3425  0.16    0.      
GRID       10443        0.345   0.16    0.      
GRID       10444        0.3475  0.16    0.      
GRID       10445        0.35    0.16    0.      
GRID       10446        0.3525  0.16    0.      
GRID       10447        0.355   0.16    0.      
GRID       10448        0.3575  0.16    0.      
GRID       10449        0.36    0.16    0.      
GRID       10450        0.3625  0.16    0.      
GRID       10451        0.365   0.16    0.      
GRID       10452        0.3675  0.16    0.      
GRID       10453        0.37    0.16    0.      
GRID       10454        0.3725  0.16    0.      
GRID       10455        0.375   0.16    0.      
GRID       10456        0.3775  0.16    0.      
GRID       10457        0.38    0.16    0.      
GRID       10458        0.3825  0.16    0.      
GRID       10459        0.385   0.16    0.      
GRID       10460        0.3875  0.16    0.      
GRID       10461        0.39    0.16    0.      
GRID       10462        0.3925  0.16    0.      
GRID       10463        0.395   0.16    0.      
GRID       10464        0.3975  0.16    0.      
GRID       10465        0.4     0.16    0.      
GRID       10466        0.      0.1625  0.      
GRID       10467        0.0025  0.1625  0.      
GRID       10468        0.005   0.1625  0.      
GRID       10469        0.0075  0.1625  0.      
GRID       10470        0.01    0.1625  0.      
GRID       10471        0.0125  0.1625  0.      
GRID       10472        0.015   0.1625  0.      
GRID       10473        0.0175  0.1625  0.      
GRID       10474        0.02    0.1625  0.      
GRID       10475        0.0225  0.1625  0.      
GRID       10476        0.025   0.1625  0.      
GRID       10477        0.0275  0.1625  0.      
GRID       10478        0.03    0.1625  0.      
GRID       10479        0.0325  0.1625  0.      
GRID       10480        0.035   0.1625  0.      
GRID       10481        0.0375  0.1625  0.      
GRID       10482        0.04    0.1625  0.      
GRID       10483        0.0425  0.1625  0.      
GRID       10484        0.045   0.1625  0.      
GRID       10485        0.0475  0.1625  0.      
GRID       10486        0.05    0.1625  0.      
GRID       10487        0.0525  0.1625  0.      
GRID       10488        0.055   0.1625  0.      
GRID       10489        0.0575  0.1625  0.      
GRID       10490        0.06    0.1625  0.      
GRID       10491        0.0625  0.1625  0.      
GRID       10492        0.065   0.1625  0.      
GRID       10493        0.0675  0.1625  0.      
GRID       10494        0.07    0.1625  0.      
GRID       10495        0.0725  0.1625  0.      
GRID       10496        0.075   0.1625  0.      
GRID       10497        0.0775  0.1625  0.      
GRID       10498        0.08    0.1625  0.      
GRID       10499        0.0825  0.1625  0.      
GRID       10500        0.085   0.1625  0.      
GRID       10501        0.0875  0.1625  0.      
GRID       10502        0.09    0.1625  0.      
GRID       10503        0.0925  0.1625  0.      
GRID       10504        0.095   0.1625  0.      
GRID       10505        0.0975  0.1625  0.      
GRID       10506        0.1     0.1625  0.      
GRID       10507        0.1025  0.1625  0.      
GRID       10508        0.105   0.1625  0.      
GRID       10509        0.1075  0.1625  0.      
GRID       10510        0.11    0.1625  0.      
GRID       10511        0.1125  0.1625  0.      
GRID       10512        0.115   0.1625  0.      
GRID       10513        0.1175  0.1625  0.      
GRID       10514        0.12    0.1625  0.      
GRID       10515        0.1225  0.1625  0.      
GRID       10516        0.125   0.1625  0.      
GRID       10517        0.1275  0.1625  0.      
GRID       10518        0.13    0.1625  0.      
GRID       10519        0.1325  0.1625  0.      
GRID       10520        0.135   0.1625  0.      
GRID       10521        0.1375  0.1625  0.      
GRID       10522        0.14    0.1625  0.      
GRID       10523        0.1425  0.1625  0.      
GRID       10524        0.145   0.1625  0.      
GRID       10525        0.1475  0.1625  0.      
GRID       10526        0.15    0.1625  0.      
GRID       10527        0.1525  0.1625  0.      
GRID       10528        0.155   0.1625  0.      
GRID       10529        0.1575  0.1625  0.      
GRID       10530        0.16    0.1625  0.      
GRID       10531        0.1625  0.1625  0.      
GRID       10532        0.165   0.1625  0.      
GRID       10533        0.1675  0.1625  0.      
GRID       10534        0.17    0.1625  0.      
GRID       10535        0.1725  0.1625  0.      
GRID       10536        0.175   0.1625  0.      
GRID       10537        0.1775  0.1625  0.      
GRID       10538        0.18    0.1625  0.      
GRID       10539        0.1825  0.1625  0.      
GRID       10540        0.185   0.1625  0.      
GRID       10541        0.1875  0.1625  0.      
GRID       10542        0.19    0.1625  0.      
GRID       10543        0.1925  0.1625  0.      
GRID       10544        0.195   0.1625  0.      
GRID       10545        0.1975  0.1625  0.      
GRID       10546        0.2     0.1625  0.      
GRID       10547        0.2025  0.1625  0.      
GRID       10548        0.205   0.1625  0.      
GRID       10549        0.2075  0.1625  0.      
GRID       10550        0.21    0.1625  0.      
GRID       10551        0.2125  0.1625  0.      
GRID       10552        0.215   0.1625  0.      
GRID       10553        0.2175  0.1625  0.      
GRID       10554        0.22    0.1625  0.      
GRID       10555        0.2225  0.1625  0.      
GRID       10556        0.225   0.1625  0.      
GRID       10557        0.2275  0.1625  0.      
GRID       10558        0.23    0.1625  0.      
GRID       10559        0.2325  0.1625  0.      
GRID       10560        0.235   0.1625  0.      
GRID       10561        0.2375  0.1625  0.      
GRID       10562        0.24    0.1625  0.      
GRID       10563        0.2425  0.1625  0.      
GRID       10564        0.245   0.1625  0.      
GRID       10565        0.2475  0.1625  0.      
GRID       10566        0.25    0.1625  0.      
GRID       10567        0.2525  0.1625  0.      
GRID       10568        0.255   0.1625  0.      
GRID       10569        0.2575  0.1625  0.      
GRID       10570        0.26    0.1625  0.      
GRID       10571        0.2625  0.1625  0.      
GRID       10572        0.265   0.1625  0.      
GRID       10573        0.2675  0.1625  0.      
GRID       10574        0.27    0.1625  0.      
GRID       10575        0.2725  0.1625  0.      
GRID       10576        0.275   0.1625  0.      
GRID       10577        0.2775  0.1625  0.      
GRID       10578        0.28    0.1625  0.      
GRID       10579        0.2825  0.1625  0.      
GRID       10580        0.285   0.1625  0.      
GRID       10581        0.2875  0.1625  0.      
GRID       10582        0.29    0.1625  0.      
GRID       10583        0.2925  0.1625  0.      
GRID       10584        0.295   0.1625  0.      
GRID       10585        0.2975  0.1625  0.      
GRID       10586        0.3     0.1625  0.      
GRID       10587        0.3025  0.1625  0.      
GRID       10588        0.305   0.1625  0.      
GRID       10589        0.3075  0.1625  0.      
GRID       10590        0.31    0.1625  0.      
GRID       10591        0.3125  0.1625  0.      
GRID       10592        0.315   0.1625  0.      
GRID       10593        0.3175  0.1625  0.      
GRID       10594        0.32    0.1625  0.      
GRID       10595        0.3225  0.1625  0.      
GRID       10596        0.325   0.1625  0.      
GRID       10597        0.3275  0.1625  0.      
GRID       10598        0.33    0.1625  0.      
GRID       10599        0.3325  0.1625  0.      
GRID       10600        0.335   0.1625  0.      
GRID       10601        0.3375  0.1625  0.      
GRID       10602        0.34    0.1625  0.      
GRID       10603        0.3425  0.1625  0.      
GRID       10604        0.345   0.1625  0.      
GRID       10605        0.3475  0.1625  0.      
GRID       10606        0.35    0.1625  0.      
GRID       10607        0.3525  0.1625  0.      
GRID       10608        0.355   0.1625  0.      
GRID       10609        0.3575  0.1625  0.      
GRID       10610        0.36    0.1625  0.      
GRID       10611        0.3625  0.1625  0.      
GRID       10612        0.365   0.1625  0.      
GRID       10613        0.3675  0.1625  0.      
GRID       10614        0.37    0.1625  0.      
GRID       10615        0.3725  0.1625  0.      
GRID       10616        0.375   0.1625  0.      
GRID       10617        0.3775  0.1625  0.      
GRID       10618        0.38    0.1625  0.      
GRID       10619        0.3825  0.1625  0.      
GRID       10620        0.385   0.1625  0.      
GRID       10621        0.3875  0.1625  0.      
GRID       10622        0.39    0.1625  0.      
GRID       10623        0.3925  0.1625  0.      
GRID       10624        0.395   0.1625  0.      
GRID       10625        0.3975  0.1625  0.      
GRID       10626        0.4     0.1625  0.      
GRID       10627        0.      0.165   0.      
GRID       10628        0.0025  0.165   0.      
GRID       10629        0.005   0.165   0.      
GRID       10630        0.0075  0.165   0.      
GRID       10631        0.01    0.165   0.      
GRID       10632        0.0125  0.165   0.      
GRID       10633        0.015   0.165   0.      
GRID       10634        0.0175  0.165   0.      
GRID       10635        0.02    0.165   0.      
GRID       10636        0.0225  0.165   0.      
GRID       10637        0.025   0.165   0.      
GRID       10638        0.0275  0.165   0.      
GRID       10639        0.03    0.165   0.      
GRID       10640        0.0325  0.165   0.      
GRID       10641        0.035   0.165   0.      
GRID       10642        0.0375  0.165   0.      
GRID       10643        0.04    0.165   0.      
GRID       10644        0.0425  0.165   0.      
GRID       10645        0.045   0.165   0.      
GRID       10646        0.0475  0.165   0.      
GRID       10647        0.05    0.165   0.      
GRID       10648        0.0525  0.165   0.      
GRID       10649        0.055   0.165   0.      
GRID       10650        0.0575  0.165   0.      
GRID       10651        0.06    0.165   0.      
GRID       10652        0.0625  0.165   0.      
GRID       10653        0.065   0.165   0.      
GRID       10654        0.0675  0.165   0.      
GRID       10655        0.07    0.165   0.      
GRID       10656        0.0725  0.165   0.      
GRID       10657        0.075   0.165   0.      
GRID       10658        0.0775  0.165   0.      
GRID       10659        0.08    0.165   0.      
GRID       10660        0.0825  0.165   0.      
GRID       10661        0.085   0.165   0.      
GRID       10662        0.0875  0.165   0.      
GRID       10663        0.09    0.165   0.      
GRID       10664        0.0925  0.165   0.      
GRID       10665        0.095   0.165   0.      
GRID       10666        0.0975  0.165   0.      
GRID       10667        0.1     0.165   0.      
GRID       10668        0.1025  0.165   0.      
GRID       10669        0.105   0.165   0.      
GRID       10670        0.1075  0.165   0.      
GRID       10671        0.11    0.165   0.      
GRID       10672        0.1125  0.165   0.      
GRID       10673        0.115   0.165   0.      
GRID       10674        0.1175  0.165   0.      
GRID       10675        0.12    0.165   0.      
GRID       10676        0.1225  0.165   0.      
GRID       10677        0.125   0.165   0.      
GRID       10678        0.1275  0.165   0.      
GRID       10679        0.13    0.165   0.      
GRID       10680        0.1325  0.165   0.      
GRID       10681        0.135   0.165   0.      
GRID       10682        0.1375  0.165   0.      
GRID       10683        0.14    0.165   0.      
GRID       10684        0.1425  0.165   0.      
GRID       10685        0.145   0.165   0.      
GRID       10686        0.1475  0.165   0.      
GRID       10687        0.15    0.165   0.      
GRID       10688        0.1525  0.165   0.      
GRID       10689        0.155   0.165   0.      
GRID       10690        0.1575  0.165   0.      
GRID       10691        0.16    0.165   0.      
GRID       10692        0.1625  0.165   0.      
GRID       10693        0.165   0.165   0.      
GRID       10694        0.1675  0.165   0.      
GRID       10695        0.17    0.165   0.      
GRID       10696        0.1725  0.165   0.      
GRID       10697        0.175   0.165   0.      
GRID       10698        0.1775  0.165   0.      
GRID       10699        0.18    0.165   0.      
GRID       10700        0.1825  0.165   0.      
GRID       10701        0.185   0.165   0.      
GRID       10702        0.1875  0.165   0.      
GRID       10703        0.19    0.165   0.      
GRID       10704        0.1925  0.165   0.      
GRID       10705        0.195   0.165   0.      
GRID       10706        0.1975  0.165   0.      
GRID       10707        0.2     0.165   0.      
GRID       10708        0.2025  0.165   0.      
GRID       10709        0.205   0.165   0.      
GRID       10710        0.2075  0.165   0.      
GRID       10711        0.21    0.165   0.      
GRID       10712        0.2125  0.165   0.      
GRID       10713        0.215   0.165   0.      
GRID       10714        0.2175  0.165   0.      
GRID       10715        0.22    0.165   0.      
GRID       10716        0.2225  0.165   0.      
GRID       10717        0.225   0.165   0.      
GRID       10718        0.2275  0.165   0.      
GRID       10719        0.23    0.165   0.      
GRID       10720        0.2325  0.165   0.      
GRID       10721        0.235   0.165   0.      
GRID       10722        0.2375  0.165   0.      
GRID       10723        0.24    0.165   0.      
GRID       10724        0.2425  0.165   0.      
GRID       10725        0.245   0.165   0.      
GRID       10726        0.2475  0.165   0.      
GRID       10727        0.25    0.165   0.      
GRID       10728        0.2525  0.165   0.      
GRID       10729        0.255   0.165   0.      
GRID       10730        0.2575  0.165   0.      
GRID       10731        0.26    0.165   0.      
GRID       10732        0.2625  0.165   0.      
GRID       10733        0.265   0.165   0.      
GRID       10734        0.2675  0.165   0.      
GRID       10735        0.27    0.165   0.      
GRID       10736        0.2725  0.165   0.      
GRID       10737        0.275   0.165   0.      
GRID       10738        0.2775  0.165   0.      
GRID       10739        0.28    0.165   0.      
GRID       10740        0.2825  0.165   0.      
GRID       10741        0.285   0.165   0.      
GRID       10742        0.2875  0.165   0.      
GRID       10743        0.29    0.165   0.      
GRID       10744        0.2925  0.165   0.      
GRID       10745        0.295   0.165   0.      
GRID       10746        0.2975  0.165   0.      
GRID       10747        0.3     0.165   0.      
GRID       10748        0.3025  0.165   0.      
GRID       10749        0.305   0.165   0.      
GRID       10750        0.3075  0.165   0.      
GRID       10751        0.31    0.165   0.      
GRID       10752        0.3125  0.165   0.      
GRID       10753        0.315   0.165   0.      
GRID       10754        0.3175  0.165   0.      
GRID       10755        0.32    0.165   0.      
GRID       10756        0.3225  0.165   0.      
GRID       10757        0.325   0.165   0.      
GRID       10758        0.3275  0.165   0.      
GRID       10759        0.33    0.165   0.      
GRID       10760        0.3325  0.165   0.      
GRID       10761        0.335   0.165   0.      
GRID       10762        0.3375  0.165   0.      
GRID       10763        0.34    0.165   0.      
GRID       10764        0.3425  0.165   0.      
GRID       10765        0.345   0.165   0.      
GRID       10766        0.3475  0.165   0.      
GRID       10767        0.35    0.165   0.      
GRID       10768        0.3525  0.165   0.      
GRID       10769        0.355   0.165   0.      
GRID       10770        0.3575  0.165   0.      
GRID       10771        0.36    0.165   0.      
GRID       10772        0.3625  0.165   0.      
GRID       10773        0.365   0.165   0.      
GRID       10774        0.3675  0.165   0.      
GRID       10775        0.37    0.165   0.      
GRID       10776        0.3725  0.165   0.      
GRID       10777        0.375   0.165   0.      
GRID       10778        0.3775  0.165   0.      
GRID       10779        0.38    0.165   0.      
GRID       10780        0.3825  0.165   0.      
GRID       10781        0.385   0.165   0.      
GRID       10782        0.3875  0.165   0.      
GRID       10783        0.39    0.165   0.      
GRID       10784        0.3925  0.165   0.      
GRID       10785        0.395   0.165   0.      
GRID       10786        0.3975  0.165   0.      
GRID       10787        0.4     0.165   0.      
GRID       10788        0.      0.1675  0.      
GRID       10789        0.0025  0.1675  0.      
GRID       10790        0.005   0.1675  0.      
GRID       10791        0.0075  0.1675  0.      
GRID       10792        0.01    0.1675  0.      
GRID       10793        0.0125  0.1675  0.      
GRID       10794        0.015   0.1675  0.      
GRID       10795        0.0175  0.1675  0.      
GRID       10796        0.02    0.1675  0.      
GRID       10797        0.0225  0.1675  0.      
GRID       10798        0.025   0.1675  0.      
GRID       10799        0.0275  0.1675  0.      
GRID       10800        0.03    0.1675  0.      
GRID       10801        0.0325  0.1675  0.      
GRID       10802        0.035   0.1675  0.      
GRID       10803        0.0375  0.1675  0.      
GRID       10804        0.04    0.1675  0.      
GRID       10805        0.0425  0.1675  0.      
GRID       10806        0.045   0.1675  0.      
GRID       10807        0.0475  0.1675  0.      
GRID       10808        0.05    0.1675  0.      
GRID       10809        0.0525  0.1675  0.      
GRID       10810        0.055   0.1675  0.      
GRID       10811        0.0575  0.1675  0.      
GRID       10812        0.06    0.1675  0.      
GRID       10813        0.0625  0.1675  0.      
GRID       10814        0.065   0.1675  0.      
GRID       10815        0.0675  0.1675  0.      
GRID       10816        0.07    0.1675  0.      
GRID       10817        0.0725  0.1675  0.      
GRID       10818        0.075   0.1675  0.      
GRID       10819        0.0775  0.1675  0.      
GRID       10820        0.08    0.1675  0.      
GRID       10821        0.0825  0.1675  0.      
GRID       10822        0.085   0.1675  0.      
GRID       10823        0.0875  0.1675  0.      
GRID       10824        0.09    0.1675  0.      
GRID       10825        0.0925  0.1675  0.      
GRID       10826        0.095   0.1675  0.      
GRID       10827        0.0975  0.1675  0.      
GRID       10828        0.1     0.1675  0.      
GRID       10829        0.1025  0.1675  0.      
GRID       10830        0.105   0.1675  0.      
GRID       10831        0.1075  0.1675  0.      
GRID       10832        0.11    0.1675  0.      
GRID       10833        0.1125  0.1675  0.      
GRID       10834        0.115   0.1675  0.      
GRID       10835        0.1175  0.1675  0.      
GRID       10836        0.12    0.1675  0.      
GRID       10837        0.1225  0.1675  0.      
GRID       10838        0.125   0.1675  0.      
GRID       10839        0.1275  0.1675  0.      
GRID       10840        0.13    0.1675  0.      
GRID       10841        0.1325  0.1675  0.      
GRID       10842        0.135   0.1675  0.      
GRID       10843        0.1375  0.1675  0.      
GRID       10844        0.14    0.1675  0.      
GRID       10845        0.1425  0.1675  0.      
GRID       10846        0.145   0.1675  0.      
GRID       10847        0.1475  0.1675  0.      
GRID       10848        0.15    0.1675  0.      
GRID       10849        0.1525  0.1675  0.      
GRID       10850        0.155   0.1675  0.      
GRID       10851        0.1575  0.1675  0.      
GRID       10852        0.16    0.1675  0.      
GRID       10853        0.1625  0.1675  0.      
GRID       10854        0.165   0.1675  0.      
GRID       10855        0.1675  0.1675  0.      
GRID       10856        0.17    0.1675  0.      
GRID       10857        0.1725  0.1675  0.      
GRID       10858        0.175   0.1675  0.      
GRID       10859        0.1775  0.1675  0.      
GRID       10860        0.18    0.1675  0.      
GRID       10861        0.1825  0.1675  0.      
GRID       10862        0.185   0.1675  0.      
GRID       10863        0.1875  0.1675  0.      
GRID       10864        0.19    0.1675  0.      
GRID       10865        0.1925  0.1675  0.      
GRID       10866        0.195   0.1675  0.      
GRID       10867        0.1975  0.1675  0.      
GRID       10868        0.2     0.1675  0.      
GRID       10869        0.2025  0.1675  0.      
GRID       10870        0.205   0.1675  0.      
GRID       10871        0.2075  0.1675  0.      
GRID       10872        0.21    0.1675  0.      
GRID       10873        0.2125  0.1675  0.      
GRID       10874        0.215   0.1675  0.      
GRID       10875        0.2175  0.1675  0.      
GRID       10876        0.22    0.1675  0.      
GRID       10877        0.2225  0.1675  0.      
GRID       10878        0.225   0.1675  0.      
GRID       10879        0.2275  0.1675  0.      
GRID       10880        0.23    0.1675  0.      
GRID       10881        0.2325  0.1675  0.      
GRID       10882        0.235   0.1675  0.      
GRID       10883        0.2375  0.1675  0.      
GRID       10884        0.24    0.1675  0.      
GRID       10885        0.2425  0.1675  0.      
GRID       10886        0.245   0.1675  0.      
GRID       10887        0.2475  0.1675  0.      
GRID       10888        0.25    0.1675  0.      
GRID       10889        0.2525  0.1675  0.      
GRID       10890        0.255   0.1675  0.      
GRID       10891        0.2575  0.1675  0.      
GRID       10892        0.26    0.1675  0.      
GRID       10893        0.2625  0.1675  0.      
GRID       10894        0.265   0.1675  0.      
GRID       10895        0.2675  0.1675  0.      
GRID       10896        0.27    0.1675  0.      
GRID       10897        0.2725  0.1675  0.      
GRID       10898        0.275   0.1675  0.      
GRID       10899        0.2775  0.1675  0.      
GRID       10900        0.28    0.1675  0.      
GRID       10901        0.2825  0.1675  0.      
GRID       10902        0.285   0.1675  0.      
GRID       10903        0.2875  0.1675  0.      
GRID       10904        0.29    0.1675  0.      
GRID       10905        0.2925  0.1675  0.      
GRID       10906        0.295   0.1675  0.      
GRID       10907        0.2975  0.1675  0.      
GRID       10908        0.3     0.1675  0.      
GRID       10909        0.3025  0.1675  0.      
GRID       10910        0.305   0.1675  0.      
GRID       10911        0.3075  0.1675  0.      
GRID       10912        0.31    0.1675  0.      
GRID       10913        0.3125  0.1675  0.      
GRID       10914        0.315   0.1675  0.      
GRID       10915        0.3175  0.1675  0.      
GRID       10916        0.32    0.1675  0.      
GRID       10917        0.3225  0.1675  0.      
GRID       10918        0.325   0.1675  0.      
GRID       10919        0.3275  0.1675  0.      
GRID       10920        0.33    0.1675  0.      
GRID       10921        0.3325  0.1675  0.      
GRID       10922        0.335   0.1675  0.      
GRID       10923        0.3375  0.1675  0.      
GRID       10924        0.34    0.1675  0.      
GRID       10925        0.3425  0.1675  0.      
GRID       10926        0.345   0.1675  0.      
GRID       10927        0.3475  0.1675  0.      
GRID       10928        0.35    0.1675  0.      
GRID       10929        0.3525  0.1675  0.      
GRID       10930        0.355   0.1675  0.      
GRID       10931        0.3575  0.1675  0.      
GRID       10932        0.36    0.1675  0.      
GRID       10933        0.3625  0.1675  0.      
GRID       10934        0.365   0.1675  0.      
GRID       10935        0.3675  0.1675  0.      
GRID       10936        0.37    0.1675  0.      
GRID       10937        0.3725  0.1675  0.      
GRID       10938        0.375   0.1675  0.      
GRID       10939        0.3775  0.1675  0.      
GRID       10940        0.38    0.1675  0.      
GRID       10941        0.3825  0.1675  0.      
GRID       10942        0.385   0.1675  0.      
GRID       10943        0.3875  0.1675  0.      
GRID       10944        0.39    0.1675  0.      
GRID       10945        0.3925  0.1675  0.      
GRID       10946        0.395   0.1675  0.      
GRID       10947        0.3975  0.1675  0.      
GRID       10948        0.4     0.1675  0.      
GRID       10949        0.      0.17    0.      
GRID       10950        0.0025  0.17    0.      
GRID       10951        0.005   0.17    0.      
GRID       10952        0.0075  0.17    0.      
GRID       10953        0.01    0.17    0.      
GRID       10954        0.0125  0.17    0.      
GRID       10955        0.015   0.17    0.      
GRID       10956        0.0175  0.17    0.      
GRID       10957        0.02    0.17    0.      
GRID       10958        0.0225  0.17    0.      
GRID       10959        0.025   0.17    0.      
GRID       10960        0.0275  0.17    0.      
GRID       10961        0.03    0.17    0.      
GRID       10962        0.0325  0.17    0.      
GRID       10963        0.035   0.17    0.      
GRID       10964        0.0375  0.17    0.      
GRID       10965        0.04    0.17    0.      
GRID       10966        0.0425  0.17    0.      
GRID       10967        0.045   0.17    0.      
GRID       10968        0.0475  0.17    0.      
GRID       10969        0.05    0.17    0.      
GRID       10970        0.0525  0.17    0.      
GRID       10971        0.055   0.17    0.      
GRID       10972        0.0575  0.17    0.      
GRID       10973        0.06    0.17    0.      
GRID       10974        0.0625  0.17    0.      
GRID       10975        0.065   0.17    0.      
GRID       10976        0.0675  0.17    0.      
GRID       10977        0.07    0.17    0.      
GRID       10978        0.0725  0.17    0.      
GRID       10979        0.075   0.17    0.      
GRID       10980        0.0775  0.17    0.      
GRID       10981        0.08    0.17    0.      
GRID       10982        0.0825  0.17    0.      
GRID       10983        0.085   0.17    0.      
GRID       10984        0.0875  0.17    0.      
GRID       10985        0.09    0.17    0.      
GRID       10986        0.0925  0.17    0.      
GRID       10987        0.095   0.17    0.      
GRID       10988        0.0975  0.17    0.      
GRID       10989        0.1     0.17    0.      
GRID       10990        0.1025  0.17    0.      
GRID       10991        0.105   0.17    0.      
GRID       10992        0.1075  0.17    0.      
GRID       10993        0.11    0.17    0.      
GRID       10994        0.1125  0.17    0.      
GRID       10995        0.115   0.17    0.      
GRID       10996        0.1175  0.17    0.      
GRID       10997        0.12    0.17    0.      
GRID       10998        0.1225  0.17    0.      
GRID       10999        0.125   0.17    0.      
GRID       11000        0.1275  0.17    0.      
GRID       11001        0.13    0.17    0.      
GRID       11002        0.1325  0.17    0.      
GRID       11003        0.135   0.17    0.      
GRID       11004        0.1375  0.17    0.      
GRID       11005        0.14    0.17    0.      
GRID       11006        0.1425  0.17    0.      
GRID       11007        0.145   0.17    0.      
GRID       11008        0.1475  0.17    0.      
GRID       11009        0.15    0.17    0.      
GRID       11010        0.1525  0.17    0.      
GRID       11011        0.155   0.17    0.      
GRID       11012        0.1575  0.17    0.      
GRID       11013        0.16    0.17    0.      
GRID       11014        0.1625  0.17    0.      
GRID       11015        0.165   0.17    0.      
GRID       11016        0.1675  0.17    0.      
GRID       11017        0.17    0.17    0.      
GRID       11018        0.1725  0.17    0.      
GRID       11019        0.175   0.17    0.      
GRID       11020        0.1775  0.17    0.      
GRID       11021        0.18    0.17    0.      
GRID       11022        0.1825  0.17    0.      
GRID       11023        0.185   0.17    0.      
GRID       11024        0.1875  0.17    0.      
GRID       11025        0.19    0.17    0.      
GRID       11026        0.1925  0.17    0.      
GRID       11027        0.195   0.17    0.      
GRID       11028        0.1975  0.17    0.      
GRID       11029        0.2     0.17    0.      
GRID       11030        0.2025  0.17    0.      
GRID       11031        0.205   0.17    0.      
GRID       11032        0.2075  0.17    0.      
GRID       11033        0.21    0.17    0.      
GRID       11034        0.2125  0.17    0.      
GRID       11035        0.215   0.17    0.      
GRID       11036        0.2175  0.17    0.      
GRID       11037        0.22    0.17    0.      
GRID       11038        0.2225  0.17    0.      
GRID       11039        0.225   0.17    0.      
GRID       11040        0.2275  0.17    0.      
GRID       11041        0.23    0.17    0.      
GRID       11042        0.2325  0.17    0.      
GRID       11043        0.235   0.17    0.      
GRID       11044        0.2375  0.17    0.      
GRID       11045        0.24    0.17    0.      
GRID       11046        0.2425  0.17    0.      
GRID       11047        0.245   0.17    0.      
GRID       11048        0.2475  0.17    0.      
GRID       11049        0.25    0.17    0.      
GRID       11050        0.2525  0.17    0.      
GRID       11051        0.255   0.17    0.      
GRID       11052        0.2575  0.17    0.      
GRID       11053        0.26    0.17    0.      
GRID       11054        0.2625  0.17    0.      
GRID       11055        0.265   0.17    0.      
GRID       11056        0.2675  0.17    0.      
GRID       11057        0.27    0.17    0.      
GRID       11058        0.2725  0.17    0.      
GRID       11059        0.275   0.17    0.      
GRID       11060        0.2775  0.17    0.      
GRID       11061        0.28    0.17    0.      
GRID       11062        0.2825  0.17    0.      
GRID       11063        0.285   0.17    0.      
GRID       11064        0.2875  0.17    0.      
GRID       11065        0.29    0.17    0.      
GRID       11066        0.2925  0.17    0.      
GRID       11067        0.295   0.17    0.      
GRID       11068        0.2975  0.17    0.      
GRID       11069        0.3     0.17    0.      
GRID       11070        0.3025  0.17    0.      
GRID       11071        0.305   0.17    0.      
GRID       11072        0.3075  0.17    0.      
GRID       11073        0.31    0.17    0.      
GRID       11074        0.3125  0.17    0.      
GRID       11075        0.315   0.17    0.      
GRID       11076        0.3175  0.17    0.      
GRID       11077        0.32    0.17    0.      
GRID       11078        0.3225  0.17    0.      
GRID       11079        0.325   0.17    0.      
GRID       11080        0.3275  0.17    0.      
GRID       11081        0.33    0.17    0.      
GRID       11082        0.3325  0.17    0.      
GRID       11083        0.335   0.17    0.      
GRID       11084        0.3375  0.17    0.      
GRID       11085        0.34    0.17    0.      
GRID       11086        0.3425  0.17    0.      
GRID       11087        0.345   0.17    0.      
GRID       11088        0.3475  0.17    0.      
GRID       11089        0.35    0.17    0.      
GRID       11090        0.3525  0.17    0.      
GRID       11091        0.355   0.17    0.      
GRID       11092        0.3575  0.17    0.      
GRID       11093        0.36    0.17    0.      
GRID       11094        0.3625  0.17    0.      
GRID       11095        0.365   0.17    0.      
GRID       11096        0.3675  0.17    0.      
GRID       11097        0.37    0.17    0.      
GRID       11098        0.3725  0.17    0.      
GRID       11099        0.375   0.17    0.      
GRID       11100        0.3775  0.17    0.      
GRID       11101        0.38    0.17    0.      
GRID       11102        0.3825  0.17    0.      
GRID       11103        0.385   0.17    0.      
GRID       11104        0.3875  0.17    0.      
GRID       11105        0.39    0.17    0.      
GRID       11106        0.3925  0.17    0.      
GRID       11107        0.395   0.17    0.      
GRID       11108        0.3975  0.17    0.      
GRID       11109        0.4     0.17    0.      
GRID       11110        0.      0.1725  0.      
GRID       11111        0.0025  0.1725  0.      
GRID       11112        0.005   0.1725  0.      
GRID       11113        0.0075  0.1725  0.      
GRID       11114        0.01    0.1725  0.      
GRID       11115        0.0125  0.1725  0.      
GRID       11116        0.015   0.1725  0.      
GRID       11117        0.0175  0.1725  0.      
GRID       11118        0.02    0.1725  0.      
GRID       11119        0.0225  0.1725  0.      
GRID       11120        0.025   0.1725  0.      
GRID       11121        0.0275  0.1725  0.      
GRID       11122        0.03    0.1725  0.      
GRID       11123        0.0325  0.1725  0.      
GRID       11124        0.035   0.1725  0.      
GRID       11125        0.0375  0.1725  0.      
GRID       11126        0.04    0.1725  0.      
GRID       11127        0.0425  0.1725  0.      
GRID       11128        0.045   0.1725  0.      
GRID       11129        0.0475  0.1725  0.      
GRID       11130        0.05    0.1725  0.      
GRID       11131        0.0525  0.1725  0.      
GRID       11132        0.055   0.1725  0.      
GRID       11133        0.0575  0.1725  0.      
GRID       11134        0.06    0.1725  0.      
GRID       11135        0.0625  0.1725  0.      
GRID       11136        0.065   0.1725  0.      
GRID       11137        0.0675  0.1725  0.      
GRID       11138        0.07    0.1725  0.      
GRID       11139        0.0725  0.1725  0.      
GRID       11140        0.075   0.1725  0.      
GRID       11141        0.0775  0.1725  0.      
GRID       11142        0.08    0.1725  0.      
GRID       11143        0.0825  0.1725  0.      
GRID       11144        0.085   0.1725  0.      
GRID       11145        0.0875  0.1725  0.      
GRID       11146        0.09    0.1725  0.      
GRID       11147        0.0925  0.1725  0.      
GRID       11148        0.095   0.1725  0.      
GRID       11149        0.0975  0.1725  0.      
GRID       11150        0.1     0.1725  0.      
GRID       11151        0.1025  0.1725  0.      
GRID       11152        0.105   0.1725  0.      
GRID       11153        0.1075  0.1725  0.      
GRID       11154        0.11    0.1725  0.      
GRID       11155        0.1125  0.1725  0.      
GRID       11156        0.115   0.1725  0.      
GRID       11157        0.1175  0.1725  0.      
GRID       11158        0.12    0.1725  0.      
GRID       11159        0.1225  0.1725  0.      
GRID       11160        0.125   0.1725  0.      
GRID       11161        0.1275  0.1725  0.      
GRID       11162        0.13    0.1725  0.      
GRID       11163        0.1325  0.1725  0.      
GRID       11164        0.135   0.1725  0.      
GRID       11165        0.1375  0.1725  0.      
GRID       11166        0.14    0.1725  0.      
GRID       11167        0.1425  0.1725  0.      
GRID       11168        0.145   0.1725  0.      
GRID       11169        0.1475  0.1725  0.      
GRID       11170        0.15    0.1725  0.      
GRID       11171        0.1525  0.1725  0.      
GRID       11172        0.155   0.1725  0.      
GRID       11173        0.1575  0.1725  0.      
GRID       11174        0.16    0.1725  0.      
GRID       11175        0.1625  0.1725  0.      
GRID       11176        0.165   0.1725  0.      
GRID       11177        0.1675  0.1725  0.      
GRID       11178        0.17    0.1725  0.      
GRID       11179        0.1725  0.1725  0.      
GRID       11180        0.175   0.1725  0.      
GRID       11181        0.1775  0.1725  0.      
GRID       11182        0.18    0.1725  0.      
GRID       11183        0.1825  0.1725  0.      
GRID       11184        0.185   0.1725  0.      
GRID       11185        0.1875  0.1725  0.      
GRID       11186        0.19    0.1725  0.      
GRID       11187        0.1925  0.1725  0.      
GRID       11188        0.195   0.1725  0.      
GRID       11189        0.1975  0.1725  0.      
GRID       11190        0.2     0.1725  0.      
GRID       11191        0.2025  0.1725  0.      
GRID       11192        0.205   0.1725  0.      
GRID       11193        0.2075  0.1725  0.      
GRID       11194        0.21    0.1725  0.      
GRID       11195        0.2125  0.1725  0.      
GRID       11196        0.215   0.1725  0.      
GRID       11197        0.2175  0.1725  0.      
GRID       11198        0.22    0.1725  0.      
GRID       11199        0.2225  0.1725  0.      
GRID       11200        0.225   0.1725  0.      
GRID       11201        0.2275  0.1725  0.      
GRID       11202        0.23    0.1725  0.      
GRID       11203        0.2325  0.1725  0.      
GRID       11204        0.235   0.1725  0.      
GRID       11205        0.2375  0.1725  0.      
GRID       11206        0.24    0.1725  0.      
GRID       11207        0.2425  0.1725  0.      
GRID       11208        0.245   0.1725  0.      
GRID       11209        0.2475  0.1725  0.      
GRID       11210        0.25    0.1725  0.      
GRID       11211        0.2525  0.1725  0.      
GRID       11212        0.255   0.1725  0.      
GRID       11213        0.2575  0.1725  0.      
GRID       11214        0.26    0.1725  0.      
GRID       11215        0.2625  0.1725  0.      
GRID       11216        0.265   0.1725  0.      
GRID       11217        0.2675  0.1725  0.      
GRID       11218        0.27    0.1725  0.      
GRID       11219        0.2725  0.1725  0.      
GRID       11220        0.275   0.1725  0.      
GRID       11221        0.2775  0.1725  0.      
GRID       11222        0.28    0.1725  0.      
GRID       11223        0.2825  0.1725  0.      
GRID       11224        0.285   0.1725  0.      
GRID       11225        0.2875  0.1725  0.      
GRID       11226        0.29    0.1725  0.      
GRID       11227        0.2925  0.1725  0.      
GRID       11228        0.295   0.1725  0.      
GRID       11229        0.2975  0.1725  0.      
GRID       11230        0.3     0.1725  0.      
GRID       11231        0.3025  0.1725  0.      
GRID       11232        0.305   0.1725  0.      
GRID       11233        0.3075  0.1725  0.      
GRID       11234        0.31    0.1725  0.      
GRID       11235        0.3125  0.1725  0.      
GRID       11236        0.315   0.1725  0.      
GRID       11237        0.3175  0.1725  0.      
GRID       11238        0.32    0.1725  0.      
GRID       11239        0.3225  0.1725  0.      
GRID       11240        0.325   0.1725  0.      
GRID       11241        0.3275  0.1725  0.      
GRID       11242        0.33    0.1725  0.      
GRID       11243        0.3325  0.1725  0.      
GRID       11244        0.335   0.1725  0.      
GRID       11245        0.3375  0.1725  0.      
GRID       11246        0.34    0.1725  0.      
GRID       11247        0.3425  0.1725  0.      
GRID       11248        0.345   0.1725  0.      
GRID       11249        0.3475  0.1725  0.      
GRID       11250        0.35    0.1725  0.      
GRID       11251        0.3525  0.1725  0.      
GRID       11252        0.355   0.1725  0.      
GRID       11253        0.3575  0.1725  0.      
GRID       11254        0.36    0.1725  0.      
GRID       11255        0.3625  0.1725  0.      
GRID       11256        0.365   0.1725  0.      
GRID       11257        0.3675  0.1725  0.      
GRID       11258        0.37    0.1725  0.      
GRID       11259        0.3725  0.1725  0.      
GRID       11260        0.375   0.1725  0.      
GRID       11261        0.3775  0.1725  0.      
GRID       11262        0.38    0.1725  0.      
GRID       11263        0.3825  0.1725  0.      
GRID       11264        0.385   0.1725  0.      
GRID       11265        0.3875  0.1725  0.      
GRID       11266        0.39    0.1725  0.      
GRID       11267        0.3925  0.1725  0.      
GRID       11268        0.395   0.1725  0.      
GRID       11269        0.3975  0.1725  0.      
GRID       11270        0.4     0.1725  0.      
GRID       11271        0.      0.175   0.      
GRID       11272        0.0025  0.175   0.      
GRID       11273        0.005   0.175   0.      
GRID       11274        0.0075  0.175   0.      
GRID       11275        0.01    0.175   0.      
GRID       11276        0.0125  0.175   0.      
GRID       11277        0.015   0.175   0.      
GRID       11278        0.0175  0.175   0.      
GRID       11279        0.02    0.175   0.      
GRID       11280        0.0225  0.175   0.      
GRID       11281        0.025   0.175   0.      
GRID       11282        0.0275  0.175   0.      
GRID       11283        0.03    0.175   0.      
GRID       11284        0.0325  0.175   0.      
GRID       11285        0.035   0.175   0.      
GRID       11286        0.0375  0.175   0.      
GRID       11287        0.04    0.175   0.      
GRID       11288        0.0425  0.175   0.      
GRID       11289        0.045   0.175   0.      
GRID       11290        0.0475  0.175   0.      
GRID       11291        0.05    0.175   0.      
GRID       11292        0.0525  0.175   0.      
GRID       11293        0.055   0.175   0.      
GRID       11294        0.0575  0.175   0.      
GRID       11295        0.06    0.175   0.      
GRID       11296        0.0625  0.175   0.      
GRID       11297        0.065   0.175   0.      
GRID       11298        0.0675  0.175   0.      
GRID       11299        0.07    0.175   0.      
GRID       11300        0.0725  0.175   0.      
GRID       11301        0.075   0.175   0.      
GRID       11302        0.0775  0.175   0.      
GRID       11303        0.08    0.175   0.      
GRID       11304        0.0825  0.175   0.      
GRID       11305        0.085   0.175   0.      
GRID       11306        0.0875  0.175   0.      
GRID       11307        0.09    0.175   0.      
GRID       11308        0.0925  0.175   0.      
GRID       11309        0.095   0.175   0.      
GRID       11310        0.0975  0.175   0.      
GRID       11311        0.1     0.175   0.      
GRID       11312        0.1025  0.175   0.      
GRID       11313        0.105   0.175   0.      
GRID       11314        0.1075  0.175   0.      
GRID       11315        0.11    0.175   0.      
GRID       11316        0.1125  0.175   0.      
GRID       11317        0.115   0.175   0.      
GRID       11318        0.1175  0.175   0.      
GRID       11319        0.12    0.175   0.      
GRID       11320        0.1225  0.175   0.      
GRID       11321        0.125   0.175   0.      
GRID       11322        0.1275  0.175   0.      
GRID       11323        0.13    0.175   0.      
GRID       11324        0.1325  0.175   0.      
GRID       11325        0.135   0.175   0.      
GRID       11326        0.1375  0.175   0.      
GRID       11327        0.14    0.175   0.      
GRID       11328        0.1425  0.175   0.      
GRID       11329        0.145   0.175   0.      
GRID       11330        0.1475  0.175   0.      
GRID       11331        0.15    0.175   0.      
GRID       11332        0.1525  0.175   0.      
GRID       11333        0.155   0.175   0.      
GRID       11334        0.1575  0.175   0.      
GRID       11335        0.16    0.175   0.      
GRID       11336        0.1625  0.175   0.      
GRID       11337        0.165   0.175   0.      
GRID       11338        0.1675  0.175   0.      
GRID       11339        0.17    0.175   0.      
GRID       11340        0.1725  0.175   0.      
GRID       11341        0.175   0.175   0.      
GRID       11342        0.1775  0.175   0.      
GRID       11343        0.18    0.175   0.      
GRID       11344        0.1825  0.175   0.      
GRID       11345        0.185   0.175   0.      
GRID       11346        0.1875  0.175   0.      
GRID       11347        0.19    0.175   0.      
GRID       11348        0.1925  0.175   0.      
GRID       11349        0.195   0.175   0.      
GRID       11350        0.1975  0.175   0.      
GRID       11351        0.2     0.175   0.      
GRID       11352        0.2025  0.175   0.      
GRID       11353        0.205   0.175   0.      
GRID       11354        0.2075  0.175   0.      
GRID       11355        0.21    0.175   0.      
GRID       11356        0.2125  0.175   0.      
GRID       11357        0.215   0.175   0.      
GRID       11358        0.2175  0.175   0.      
GRID       11359        0.22    0.175   0.      
GRID       11360        0.2225  0.175   0.      
GRID       11361        0.225   0.175   0.      
GRID       11362        0.2275  0.175   0.      
GRID       11363        0.23    0.175   0.      
GRID       11364        0.2325  0.175   0.      
GRID       11365        0.235   0.175   0.      
GRID       11366        0.2375  0.175   0.      
GRID       11367        0.24    0.175   0.      
GRID       11368        0.2425  0.175   0.      
GRID       11369        0.245   0.175   0.      
GRID       11370        0.2475  0.175   0.      
GRID       11371        0.25    0.175   0.      
GRID       11372        0.2525  0.175   0.      
GRID       11373        0.255   0.175   0.      
GRID       11374        0.2575  0.175   0.      
GRID       11375        0.26    0.175   0.      
GRID       11376        0.2625  0.175   0.      
GRID       11377        0.265   0.175   0.      
GRID       11378        0.2675  0.175   0.      
GRID       11379        0.27    0.175   0.      
GRID       11380        0.2725  0.175   0.      
GRID       11381        0.275   0.175   0.      
GRID       11382        0.2775  0.175   0.      
GRID       11383        0.28    0.175   0.      
GRID       11384        0.2825  0.175   0.      
GRID       11385        0.285   0.175   0.      
GRID       11386        0.2875  0.175   0.      
GRID       11387        0.29    0.175   0.      
GRID       11388        0.2925  0.175   0.      
GRID       11389        0.295   0.175   0.      
GRID       11390        0.2975  0.175   0.      
GRID       11391        0.3     0.175   0.      
GRID       11392        0.3025  0.175   0.      
GRID       11393        0.305   0.175   0.      
GRID       11394        0.3075  0.175   0.      
GRID       11395        0.31    0.175   0.      
GRID       11396        0.3125  0.175   0.      
GRID       11397        0.315   0.175   0.      
GRID       11398        0.3175  0.175   0.      
GRID       11399        0.32    0.175   0.      
GRID       11400        0.3225  0.175   0.      
GRID       11401        0.325   0.175   0.      
GRID       11402        0.3275  0.175   0.      
GRID       11403        0.33    0.175   0.      
GRID       11404        0.3325  0.175   0.      
GRID       11405        0.335   0.175   0.      
GRID       11406        0.3375  0.175   0.      
GRID       11407        0.34    0.175   0.      
GRID       11408        0.3425  0.175   0.      
GRID       11409        0.345   0.175   0.      
GRID       11410        0.3475  0.175   0.      
GRID       11411        0.35    0.175   0.      
GRID       11412        0.3525  0.175   0.      
GRID       11413        0.355   0.175   0.      
GRID       11414        0.3575  0.175   0.      
GRID       11415        0.36    0.175   0.      
GRID       11416        0.3625  0.175   0.      
GRID       11417        0.365   0.175   0.      
GRID       11418        0.3675  0.175   0.      
GRID       11419        0.37    0.175   0.      
GRID       11420        0.3725  0.175   0.      
GRID       11421        0.375   0.175   0.      
GRID       11422        0.3775  0.175   0.      
GRID       11423        0.38    0.175   0.      
GRID       11424        0.3825  0.175   0.      
GRID       11425        0.385   0.175   0.      
GRID       11426        0.3875  0.175   0.      
GRID       11427        0.39    0.175   0.      
GRID       11428        0.3925  0.175   0.      
GRID       11429        0.395   0.175   0.      
GRID       11430        0.3975  0.175   0.      
GRID       11431        0.4     0.175   0.      
GRID       11432        0.      0.1775  0.      
GRID       11433        0.0025  0.1775  0.      
GRID       11434        0.005   0.1775  0.      
GRID       11435        0.0075  0.1775  0.      
GRID       11436        0.01    0.1775  0.      
GRID       11437        0.0125  0.1775  0.      
GRID       11438        0.015   0.1775  0.      
GRID       11439        0.0175  0.1775  0.      
GRID       11440        0.02    0.1775  0.      
GRID       11441        0.0225  0.1775  0.      
GRID       11442        0.025   0.1775  0.      
GRID       11443        0.0275  0.1775  0.      
GRID       11444        0.03    0.1775  0.      
GRID       11445        0.0325  0.1775  0.      
GRID       11446        0.035   0.1775  0.      
GRID       11447        0.0375  0.1775  0.      
GRID       11448        0.04    0.1775  0.      
GRID       11449        0.0425  0.1775  0.      
GRID       11450        0.045   0.1775  0.      
GRID       11451        0.0475  0.1775  0.      
GRID       11452        0.05    0.1775  0.      
GRID       11453        0.0525  0.1775  0.      
GRID       11454        0.055   0.1775  0.      
GRID       11455        0.0575  0.1775  0.      
GRID       11456        0.06    0.1775  0.      
GRID       11457        0.0625  0.1775  0.      
GRID       11458        0.065   0.1775  0.      
GRID       11459        0.0675  0.1775  0.      
GRID       11460        0.07    0.1775  0.      
GRID       11461        0.0725  0.1775  0.      
GRID       11462        0.075   0.1775  0.      
GRID       11463        0.0775  0.1775  0.      
GRID       11464        0.08    0.1775  0.      
GRID       11465        0.0825  0.1775  0.      
GRID       11466        0.085   0.1775  0.      
GRID       11467        0.0875  0.1775  0.      
GRID       11468        0.09    0.1775  0.      
GRID       11469        0.0925  0.1775  0.      
GRID       11470        0.095   0.1775  0.      
GRID       11471        0.0975  0.1775  0.      
GRID       11472        0.1     0.1775  0.      
GRID       11473        0.1025  0.1775  0.      
GRID       11474        0.105   0.1775  0.      
GRID       11475        0.1075  0.1775  0.      
GRID       11476        0.11    0.1775  0.      
GRID       11477        0.1125  0.1775  0.      
GRID       11478        0.115   0.1775  0.      
GRID       11479        0.1175  0.1775  0.      
GRID       11480        0.12    0.1775  0.      
GRID       11481        0.1225  0.1775  0.      
GRID       11482        0.125   0.1775  0.      
GRID       11483        0.1275  0.1775  0.      
GRID       11484        0.13    0.1775  0.      
GRID       11485        0.1325  0.1775  0.      
GRID       11486        0.135   0.1775  0.      
GRID       11487        0.1375  0.1775  0.      
GRID       11488        0.14    0.1775  0.      
GRID       11489        0.1425  0.1775  0.      
GRID       11490        0.145   0.1775  0.      
GRID       11491        0.1475  0.1775  0.      
GRID       11492        0.15    0.1775  0.      
GRID       11493        0.1525  0.1775  0.      
GRID       11494        0.155   0.1775  0.      
GRID       11495        0.1575  0.1775  0.      
GRID       11496        0.16    0.1775  0.      
GRID       11497        0.1625  0.1775  0.      
GRID       11498        0.165   0.1775  0.      
GRID       11499        0.1675  0.1775  0.      
GRID       11500        0.17    0.1775  0.      
GRID       11501        0.1725  0.1775  0.      
GRID       11502        0.175   0.1775  0.      
GRID       11503        0.1775  0.1775  0.      
GRID       11504        0.18    0.1775  0.      
GRID       11505        0.1825  0.1775  0.      
GRID       11506        0.185   0.1775  0.      
GRID       11507        0.1875  0.1775  0.      
GRID       11508        0.19    0.1775  0.      
GRID       11509        0.1925  0.1775  0.      
GRID       11510        0.195   0.1775  0.      
GRID       11511        0.1975  0.1775  0.      
GRID       11512        0.2     0.1775  0.      
GRID       11513        0.2025  0.1775  0.      
GRID       11514        0.205   0.1775  0.      
GRID       11515        0.2075  0.1775  0.      
GRID       11516        0.21    0.1775  0.      
GRID       11517        0.2125  0.1775  0.      
GRID       11518        0.215   0.1775  0.      
GRID       11519        0.2175  0.1775  0.      
GRID       11520        0.22    0.1775  0.      
GRID       11521        0.2225  0.1775  0.      
GRID       11522        0.225   0.1775  0.      
GRID       11523        0.2275  0.1775  0.      
GRID       11524        0.23    0.1775  0.      
GRID       11525        0.2325  0.1775  0.      
GRID       11526        0.235   0.1775  0.      
GRID       11527        0.2375  0.1775  0.      
GRID       11528        0.24    0.1775  0.      
GRID       11529        0.2425  0.1775  0.      
GRID       11530        0.245   0.1775  0.      
GRID       11531        0.2475  0.1775  0.      
GRID       11532        0.25    0.1775  0.      
GRID       11533        0.2525  0.1775  0.      
GRID       11534        0.255   0.1775  0.      
GRID       11535        0.2575  0.1775  0.      
GRID       11536        0.26    0.1775  0.      
GRID       11537        0.2625  0.1775  0.      
GRID       11538        0.265   0.1775  0.      
GRID       11539        0.2675  0.1775  0.      
GRID       11540        0.27    0.1775  0.      
GRID       11541        0.2725  0.1775  0.      
GRID       11542        0.275   0.1775  0.      
GRID       11543        0.2775  0.1775  0.      
GRID       11544        0.28    0.1775  0.      
GRID       11545        0.2825  0.1775  0.      
GRID       11546        0.285   0.1775  0.      
GRID       11547        0.2875  0.1775  0.      
GRID       11548        0.29    0.1775  0.      
GRID       11549        0.2925  0.1775  0.      
GRID       11550        0.295   0.1775  0.      
GRID       11551        0.2975  0.1775  0.      
GRID       11552        0.3     0.1775  0.      
GRID       11553        0.3025  0.1775  0.      
GRID       11554        0.305   0.1775  0.      
GRID       11555        0.3075  0.1775  0.      
GRID       11556        0.31    0.1775  0.      
GRID       11557        0.3125  0.1775  0.      
GRID       11558        0.315   0.1775  0.      
GRID       11559        0.3175  0.1775  0.      
GRID       11560        0.32    0.1775  0.      
GRID       11561        0.3225  0.1775  0.      
GRID       11562        0.325   0.1775  0.      
GRID       11563        0.3275  0.1775  0.      
GRID       11564        0.33    0.1775  0.      
GRID       11565        0.3325  0.1775  0.      
GRID       11566        0.335   0.1775  0.      
GRID       11567        0.3375  0.1775  0.      
GRID       11568        0.34    0.1775  0.      
GRID       11569        0.3425  0.1775  0.      
GRID       11570        0.345   0.1775  0.      
GRID       11571        0.3475  0.1775  0.      
GRID       11572        0.35    0.1775  0.      
GRID       11573        0.3525  0.1775  0.      
GRID       11574        0.355   0.1775  0.      
GRID       11575        0.3575  0.1775  0.      
GRID       11576        0.36    0.1775  0.      
GRID       11577        0.3625  0.1775  0.      
GRID       11578        0.365   0.1775  0.      
GRID       11579        0.3675  0.1775  0.      
GRID       11580        0.37    0.1775  0.      
GRID       11581        0.3725  0.1775  0.      
GRID       11582        0.375   0.1775  0.      
GRID       11583        0.3775  0.1775  0.      
GRID       11584        0.38    0.1775  0.      
GRID       11585        0.3825  0.1775  0.      
GRID       11586        0.385   0.1775  0.      
GRID       11587        0.3875  0.1775  0.      
GRID       11588        0.39    0.1775  0.      
GRID       11589        0.3925  0.1775  0.      
GRID       11590        0.395   0.1775  0.      
GRID       11591        0.3975  0.1775  0.      
GRID       11592        0.4     0.1775  0.      
GRID       11593        0.      0.18    0.      
GRID       11594        0.0025  0.18    0.      
GRID       11595        0.005   0.18    0.      
GRID       11596        0.0075  0.18    0.      
GRID       11597        0.01    0.18    0.      
GRID       11598        0.0125  0.18    0.      
GRID       11599        0.015   0.18    0.      
GRID       11600        0.0175  0.18    0.      
GRID       11601        0.02    0.18    0.      
GRID       11602        0.0225  0.18    0.      
GRID       11603        0.025   0.18    0.      
GRID       11604        0.0275  0.18    0.      
GRID       11605        0.03    0.18    0.      
GRID       11606        0.0325  0.18    0.      
GRID       11607        0.035   0.18    0.      
GRID       11608        0.0375  0.18    0.      
GRID       11609        0.04    0.18    0.      
GRID       11610        0.0425  0.18    0.      
GRID       11611        0.045   0.18    0.      
GRID       11612        0.0475  0.18    0.      
GRID       11613        0.05    0.18    0.      
GRID       11614        0.0525  0.18    0.      
GRID       11615        0.055   0.18    0.      
GRID       11616        0.0575  0.18    0.      
GRID       11617        0.06    0.18    0.      
GRID       11618        0.0625  0.18    0.      
GRID       11619        0.065   0.18    0.      
GRID       11620        0.0675  0.18    0.      
GRID       11621        0.07    0.18    0.      
GRID       11622        0.0725  0.18    0.      
GRID       11623        0.075   0.18    0.      
GRID       11624        0.0775  0.18    0.      
GRID       11625        0.08    0.18    0.      
GRID       11626        0.0825  0.18    0.      
GRID       11627        0.085   0.18    0.      
GRID       11628        0.0875  0.18    0.      
GRID       11629        0.09    0.18    0.      
GRID       11630        0.0925  0.18    0.      
GRID       11631        0.095   0.18    0.      
GRID       11632        0.0975  0.18    0.      
GRID       11633        0.1     0.18    0.      
GRID       11634        0.1025  0.18    0.      
GRID       11635        0.105   0.18    0.      
GRID       11636        0.1075  0.18    0.      
GRID       11637        0.11    0.18    0.      
GRID       11638        0.1125  0.18    0.      
GRID       11639        0.115   0.18    0.      
GRID       11640        0.1175  0.18    0.      
GRID       11641        0.12    0.18    0.      
GRID       11642        0.1225  0.18    0.      
GRID       11643        0.125   0.18    0.      
GRID       11644        0.1275  0.18    0.      
GRID       11645        0.13    0.18    0.      
GRID       11646        0.1325  0.18    0.      
GRID       11647        0.135   0.18    0.      
GRID       11648        0.1375  0.18    0.      
GRID       11649        0.14    0.18    0.      
GRID       11650        0.1425  0.18    0.      
GRID       11651        0.145   0.18    0.      
GRID       11652        0.1475  0.18    0.      
GRID       11653        0.15    0.18    0.      
GRID       11654        0.1525  0.18    0.      
GRID       11655        0.155   0.18    0.      
GRID       11656        0.1575  0.18    0.      
GRID       11657        0.16    0.18    0.      
GRID       11658        0.1625  0.18    0.      
GRID       11659        0.165   0.18    0.      
GRID       11660        0.1675  0.18    0.      
GRID       11661        0.17    0.18    0.      
GRID       11662        0.1725  0.18    0.      
GRID       11663        0.175   0.18    0.      
GRID       11664        0.1775  0.18    0.      
GRID       11665        0.18    0.18    0.      
GRID       11666        0.1825  0.18    0.      
GRID       11667        0.185   0.18    0.      
GRID       11668        0.1875  0.18    0.      
GRID       11669        0.19    0.18    0.      
GRID       11670        0.1925  0.18    0.      
GRID       11671        0.195   0.18    0.      
GRID       11672        0.1975  0.18    0.      
GRID       11673        0.2     0.18    0.      
GRID       11674        0.2025  0.18    0.      
GRID       11675        0.205   0.18    0.      
GRID       11676        0.2075  0.18    0.      
GRID       11677        0.21    0.18    0.      
GRID       11678        0.2125  0.18    0.      
GRID       11679        0.215   0.18    0.      
GRID       11680        0.2175  0.18    0.      
GRID       11681        0.22    0.18    0.      
GRID       11682        0.2225  0.18    0.      
GRID       11683        0.225   0.18    0.      
GRID       11684        0.2275  0.18    0.      
GRID       11685        0.23    0.18    0.      
GRID       11686        0.2325  0.18    0.      
GRID       11687        0.235   0.18    0.      
GRID       11688        0.2375  0.18    0.      
GRID       11689        0.24    0.18    0.      
GRID       11690        0.2425  0.18    0.      
GRID       11691        0.245   0.18    0.      
GRID       11692        0.2475  0.18    0.      
GRID       11693        0.25    0.18    0.      
GRID       11694        0.2525  0.18    0.      
GRID       11695        0.255   0.18    0.      
GRID       11696        0.2575  0.18    0.      
GRID       11697        0.26    0.18    0.      
GRID       11698        0.2625  0.18    0.      
GRID       11699        0.265   0.18    0.      
GRID       11700        0.2675  0.18    0.      
GRID       11701        0.27    0.18    0.      
GRID       11702        0.2725  0.18    0.      
GRID       11703        0.275   0.18    0.      
GRID       11704        0.2775  0.18    0.      
GRID       11705        0.28    0.18    0.      
GRID       11706        0.2825  0.18    0.      
GRID       11707        0.285   0.18    0.      
GRID       11708        0.2875  0.18    0.      
GRID       11709        0.29    0.18    0.      
GRID       11710        0.2925  0.18    0.      
GRID       11711        0.295   0.18    0.      
GRID       11712        0.2975  0.18    0.      
GRID       11713        0.3     0.18    0.      
GRID       11714        0.3025  0.18    0.      
GRID       11715        0.305   0.18    0.      
GRID       11716        0.3075  0.18    0.      
GRID       11717        0.31    0.18    0.      
GRID       11718        0.3125  0.18    0.      
GRID       11719        0.315   0.18    0.      
GRID       11720        0.3175  0.18    0.      
GRID       11721        0.32    0.18    0.      
GRID       11722        0.3225  0.18    0.      
GRID       11723        0.325   0.18    0.      
GRID       11724        0.3275  0.18    0.      
GRID       11725        0.33    0.18    0.      
GRID       11726        0.3325  0.18    0.      
GRID       11727        0.335   0.18    0.      
GRID       11728        0.3375  0.18    0.      
GRID       11729        0.34    0.18    0.      
GRID       11730        0.3425  0.18    0.      
GRID       11731        0.345   0.18    0.      
GRID       11732        0.3475  0.18    0.      
GRID       11733        0.35    0.18    0.      
GRID       11734        0.3525  0.18    0.      
GRID       11735        0.355   0.18    0.      
GRID       11736        0.3575  0.18    0.      
GRID       11737        0.36    0.18    0.      
GRID       11738        0.3625  0.18    0.      
GRID       11739        0.365   0.18    0.      
GRID       11740        0.3675  0.18    0.      
GRID       11741        0.37    0.18    0.      
GRID       11742        0.3725  0.18    0.      
GRID       11743        0.375   0.18    0.      
GRID       11744        0.3775  0.18    0.      
GRID       11745        0.38    0.18    0.      
GRID       11746        0.3825  0.18    0.      
GRID       11747        0.385   0.18    0.      
GRID       11748        0.3875  0.18    0.      
GRID       11749        0.39    0.18    0.      
GRID       11750        0.3925  0.18    0.      
GRID       11751        0.395   0.18    0.      
GRID       11752        0.3975  0.18    0.      
GRID       11753        0.4     0.18    0.      
GRID       11754        0.      0.1825  0.      
GRID       11755        0.0025  0.1825  0.      
GRID       11756        0.005   0.1825  0.      
GRID       11757        0.0075  0.1825  0.      
GRID       11758        0.01    0.1825  0.      
GRID       11759        0.0125  0.1825  0.      
GRID       11760        0.015   0.1825  0.      
GRID       11761        0.0175  0.1825  0.      
GRID       11762        0.02    0.1825  0.      
GRID       11763        0.0225  0.1825  0.      
GRID       11764        0.025   0.1825  0.      
GRID       11765        0.0275  0.1825  0.      
GRID       11766        0.03    0.1825  0.      
GRID       11767        0.0325  0.1825  0.      
GRID       11768        0.035   0.1825  0.      
GRID       11769        0.0375  0.1825  0.      
GRID       11770        0.04    0.1825  0.      
GRID       11771        0.0425  0.1825  0.      
GRID       11772        0.045   0.1825  0.      
GRID       11773        0.0475  0.1825  0.      
GRID       11774        0.05    0.1825  0.      
GRID       11775        0.0525  0.1825  0.      
GRID       11776        0.055   0.1825  0.      
GRID       11777        0.0575  0.1825  0.      
GRID       11778        0.06    0.1825  0.      
GRID       11779        0.0625  0.1825  0.      
GRID       11780        0.065   0.1825  0.      
GRID       11781        0.0675  0.1825  0.      
GRID       11782        0.07    0.1825  0.      
GRID       11783        0.0725  0.1825  0.      
GRID       11784        0.075   0.1825  0.      
GRID       11785        0.0775  0.1825  0.      
GRID       11786        0.08    0.1825  0.      
GRID       11787        0.0825  0.1825  0.      
GRID       11788        0.085   0.1825  0.      
GRID       11789        0.0875  0.1825  0.      
GRID       11790        0.09    0.1825  0.      
GRID       11791        0.0925  0.1825  0.      
GRID       11792        0.095   0.1825  0.      
GRID       11793        0.0975  0.1825  0.      
GRID       11794        0.1     0.1825  0.      
GRID       11795        0.1025  0.1825  0.      
GRID       11796        0.105   0.1825  0.      
GRID       11797        0.1075  0.1825  0.      
GRID       11798        0.11    0.1825  0.      
GRID       11799        0.1125  0.1825  0.      
GRID       11800        0.115   0.1825  0.      
GRID       11801        0.1175  0.1825  0.      
GRID       11802        0.12    0.1825  0.      
GRID       11803        0.1225  0.1825  0.      
GRID       11804        0.125   0.1825  0.      
GRID       11805        0.1275  0.1825  0.      
GRID       11806        0.13    0.1825  0.      
GRID       11807        0.1325  0.1825  0.      
GRID       11808        0.135   0.1825  0.      
GRID       11809        0.1375  0.1825  0.      
GRID       11810        0.14    0.1825  0.      
GRID       11811        0.1425  0.1825  0.      
GRID       11812        0.145   0.1825  0.      
GRID       11813        0.1475  0.1825  0.      
GRID       11814        0.15    0.1825  0.      
GRID       11815        0.1525  0.1825  0.      
GRID       11816        0.155   0.1825  0.      
GRID       11817        0.1575  0.1825  0.      
GRID       11818        0.16    0.1825  0.      
GRID       11819        0.1625  0.1825  0.      
GRID       11820        0.165   0.1825  0.      
GRID       11821        0.1675  0.1825  0.      
GRID       11822        0.17    0.1825  0.      
GRID       11823        0.1725  0.1825  0.      
GRID       11824        0.175   0.1825  0.      
GRID       11825        0.1775  0.1825  0.      
GRID       11826        0.18    0.1825  0.      
GRID       11827        0.1825  0.1825  0.      
GRID       11828        0.185   0.1825  0.      
GRID       11829        0.1875  0.1825  0.      
GRID       11830        0.19    0.1825  0.      
GRID       11831        0.1925  0.1825  0.      
GRID       11832        0.195   0.1825  0.      
GRID       11833        0.1975  0.1825  0.      
GRID       11834        0.2     0.1825  0.      
GRID       11835        0.2025  0.1825  0.      
GRID       11836        0.205   0.1825  0.      
GRID       11837        0.2075  0.1825  0.      
GRID       11838        0.21    0.1825  0.      
GRID       11839        0.2125  0.1825  0.      
GRID       11840        0.215   0.1825  0.      
GRID       11841        0.2175  0.1825  0.      
GRID       11842        0.22    0.1825  0.      
GRID       11843        0.2225  0.1825  0.      
GRID       11844        0.225   0.1825  0.      
GRID       11845        0.2275  0.1825  0.      
GRID       11846        0.23    0.1825  0.      
GRID       11847        0.2325  0.1825  0.      
GRID       11848        0.235   0.1825  0.      
GRID       11849        0.2375  0.1825  0.      
GRID       11850        0.24    0.1825  0.      
GRID       11851        0.2425  0.1825  0.      
GRID       11852        0.245   0.1825  0.      
GRID       11853        0.2475  0.1825  0.      
GRID       11854        0.25    0.1825  0.      
GRID       11855        0.2525  0.1825  0.      
GRID       11856        0.255   0.1825  0.      
GRID       11857        0.2575  0.1825  0.      
GRID       11858        0.26    0.1825  0.      
GRID       11859        0.2625  0.1825  0.      
GRID       11860        0.265   0.1825  0.      
GRID       11861        0.2675  0.1825  0.      
GRID       11862        0.27    0.1825  0.      
GRID       11863        0.2725  0.1825  0.      
GRID       11864        0.275   0.1825  0.      
GRID       11865        0.2775  0.1825  0.      
GRID       11866        0.28    0.1825  0.      
GRID       11867        0.2825  0.1825  0.      
GRID       11868        0.285   0.1825  0.      
GRID       11869        0.2875  0.1825  0.      
GRID       11870        0.29    0.1825  0.      
GRID       11871        0.2925  0.1825  0.      
GRID       11872        0.295   0.1825  0.      
GRID       11873        0.2975  0.1825  0.      
GRID       11874        0.3     0.1825  0.      
GRID       11875        0.3025  0.1825  0.      
GRID       11876        0.305   0.1825  0.      
GRID       11877        0.3075  0.1825  0.      
GRID       11878        0.31    0.1825  0.      
GRID       11879        0.3125  0.1825  0.      
GRID       11880        0.315   0.1825  0.      
GRID       11881        0.3175  0.1825  0.      
GRID       11882        0.32    0.1825  0.      
GRID       11883        0.3225  0.1825  0.      
GRID       11884        0.325   0.1825  0.      
GRID       11885        0.3275  0.1825  0.      
GRID       11886        0.33    0.1825  0.      
GRID       11887        0.3325  0.1825  0.      
GRID       11888        0.335   0.1825  0.      
GRID       11889        0.3375  0.1825  0.      
GRID       11890        0.34    0.1825  0.      
GRID       11891        0.3425  0.1825  0.      
GRID       11892        0.345   0.1825  0.      
GRID       11893        0.3475  0.1825  0.      
GRID       11894        0.35    0.1825  0.      
GRID       11895        0.3525  0.1825  0.      
GRID       11896        0.355   0.1825  0.      
GRID       11897        0.3575  0.1825  0.      
GRID       11898        0.36    0.1825  0.      
GRID       11899        0.3625  0.1825  0.      
GRID       11900        0.365   0.1825  0.      
GRID       11901        0.3675  0.1825  0.      
GRID       11902        0.37    0.1825  0.      
GRID       11903        0.3725  0.1825  0.      
GRID       11904        0.375   0.1825  0.      
GRID       11905        0.3775  0.1825  0.      
GRID       11906        0.38    0.1825  0.      
GRID       11907        0.3825  0.1825  0.      
GRID       11908        0.385   0.1825  0.      
GRID       11909        0.3875  0.1825  0.      
GRID       11910        0.39    0.1825  0.      
GRID       11911        0.3925  0.1825  0.      
GRID       11912        0.395   0.1825  0.      
GRID       11913        0.3975  0.1825  0.      
GRID       11914        0.4     0.1825  0.      
GRID       11915        0.      0.185   0.      
GRID       11916        0.0025  0.185   0.      
GRID       11917        0.005   0.185   0.      
GRID       11918        0.0075  0.185   0.      
GRID       11919        0.01    0.185   0.      
GRID       11920        0.0125  0.185   0.      
GRID       11921        0.015   0.185   0.      
GRID       11922        0.0175  0.185   0.      
GRID       11923        0.02    0.185   0.      
GRID       11924        0.0225  0.185   0.      
GRID       11925        0.025   0.185   0.      
GRID       11926        0.0275  0.185   0.      
GRID       11927        0.03    0.185   0.      
GRID       11928        0.0325  0.185   0.      
GRID       11929        0.035   0.185   0.      
GRID       11930        0.0375  0.185   0.      
GRID       11931        0.04    0.185   0.      
GRID       11932        0.0425  0.185   0.      
GRID       11933        0.045   0.185   0.      
GRID       11934        0.0475  0.185   0.      
GRID       11935        0.05    0.185   0.      
GRID       11936        0.0525  0.185   0.      
GRID       11937        0.055   0.185   0.      
GRID       11938        0.0575  0.185   0.      
GRID       11939        0.06    0.185   0.      
GRID       11940        0.0625  0.185   0.      
GRID       11941        0.065   0.185   0.      
GRID       11942        0.0675  0.185   0.      
GRID       11943        0.07    0.185   0.      
GRID       11944        0.0725  0.185   0.      
GRID       11945        0.075   0.185   0.      
GRID       11946        0.0775  0.185   0.      
GRID       11947        0.08    0.185   0.      
GRID       11948        0.0825  0.185   0.      
GRID       11949        0.085   0.185   0.      
GRID       11950        0.0875  0.185   0.      
GRID       11951        0.09    0.185   0.      
GRID       11952        0.0925  0.185   0.      
GRID       11953        0.095   0.185   0.      
GRID       11954        0.0975  0.185   0.      
GRID       11955        0.1     0.185   0.      
GRID       11956        0.1025  0.185   0.      
GRID       11957        0.105   0.185   0.      
GRID       11958        0.1075  0.185   0.      
GRID       11959        0.11    0.185   0.      
GRID       11960        0.1125  0.185   0.      
GRID       11961        0.115   0.185   0.      
GRID       11962        0.1175  0.185   0.      
GRID       11963        0.12    0.185   0.      
GRID       11964        0.1225  0.185   0.      
GRID       11965        0.125   0.185   0.      
GRID       11966        0.1275  0.185   0.      
GRID       11967        0.13    0.185   0.      
GRID       11968        0.1325  0.185   0.      
GRID       11969        0.135   0.185   0.      
GRID       11970        0.1375  0.185   0.      
GRID       11971        0.14    0.185   0.      
GRID       11972        0.1425  0.185   0.      
GRID       11973        0.145   0.185   0.      
GRID       11974        0.1475  0.185   0.      
GRID       11975        0.15    0.185   0.      
GRID       11976        0.1525  0.185   0.      
GRID       11977        0.155   0.185   0.      
GRID       11978        0.1575  0.185   0.      
GRID       11979        0.16    0.185   0.      
GRID       11980        0.1625  0.185   0.      
GRID       11981        0.165   0.185   0.      
GRID       11982        0.1675  0.185   0.      
GRID       11983        0.17    0.185   0.      
GRID       11984        0.1725  0.185   0.      
GRID       11985        0.175   0.185   0.      
GRID       11986        0.1775  0.185   0.      
GRID       11987        0.18    0.185   0.      
GRID       11988        0.1825  0.185   0.      
GRID       11989        0.185   0.185   0.      
GRID       11990        0.1875  0.185   0.      
GRID       11991        0.19    0.185   0.      
GRID       11992        0.1925  0.185   0.      
GRID       11993        0.195   0.185   0.      
GRID       11994        0.1975  0.185   0.      
GRID       11995        0.2     0.185   0.      
GRID       11996        0.2025  0.185   0.      
GRID       11997        0.205   0.185   0.      
GRID       11998        0.2075  0.185   0.      
GRID       11999        0.21    0.185   0.      
GRID       12000        0.2125  0.185   0.      
GRID       12001        0.215   0.185   0.      
GRID       12002        0.2175  0.185   0.      
GRID       12003        0.22    0.185   0.      
GRID       12004        0.2225  0.185   0.      
GRID       12005        0.225   0.185   0.      
GRID       12006        0.2275  0.185   0.      
GRID       12007        0.23    0.185   0.      
GRID       12008        0.2325  0.185   0.      
GRID       12009        0.235   0.185   0.      
GRID       12010        0.2375  0.185   0.      
GRID       12011        0.24    0.185   0.      
GRID       12012        0.2425  0.185   0.      
GRID       12013        0.245   0.185   0.      
GRID       12014        0.2475  0.185   0.      
GRID       12015        0.25    0.185   0.      
GRID       12016        0.2525  0.185   0.      
GRID       12017        0.255   0.185   0.      
GRID       12018        0.2575  0.185   0.      
GRID       12019        0.26    0.185   0.      
GRID       12020        0.2625  0.185   0.      
GRID       12021        0.265   0.185   0.      
GRID       12022        0.2675  0.185   0.      
GRID       12023        0.27    0.185   0.      
GRID       12024        0.2725  0.185   0.      
GRID       12025        0.275   0.185   0.      
GRID       12026        0.2775  0.185   0.      
GRID       12027        0.28    0.185   0.      
GRID       12028        0.2825  0.185   0.      
GRID       12029        0.285   0.185   0.      
GRID       12030        0.2875  0.185   0.      
GRID       12031        0.29    0.185   0.      
GRID       12032        0.2925  0.185   0.      
GRID       12033        0.295   0.185   0.      
GRID       12034        0.2975  0.185   0.      
GRID       12035        0.3     0.185   0.      
GRID       12036        0.3025  0.185   0.      
GRID       12037        0.305   0.185   0.      
GRID       12038        0.3075  0.185   0.      
GRID       12039        0.31    0.185   0.      
GRID       12040        0.3125  0.185   0.      
GRID       12041        0.315   0.185   0.      
GRID       12042        0.3175  0.185   0.      
GRID       12043        0.32    0.185   0.      
GRID       12044        0.3225  0.185   0.      
GRID       12045        0.325   0.185   0.      
GRID       12046        0.3275  0.185   0.      
GRID       12047        0.33    0.185   0.      
GRID       12048        0.3325  0.185   0.      
GRID       12049        0.335   0.185   0.      
GRID       12050        0.3375  0.185   0.      
GRID       12051        0.34    0.185   0.      
GRID       12052        0.3425  0.185   0.      
GRID       12053        0.345   0.185   0.      
GRID       12054        0.3475  0.185   0.      
GRID       12055        0.35    0.185   0.      
GRID       12056        0.3525  0.185   0.      
GRID       12057        0.355   0.185   0.      
GRID       12058        0.3575  0.185   0.      
GRID       12059        0.36    0.185   0.      
GRID       12060        0.3625  0.185   0.      
GRID       12061        0.365   0.185   0.      
GRID       12062        0.3675  0.185   0.      
GRID       12063        0.37    0.185   0.      
GRID       12064        0.3725  0.185   0.      
GRID       12065        0.375   0.185   0.      
GRID       12066        0.3775  0.185   0.      
GRID       12067        0.38    0.185   0.      
GRID       12068        0.3825  0.185   0.      
GRID       12069        0.385   0.185   0.      
GRID       12070        0.3875  0.185   0.      
GRID       12071        0.39    0.185   0.      
GRID       12072        0.3925  0.185   0.      
GRID       12073        0.395   0.185   0.      
GRID       12074        0.3975  0.185   0.      
GRID       12075        0.4     0.185   0.      
GRID       12076        0.      0.1875  0.      
GRID       12077        0.0025  0.1875  0.      
GRID       12078        0.005   0.1875  0.      
GRID       12079        0.0075  0.1875  0.      
GRID       12080        0.01    0.1875  0.      
GRID       12081        0.0125  0.1875  0.      
GRID       12082        0.015   0.1875  0.      
GRID       12083        0.0175  0.1875  0.      
GRID       12084        0.02    0.1875  0.      
GRID       12085        0.0225  0.1875  0.      
GRID       12086        0.025   0.1875  0.      
GRID       12087        0.0275  0.1875  0.      
GRID       12088        0.03    0.1875  0.      
GRID       12089        0.0325  0.1875  0.      
GRID       12090        0.035   0.1875  0.      
GRID       12091        0.0375  0.1875  0.      
GRID       12092        0.04    0.1875  0.      
GRID       12093        0.0425  0.1875  0.      
GRID       12094        0.045   0.1875  0.      
GRID       12095        0.0475  0.1875  0.      
GRID       12096        0.05    0.1875  0.      
GRID       12097        0.0525  0.1875  0.      
GRID       12098        0.055   0.1875  0.      
GRID       12099        0.0575  0.1875  0.      
GRID       12100        0.06    0.1875  0.      
GRID       12101        0.0625  0.1875  0.      
GRID       12102        0.065   0.1875  0.      
GRID       12103        0.0675  0.1875  0.      
GRID       12104        0.07    0.1875  0.      
GRID       12105        0.0725  0.1875  0.      
GRID       12106        0.075   0.1875  0.      
GRID       12107        0.0775  0.1875  0.      
GRID       12108        0.08    0.1875  0.      
GRID       12109        0.0825  0.1875  0.      
GRID       12110        0.085   0.1875  0.      
GRID       12111        0.0875  0.1875  0.      
GRID       12112        0.09    0.1875  0.      
GRID       12113        0.0925  0.1875  0.      
GRID       12114        0.095   0.1875  0.      
GRID       12115        0.0975  0.1875  0.      
GRID       12116        0.1     0.1875  0.      
GRID       12117        0.1025  0.1875  0.      
GRID       12118        0.105   0.1875  0.      
GRID       12119        0.1075  0.1875  0.      
GRID       12120        0.11    0.1875  0.      
GRID       12121        0.1125  0.1875  0.      
GRID       12122        0.115   0.1875  0.      
GRID       12123        0.1175  0.1875  0.      
GRID       12124        0.12    0.1875  0.      
GRID       12125        0.1225  0.1875  0.      
GRID       12126        0.125   0.1875  0.      
GRID       12127        0.1275  0.1875  0.      
GRID       12128        0.13    0.1875  0.      
GRID       12129        0.1325  0.1875  0.      
GRID       12130        0.135   0.1875  0.      
GRID       12131        0.1375  0.1875  0.      
GRID       12132        0.14    0.1875  0.      
GRID       12133        0.1425  0.1875  0.      
GRID       12134        0.145   0.1875  0.      
GRID       12135        0.1475  0.1875  0.      
GRID       12136        0.15    0.1875  0.      
GRID       12137        0.1525  0.1875  0.      
GRID       12138        0.155   0.1875  0.      
GRID       12139        0.1575  0.1875  0.      
GRID       12140        0.16    0.1875  0.      
GRID       12141        0.1625  0.1875  0.      
GRID       12142        0.165   0.1875  0.      
GRID       12143        0.1675  0.1875  0.      
GRID       12144        0.17    0.1875  0.      
GRID       12145        0.1725  0.1875  0.      
GRID       12146        0.175   0.1875  0.      
GRID       12147        0.1775  0.1875  0.      
GRID       12148        0.18    0.1875  0.      
GRID       12149        0.1825  0.1875  0.      
GRID       12150        0.185   0.1875  0.      
GRID       12151        0.1875  0.1875  0.      
GRID       12152        0.19    0.1875  0.      
GRID       12153        0.1925  0.1875  0.      
GRID       12154        0.195   0.1875  0.      
GRID       12155        0.1975  0.1875  0.      
GRID       12156        0.2     0.1875  0.      
GRID       12157        0.2025  0.1875  0.      
GRID       12158        0.205   0.1875  0.      
GRID       12159        0.2075  0.1875  0.      
GRID       12160        0.21    0.1875  0.      
GRID       12161        0.2125  0.1875  0.      
GRID       12162        0.215   0.1875  0.      
GRID       12163        0.2175  0.1875  0.      
GRID       12164        0.22    0.1875  0.      
GRID       12165        0.2225  0.1875  0.      
GRID       12166        0.225   0.1875  0.      
GRID       12167        0.2275  0.1875  0.      
GRID       12168        0.23    0.1875  0.      
GRID       12169        0.2325  0.1875  0.      
GRID       12170        0.235   0.1875  0.      
GRID       12171        0.2375  0.1875  0.      
GRID       12172        0.24    0.1875  0.      
GRID       12173        0.2425  0.1875  0.      
GRID       12174        0.245   0.1875  0.      
GRID       12175        0.2475  0.1875  0.      
GRID       12176        0.25    0.1875  0.      
GRID       12177        0.2525  0.1875  0.      
GRID       12178        0.255   0.1875  0.      
GRID       12179        0.2575  0.1875  0.      
GRID       12180        0.26    0.1875  0.      
GRID       12181        0.2625  0.1875  0.      
GRID       12182        0.265   0.1875  0.      
GRID       12183        0.2675  0.1875  0.      
GRID       12184        0.27    0.1875  0.      
GRID       12185        0.2725  0.1875  0.      
GRID       12186        0.275   0.1875  0.      
GRID       12187        0.2775  0.1875  0.      
GRID       12188        0.28    0.1875  0.      
GRID       12189        0.2825  0.1875  0.      
GRID       12190        0.285   0.1875  0.      
GRID       12191        0.2875  0.1875  0.      
GRID       12192        0.29    0.1875  0.      
GRID       12193        0.2925  0.1875  0.      
GRID       12194        0.295   0.1875  0.      
GRID       12195        0.2975  0.1875  0.      
GRID       12196        0.3     0.1875  0.      
GRID       12197        0.3025  0.1875  0.      
GRID       12198        0.305   0.1875  0.      
GRID       12199        0.3075  0.1875  0.      
GRID       12200        0.31    0.1875  0.      
GRID       12201        0.3125  0.1875  0.      
GRID       12202        0.315   0.1875  0.      
GRID       12203        0.3175  0.1875  0.      
GRID       12204        0.32    0.1875  0.      
GRID       12205        0.3225  0.1875  0.      
GRID       12206        0.325   0.1875  0.      
GRID       12207        0.3275  0.1875  0.      
GRID       12208        0.33    0.1875  0.      
GRID       12209        0.3325  0.1875  0.      
GRID       12210        0.335   0.1875  0.      
GRID       12211        0.3375  0.1875  0.      
GRID       12212        0.34    0.1875  0.      
GRID       12213        0.3425  0.1875  0.      
GRID       12214        0.345   0.1875  0.      
GRID       12215        0.3475  0.1875  0.      
GRID       12216        0.35    0.1875  0.      
GRID       12217        0.3525  0.1875  0.      
GRID       12218        0.355   0.1875  0.      
GRID       12219        0.3575  0.1875  0.      
GRID       12220        0.36    0.1875  0.      
GRID       12221        0.3625  0.1875  0.      
GRID       12222        0.365   0.1875  0.      
GRID       12223        0.3675  0.1875  0.      
GRID       12224        0.37    0.1875  0.      
GRID       12225        0.3725  0.1875  0.      
GRID       12226        0.375   0.1875  0.      
GRID       12227        0.3775  0.1875  0.      
GRID       12228        0.38    0.1875  0.      
GRID       12229        0.3825  0.1875  0.      
GRID       12230        0.385   0.1875  0.      
GRID       12231        0.3875  0.1875  0.      
GRID       12232        0.39    0.1875  0.      
GRID       12233        0.3925  0.1875  0.      
GRID       12234        0.395   0.1875  0.      
GRID       12235        0.3975  0.1875  0.      
GRID       12236        0.4     0.1875  0.      
GRID       12237        0.      0.19    0.      
GRID       12238        0.0025  0.19    0.      
GRID       12239        0.005   0.19    0.      
GRID       12240        0.0075  0.19    0.      
GRID       12241        0.01    0.19    0.      
GRID       12242        0.0125  0.19    0.      
GRID       12243        0.015   0.19    0.      
GRID       12244        0.0175  0.19    0.      
GRID       12245        0.02    0.19    0.      
GRID       12246        0.0225  0.19    0.      
GRID       12247        0.025   0.19    0.      
GRID       12248        0.0275  0.19    0.      
GRID       12249        0.03    0.19    0.      
GRID       12250        0.0325  0.19    0.      
GRID       12251        0.035   0.19    0.      
GRID       12252        0.0375  0.19    0.      
GRID       12253        0.04    0.19    0.      
GRID       12254        0.0425  0.19    0.      
GRID       12255        0.045   0.19    0.      
GRID       12256        0.0475  0.19    0.      
GRID       12257        0.05    0.19    0.      
GRID       12258        0.0525  0.19    0.      
GRID       12259        0.055   0.19    0.      
GRID       12260        0.0575  0.19    0.      
GRID       12261        0.06    0.19    0.      
GRID       12262        0.0625  0.19    0.      
GRID       12263        0.065   0.19    0.      
GRID       12264        0.0675  0.19    0.      
GRID       12265        0.07    0.19    0.      
GRID       12266        0.0725  0.19    0.      
GRID       12267        0.075   0.19    0.      
GRID       12268        0.0775  0.19    0.      
GRID       12269        0.08    0.19    0.      
GRID       12270        0.0825  0.19    0.      
GRID       12271        0.085   0.19    0.      
GRID       12272        0.0875  0.19    0.      
GRID       12273        0.09    0.19    0.      
GRID       12274        0.0925  0.19    0.      
GRID       12275        0.095   0.19    0.      
GRID       12276        0.0975  0.19    0.      
GRID       12277        0.1     0.19    0.      
GRID       12278        0.1025  0.19    0.      
GRID       12279        0.105   0.19    0.      
GRID       12280        0.1075  0.19    0.      
GRID       12281        0.11    0.19    0.      
GRID       12282        0.1125  0.19    0.      
GRID       12283        0.115   0.19    0.      
GRID       12284        0.1175  0.19    0.      
GRID       12285        0.12    0.19    0.      
GRID       12286        0.1225  0.19    0.      
GRID       12287        0.125   0.19    0.      
GRID       12288        0.1275  0.19    0.      
GRID       12289        0.13    0.19    0.      
GRID       12290        0.1325  0.19    0.      
GRID       12291        0.135   0.19    0.      
GRID       12292        0.1375  0.19    0.      
GRID       12293        0.14    0.19    0.      
GRID       12294        0.1425  0.19    0.      
GRID       12295        0.145   0.19    0.      
GRID       12296        0.1475  0.19    0.      
GRID       12297        0.15    0.19    0.      
GRID       12298        0.1525  0.19    0.      
GRID       12299        0.155   0.19    0.      
GRID       12300        0.1575  0.19    0.      
GRID       12301        0.16    0.19    0.      
GRID       12302        0.1625  0.19    0.      
GRID       12303        0.165   0.19    0.      
GRID       12304        0.1675  0.19    0.      
GRID       12305        0.17    0.19    0.      
GRID       12306        0.1725  0.19    0.      
GRID       12307        0.175   0.19    0.      
GRID       12308        0.1775  0.19    0.      
GRID       12309        0.18    0.19    0.      
GRID       12310        0.1825  0.19    0.      
GRID       12311        0.185   0.19    0.      
GRID       12312        0.1875  0.19    0.      
GRID       12313        0.19    0.19    0.      
GRID       12314        0.1925  0.19    0.      
GRID       12315        0.195   0.19    0.      
GRID       12316        0.1975  0.19    0.      
GRID       12317        0.2     0.19    0.      
GRID       12318        0.2025  0.19    0.      
GRID       12319        0.205   0.19    0.      
GRID       12320        0.2075  0.19    0.      
GRID       12321        0.21    0.19    0.      
GRID       12322        0.2125  0.19    0.      
GRID       12323        0.215   0.19    0.      
GRID       12324        0.2175  0.19    0.      
GRID       12325        0.22    0.19    0.      
GRID       12326        0.2225  0.19    0.      
GRID       12327        0.225   0.19    0.      
GRID       12328        0.2275  0.19    0.      
GRID       12329        0.23    0.19    0.      
GRID       12330        0.2325  0.19    0.      
GRID       12331        0.235   0.19    0.      
GRID       12332        0.2375  0.19    0.      
GRID       12333        0.24    0.19    0.      
GRID       12334        0.2425  0.19    0.      
GRID       12335        0.245   0.19    0.      
GRID       12336        0.2475  0.19    0.      
GRID       12337        0.25    0.19    0.      
GRID       12338        0.2525  0.19    0.      
GRID       12339        0.255   0.19    0.      
GRID       12340        0.2575  0.19    0.      
GRID       12341        0.26    0.19    0.      
GRID       12342        0.2625  0.19    0.      
GRID       12343        0.265   0.19    0.      
GRID       12344        0.2675  0.19    0.      
GRID       12345        0.27    0.19    0.      
GRID       12346        0.2725  0.19    0.      
GRID       12347        0.275   0.19    0.      
GRID       12348        0.2775  0.19    0.      
GRID       12349        0.28    0.19    0.      
GRID       12350        0.2825  0.19    0.      
GRID       12351        0.285   0.19    0.      
GRID       12352        0.2875  0.19    0.      
GRID       12353        0.29    0.19    0.      
GRID       12354        0.2925  0.19    0.      
GRID       12355        0.295   0.19    0.      
GRID       12356        0.2975  0.19    0.      
GRID       12357        0.3     0.19    0.      
GRID       12358        0.3025  0.19    0.      
GRID       12359        0.305   0.19    0.      
GRID       12360        0.3075  0.19    0.      
GRID       12361        0.31    0.19    0.      
GRID       12362        0.3125  0.19    0.      
GRID       12363        0.315   0.19    0.      
GRID       12364        0.3175  0.19    0.      
GRID       12365        0.32    0.19    0.      
GRID       12366        0.3225  0.19    0.      
GRID       12367        0.325   0.19    0.      
GRID       12368        0.3275  0.19    0.      
GRID       12369        0.33    0.19    0.      
GRID       12370        0.3325  0.19    0.      
GRID       12371        0.335   0.19    0.      
GRID       12372        0.3375  0.19    0.      
GRID       12373        0.34    0.19    0.      
GRID       12374        0.3425  0.19    0.      
GRID       12375        0.345   0.19    0.      
GRID       12376        0.3475  0.19    0.      
GRID       12377        0.35    0.19    0.      
GRID       12378        0.3525  0.19    0.      
GRID       12379        0.355   0.19    0.      
GRID       12380        0.3575  0.19    0.      
GRID       12381        0.36    0.19    0.      
GRID       12382        0.3625  0.19    0.      
GRID       12383        0.365   0.19    0.      
GRID       12384        0.3675  0.19    0.      
GRID       12385        0.37    0.19    0.      
GRID       12386        0.3725  0.19    0.      
GRID       12387        0.375   0.19    0.      
GRID       12388        0.3775  0.19    0.      
GRID       12389        0.38    0.19    0.      
GRID       12390        0.3825  0.19    0.      
GRID       12391        0.385   0.19    0.      
GRID       12392        0.3875  0.19    0.      
GRID       12393        0.39    0.19    0.      
GRID       12394        0.3925  0.19    0.      
GRID       12395        0.395   0.19    0.      
GRID       12396        0.3975  0.19    0.      
GRID       12397        0.4     0.19    0.      
GRID       12398        0.      0.1925  0.      
GRID       12399        0.0025  0.1925  0.      
GRID       12400        0.005   0.1925  0.      
GRID       12401        0.0075  0.1925  0.      
GRID       12402        0.01    0.1925  0.      
GRID       12403        0.0125  0.1925  0.      
GRID       12404        0.015   0.1925  0.      
GRID       12405        0.0175  0.1925  0.      
GRID       12406        0.02    0.1925  0.      
GRID       12407        0.0225  0.1925  0.      
GRID       12408        0.025   0.1925  0.      
GRID       12409        0.0275  0.1925  0.      
GRID       12410        0.03    0.1925  0.      
GRID       12411        0.0325  0.1925  0.      
GRID       12412        0.035   0.1925  0.      
GRID       12413        0.0375  0.1925  0.      
GRID       12414        0.04    0.1925  0.      
GRID       12415        0.0425  0.1925  0.      
GRID       12416        0.045   0.1925  0.      
GRID       12417        0.0475  0.1925  0.      
GRID       12418        0.05    0.1925  0.      
GRID       12419        0.0525  0.1925  0.      
GRID       12420        0.055   0.1925  0.      
GRID       12421        0.0575  0.1925  0.      
GRID       12422        0.06    0.1925  0.      
GRID       12423        0.0625  0.1925  0.      
GRID       12424        0.065   0.1925  0.      
GRID       12425        0.0675  0.1925  0.      
GRID       12426        0.07    0.1925  0.      
GRID       12427        0.0725  0.1925  0.      
GRID       12428        0.075   0.1925  0.      
GRID       12429        0.0775  0.1925  0.      
GRID       12430        0.08    0.1925  0.      
GRID       12431        0.0825  0.1925  0.      
GRID       12432        0.085   0.1925  0.      
GRID       12433        0.0875  0.1925  0.      
GRID       12434        0.09    0.1925  0.      
GRID       12435        0.0925  0.1925  0.      
GRID       12436        0.095   0.1925  0.      
GRID       12437        0.0975  0.1925  0.      
GRID       12438        0.1     0.1925  0.      
GRID       12439        0.1025  0.1925  0.      
GRID       12440        0.105   0.1925  0.      
GRID       12441        0.1075  0.1925  0.      
GRID       12442        0.11    0.1925  0.      
GRID       12443        0.1125  0.1925  0.      
GRID       12444        0.115   0.1925  0.      
GRID       12445        0.1175  0.1925  0.      
GRID       12446        0.12    0.1925  0.      
GRID       12447        0.1225  0.1925  0.      
GRID       12448        0.125   0.1925  0.      
GRID       12449        0.1275  0.1925  0.      
GRID       12450        0.13    0.1925  0.      
GRID       12451        0.1325  0.1925  0.      
GRID       12452        0.135   0.1925  0.      
GRID       12453        0.1375  0.1925  0.      
GRID       12454        0.14    0.1925  0.      
GRID       12455        0.1425  0.1925  0.      
GRID       12456        0.145   0.1925  0.      
GRID       12457        0.1475  0.1925  0.      
GRID       12458        0.15    0.1925  0.      
GRID       12459        0.1525  0.1925  0.      
GRID       12460        0.155   0.1925  0.      
GRID       12461        0.1575  0.1925  0.      
GRID       12462        0.16    0.1925  0.      
GRID       12463        0.1625  0.1925  0.      
GRID       12464        0.165   0.1925  0.      
GRID       12465        0.1675  0.1925  0.      
GRID       12466        0.17    0.1925  0.      
GRID       12467        0.1725  0.1925  0.      
GRID       12468        0.175   0.1925  0.      
GRID       12469        0.1775  0.1925  0.      
GRID       12470        0.18    0.1925  0.      
GRID       12471        0.1825  0.1925  0.      
GRID       12472        0.185   0.1925  0.      
GRID       12473        0.1875  0.1925  0.      
GRID       12474        0.19    0.1925  0.      
GRID       12475        0.1925  0.1925  0.      
GRID       12476        0.195   0.1925  0.      
GRID       12477        0.1975  0.1925  0.      
GRID       12478        0.2     0.1925  0.      
GRID       12479        0.2025  0.1925  0.      
GRID       12480        0.205   0.1925  0.      
GRID       12481        0.2075  0.1925  0.      
GRID       12482        0.21    0.1925  0.      
GRID       12483        0.2125  0.1925  0.      
GRID       12484        0.215   0.1925  0.      
GRID       12485        0.2175  0.1925  0.      
GRID       12486        0.22    0.1925  0.      
GRID       12487        0.2225  0.1925  0.      
GRID       12488        0.225   0.1925  0.      
GRID       12489        0.2275  0.1925  0.      
GRID       12490        0.23    0.1925  0.      
GRID       12491        0.2325  0.1925  0.      
GRID       12492        0.235   0.1925  0.      
GRID       12493        0.2375  0.1925  0.      
GRID       12494        0.24    0.1925  0.      
GRID       12495        0.2425  0.1925  0.      
GRID       12496        0.245   0.1925  0.      
GRID       12497        0.2475  0.1925  0.      
GRID       12498        0.25    0.1925  0.      
GRID       12499        0.2525  0.1925  0.      
GRID       12500        0.255   0.1925  0.      
GRID       12501        0.2575  0.1925  0.      
GRID       12502        0.26    0.1925  0.      
GRID       12503        0.2625  0.1925  0.      
GRID       12504        0.265   0.1925  0.      
GRID       12505        0.2675  0.1925  0.      
GRID       12506        0.27    0.1925  0.      
GRID       12507        0.2725  0.1925  0.      
GRID       12508        0.275   0.1925  0.      
GRID       12509        0.2775  0.1925  0.      
GRID       12510        0.28    0.1925  0.      
GRID       12511        0.2825  0.1925  0.      
GRID       12512        0.285   0.1925  0.      
GRID       12513        0.2875  0.1925  0.      
GRID       12514        0.29    0.1925  0.      
GRID       12515        0.2925  0.1925  0.      
GRID       12516        0.295   0.1925  0.      
GRID       12517        0.2975  0.1925  0.      
GRID       12518        0.3     0.1925  0.      
GRID       12519        0.3025  0.1925  0.      
GRID       12520        0.305   0.1925  0.      
GRID       12521        0.3075  0.1925  0.      
GRID       12522        0.31    0.1925  0.      
GRID       12523        0.3125  0.1925  0.      
GRID       12524        0.315   0.1925  0.      
GRID       12525        0.3175  0.1925  0.      
GRID       12526        0.32    0.1925  0.      
GRID       12527        0.3225  0.1925  0.      
GRID       12528        0.325   0.1925  0.      
GRID       12529        0.3275  0.1925  0.      
GRID       12530        0.33    0.1925  0.      
GRID       12531        0.3325  0.1925  0.      
GRID       12532        0.335   0.1925  0.      
GRID       12533        0.3375  0.1925  0.      
GRID       12534        0.34    0.1925  0.      
GRID       12535        0.3425  0.1925  0.      
GRID       12536        0.345   0.1925  0.      
GRID       12537        0.3475  0.1925  0.      
GRID       12538        0.35    0.1925  0.      
GRID       12539        0.3525  0.1925  0.      
GRID       12540        0.355   0.1925  0.      
GRID       12541        0.3575  0.1925  0.      
GRID       12542        0.36    0.1925  0.      
GRID       12543        0.3625  0.1925  0.      
GRID       12544        0.365   0.1925  0.      
GRID       12545        0.3675  0.1925  0.      
GRID       12546        0.37    0.1925  0.      
GRID       12547        0.3725  0.1925  0.      
GRID       12548        0.375   0.1925  0.      
GRID       12549        0.3775  0.1925  0.      
GRID       12550        0.38    0.1925  0.      
GRID       12551        0.3825  0.1925  0.      
GRID       12552        0.385   0.1925  0.      
GRID       12553        0.3875  0.1925  0.      
GRID       12554        0.39    0.1925  0.      
GRID       12555        0.3925  0.1925  0.      
GRID       12556        0.395   0.1925  0.      
GRID       12557        0.3975  0.1925  0.      
GRID       12558        0.4     0.1925  0.      
GRID       12559        0.      0.195   0.      
GRID       12560        0.0025  0.195   0.      
GRID       12561        0.005   0.195   0.      
GRID       12562        0.0075  0.195   0.      
GRID       12563        0.01    0.195   0.      
GRID       12564        0.0125  0.195   0.      
GRID       12565        0.015   0.195   0.      
GRID       12566        0.0175  0.195   0.      
GRID       12567        0.02    0.195   0.      
GRID       12568        0.0225  0.195   0.      
GRID       12569        0.025   0.195   0.      
GRID       12570        0.0275  0.195   0.      
GRID       12571        0.03    0.195   0.      
GRID       12572        0.0325  0.195   0.      
GRID       12573        0.035   0.195   0.      
GRID       12574        0.0375  0.195   0.      
GRID       12575        0.04    0.195   0.      
GRID       12576        0.0425  0.195   0.      
GRID       12577        0.045   0.195   0.      
GRID       12578        0.0475  0.195   0.      
GRID       12579        0.05    0.195   0.      
GRID       12580        0.0525  0.195   0.      
GRID       12581        0.055   0.195   0.      
GRID       12582        0.0575  0.195   0.      
GRID       12583        0.06    0.195   0.      
GRID       12584        0.0625  0.195   0.      
GRID       12585        0.065   0.195   0.      
GRID       12586        0.0675  0.195   0.      
GRID       12587        0.07    0.195   0.      
GRID       12588        0.0725  0.195   0.      
GRID       12589        0.075   0.195   0.      
GRID       12590        0.0775  0.195   0.      
GRID       12591        0.08    0.195   0.      
GRID       12592        0.0825  0.195   0.      
GRID       12593        0.085   0.195   0.      
GRID       12594        0.0875  0.195   0.      
GRID       12595        0.09    0.195   0.      
GRID       12596        0.0925  0.195   0.      
GRID       12597        0.095   0.195   0.      
GRID       12598        0.0975  0.195   0.      
GRID       12599        0.1     0.195   0.      
GRID       12600        0.1025  0.195   0.      
GRID       12601        0.105   0.195   0.      
GRID       12602        0.1075  0.195   0.      
GRID       12603        0.11    0.195   0.      
GRID       12604        0.1125  0.195   0.      
GRID       12605        0.115   0.195   0.      
GRID       12606        0.1175  0.195   0.      
GRID       12607        0.12    0.195   0.      
GRID       12608        0.1225  0.195   0.      
GRID       12609        0.125   0.195   0.      
GRID       12610        0.1275  0.195   0.      
GRID       12611        0.13    0.195   0.      
GRID       12612        0.1325  0.195   0.      
GRID       12613        0.135   0.195   0.      
GRID       12614        0.1375  0.195   0.      
GRID       12615        0.14    0.195   0.      
GRID       12616        0.1425  0.195   0.      
GRID       12617        0.145   0.195   0.      
GRID       12618        0.1475  0.195   0.      
GRID       12619        0.15    0.195   0.      
GRID       12620        0.1525  0.195   0.      
GRID       12621        0.155   0.195   0.      
GRID       12622        0.1575  0.195   0.      
GRID       12623        0.16    0.195   0.      
GRID       12624        0.1625  0.195   0.      
GRID       12625        0.165   0.195   0.      
GRID       12626        0.1675  0.195   0.      
GRID       12627        0.17    0.195   0.      
GRID       12628        0.1725  0.195   0.      
GRID       12629        0.175   0.195   0.      
GRID       12630        0.1775  0.195   0.      
GRID       12631        0.18    0.195   0.      
GRID       12632        0.1825  0.195   0.      
GRID       12633        0.185   0.195   0.      
GRID       12634        0.1875  0.195   0.      
GRID       12635        0.19    0.195   0.      
GRID       12636        0.1925  0.195   0.      
GRID       12637        0.195   0.195   0.      
GRID       12638        0.1975  0.195   0.      
GRID       12639        0.2     0.195   0.      
GRID       12640        0.2025  0.195   0.      
GRID       12641        0.205   0.195   0.      
GRID       12642        0.2075  0.195   0.      
GRID       12643        0.21    0.195   0.      
GRID       12644        0.2125  0.195   0.      
GRID       12645        0.215   0.195   0.      
GRID       12646        0.2175  0.195   0.      
GRID       12647        0.22    0.195   0.      
GRID       12648        0.2225  0.195   0.      
GRID       12649        0.225   0.195   0.      
GRID       12650        0.2275  0.195   0.      
GRID       12651        0.23    0.195   0.      
GRID       12652        0.2325  0.195   0.      
GRID       12653        0.235   0.195   0.      
GRID       12654        0.2375  0.195   0.      
GRID       12655        0.24    0.195   0.      
GRID       12656        0.2425  0.195   0.      
GRID       12657        0.245   0.195   0.      
GRID       12658        0.2475  0.195   0.      
GRID       12659        0.25    0.195   0.      
GRID       12660        0.2525  0.195   0.      
GRID       12661        0.255   0.195   0.      
GRID       12662        0.2575  0.195   0.      
GRID       12663        0.26    0.195   0.      
GRID       12664        0.2625  0.195   0.      
GRID       12665        0.265   0.195   0.      
GRID       12666        0.2675  0.195   0.      
GRID       12667        0.27    0.195   0.      
GRID       12668        0.2725  0.195   0.      
GRID       12669        0.275   0.195   0.      
GRID       12670        0.2775  0.195   0.      
GRID       12671        0.28    0.195   0.      
GRID       12672        0.2825  0.195   0.      
GRID       12673        0.285   0.195   0.      
GRID       12674        0.2875  0.195   0.      
GRID       12675        0.29    0.195   0.      
GRID       12676        0.2925  0.195   0.      
GRID       12677        0.295   0.195   0.      
GRID       12678        0.2975  0.195   0.      
GRID       12679        0.3     0.195   0.      
GRID       12680        0.3025  0.195   0.      
GRID       12681        0.305   0.195   0.      
GRID       12682        0.3075  0.195   0.      
GRID       12683        0.31    0.195   0.      
GRID       12684        0.3125  0.195   0.      
GRID       12685        0.315   0.195   0.      
GRID       12686        0.3175  0.195   0.      
GRID       12687        0.32    0.195   0.      
GRID       12688        0.3225  0.195   0.      
GRID       12689        0.325   0.195   0.      
GRID       12690        0.3275  0.195   0.      
GRID       12691        0.33    0.195   0.      
GRID       12692        0.3325  0.195   0.      
GRID       12693        0.335   0.195   0.      
GRID       12694        0.3375  0.195   0.      
GRID       12695        0.34    0.195   0.      
GRID       12696        0.3425  0.195   0.      
GRID       12697        0.345   0.195   0.      
GRID       12698        0.3475  0.195   0.      
GRID       12699        0.35    0.195   0.      
GRID       12700        0.3525  0.195   0.      
GRID       12701        0.355   0.195   0.      
GRID       12702        0.3575  0.195   0.      
GRID       12703        0.36    0.195   0.      
GRID       12704        0.3625  0.195   0.      
GRID       12705        0.365   0.195   0.      
GRID       12706        0.3675  0.195   0.      
GRID       12707        0.37    0.195   0.      
GRID       12708        0.3725  0.195   0.      
GRID       12709        0.375   0.195   0.      
GRID       12710        0.3775  0.195   0.      
GRID       12711        0.38    0.195   0.      
GRID       12712        0.3825  0.195   0.      
GRID       12713        0.385   0.195   0.      
GRID       12714        0.3875  0.195   0.      
GRID       12715        0.39    0.195   0.      
GRID       12716        0.3925  0.195   0.      
GRID       12717        0.395   0.195   0.      
GRID       12718        0.3975  0.195   0.      
GRID       12719        0.4     0.195   0.      
GRID       12720        0.      0.1975  0.      
GRID       12721        0.0025  0.1975  0.      
GRID       12722        0.005   0.1975  0.      
GRID       12723        0.0075  0.1975  0.      
GRID       12724        0.01    0.1975  0.      
GRID       12725        0.0125  0.1975  0.      
GRID       12726        0.015   0.1975  0.      
GRID       12727        0.0175  0.1975  0.      
GRID       12728        0.02    0.1975  0.      
GRID       12729        0.0225  0.1975  0.      
GRID       12730        0.025   0.1975  0.      
GRID       12731        0.0275  0.1975  0.      
GRID       12732        0.03    0.1975  0.      
GRID       12733        0.0325  0.1975  0.      
GRID       12734        0.035   0.1975  0.      
GRID       12735        0.0375  0.1975  0.      
GRID       12736        0.04    0.1975  0.      
GRID       12737        0.0425  0.1975  0.      
GRID       12738        0.045   0.1975  0.      
GRID       12739        0.0475  0.1975  0.      
GRID       12740        0.05    0.1975  0.      
GRID       12741        0.0525  0.1975  0.      
GRID       12742        0.055   0.1975  0.      
GRID       12743        0.0575  0.1975  0.      
GRID       12744        0.06    0.1975  0.      
GRID       12745        0.0625  0.1975  0.      
GRID       12746        0.065   0.1975  0.      
GRID       12747        0.0675  0.1975  0.      
GRID       12748        0.07    0.1975  0.      
GRID       12749        0.0725  0.1975  0.      
GRID       12750        0.075   0.1975  0.      
GRID       12751        0.0775  0.1975  0.      
GRID       12752        0.08    0.1975  0.      
GRID       12753        0.0825  0.1975  0.      
GRID       12754        0.085   0.1975  0.      
GRID       12755        0.0875  0.1975  0.      
GRID       12756        0.09    0.1975  0.      
GRID       12757        0.0925  0.1975  0.      
GRID       12758        0.095   0.1975  0.      
GRID       12759        0.0975  0.1975  0.      
GRID       12760        0.1     0.1975  0.      
GRID       12761        0.1025  0.1975  0.      
GRID       12762        0.105   0.1975  0.      
GRID       12763        0.1075  0.1975  0.      
GRID       12764        0.11    0.1975  0.      
GRID       12765        0.1125  0.1975  0.      
GRID       12766        0.115   0.1975  0.      
GRID       12767        0.1175  0.1975  0.      
GRID       12768        0.12    0.1975  0.      
GRID       12769        0.1225  0.1975  0.      
GRID       12770        0.125   0.1975  0.      
GRID       12771        0.1275  0.1975  0.      
GRID       12772        0.13    0.1975  0.      
GRID       12773        0.1325  0.1975  0.      
GRID       12774        0.135   0.1975  0.      
GRID       12775        0.1375  0.1975  0.      
GRID       12776        0.14    0.1975  0.      
GRID       12777        0.1425  0.1975  0.      
GRID       12778        0.145   0.1975  0.      
GRID       12779        0.1475  0.1975  0.      
GRID       12780        0.15    0.1975  0.      
GRID       12781        0.1525  0.1975  0.      
GRID       12782        0.155   0.1975  0.      
GRID       12783        0.1575  0.1975  0.      
GRID       12784        0.16    0.1975  0.      
GRID       12785        0.1625  0.1975  0.      
GRID       12786        0.165   0.1975  0.      
GRID       12787        0.1675  0.1975  0.      
GRID       12788        0.17    0.1975  0.      
GRID       12789        0.1725  0.1975  0.      
GRID       12790        0.175   0.1975  0.      
GRID       12791        0.1775  0.1975  0.      
GRID       12792        0.18    0.1975  0.      
GRID       12793        0.1825  0.1975  0.      
GRID       12794        0.185   0.1975  0.      
GRID       12795        0.1875  0.1975  0.      
GRID       12796        0.19    0.1975  0.      
GRID       12797        0.1925  0.1975  0.      
GRID       12798        0.195   0.1975  0.      
GRID       12799        0.1975  0.1975  0.      
GRID       12800        0.2     0.1975  0.      
GRID       12801        0.2025  0.1975  0.      
GRID       12802        0.205   0.1975  0.      
GRID       12803        0.2075  0.1975  0.      
GRID       12804        0.21    0.1975  0.      
GRID       12805        0.2125  0.1975  0.      
GRID       12806        0.215   0.1975  0.      
GRID       12807        0.2175  0.1975  0.      
GRID       12808        0.22    0.1975  0.      
GRID       12809        0.2225  0.1975  0.      
GRID       12810        0.225   0.1975  0.      
GRID       12811        0.2275  0.1975  0.      
GRID       12812        0.23    0.1975  0.      
GRID       12813        0.2325  0.1975  0.      
GRID       12814        0.235   0.1975  0.      
GRID       12815        0.2375  0.1975  0.      
GRID       12816        0.24    0.1975  0.      
GRID       12817        0.2425  0.1975  0.      
GRID       12818        0.245   0.1975  0.      
GRID       12819        0.2475  0.1975  0.      
GRID       12820        0.25    0.1975  0.      
GRID       12821        0.2525  0.1975  0.      
GRID       12822        0.255   0.1975  0.      
GRID       12823        0.2575  0.1975  0.      
GRID       12824        0.26    0.1975  0.      
GRID       12825        0.2625  0.1975  0.      
GRID       12826        0.265   0.1975  0.      
GRID       12827        0.2675  0.1975  0.      
GRID       12828        0.27    0.1975  0.      
GRID       12829        0.2725  0.1975  0.      
GRID       12830        0.275   0.1975  0.      
GRID       12831        0.2775  0.1975  0.      
GRID       12832        0.28    0.1975  0.      
GRID       12833        0.2825  0.1975  0.      
GRID       12834        0.285   0.1975  0.      
GRID       12835        0.2875  0.1975  0.      
GRID       12836        0.29    0.1975  0.      
GRID       12837        0.2925  0.1975  0.      
GRID       12838        0.295   0.1975  0.      
GRID       12839        0.2975  0.1975  0.      
GRID       12840        0.3     0.1975  0.      
GRID       12841        0.3025  0.1975  0.      
GRID       12842        0.305   0.1975  0.      
GRID       12843        0.3075  0.1975  0.      
GRID       12844        0.31    0.1975  0.      
GRID       12845        0.3125  0.1975  0.      
GRID       12846        0.315   0.1975  0.      
GRID       12847        0.3175  0.1975  0.      
GRID       12848        0.32    0.1975  0.      
GRID       12849        0.3225  0.1975  0.      
GRID       12850        0.325   0.1975  0.      
GRID       12851        0.3275  0.1975  0.      
GRID       12852        0.33    0.1975  0.      
GRID       12853        0.3325  0.1975  0.      
GRID       12854        0.335   0.1975  0.      
GRID       12855        0.3375  0.1975  0.      
GRID       12856        0.34    0.1975  0.      
GRID       12857        0.3425  0.1975  0.      
GRID       12858        0.345   0.1975  0.      
GRID       12859        0.3475  0.1975  0.      
GRID       12860        0.35    0.1975  0.      
GRID       12861        0.3525  0.1975  0.      
GRID       12862        0.355   0.1975  0.      
GRID       12863        0.3575  0.1975  0.      
GRID       12864        0.36    0.1975  0.      
GRID       12865        0.3625  0.1975  0.      
GRID       12866        0.365   0.1975  0.      
GRID       12867        0.3675  0.1975  0.      
GRID       12868        0.37    0.1975  0.      
GRID       12869        0.3725  0.1975  0.      
GRID       12870        0.375   0.1975  0.      
GRID       12871        0.3775  0.1975  0.      
GRID       12872        0.38    0.1975  0.      
GRID       12873        0.3825  0.1975  0.      
GRID       12874        0.385   0.1975  0.      
GRID       12875        0.3875  0.1975  0.      
GRID       12876        0.39    0.1975  0.      
GRID       12877        0.3925  0.1975  0.      
GRID       12878        0.395   0.1975  0.      
GRID       12879        0.3975  0.1975  0.      
GRID       12880        0.4     0.1975  0.      
GRID       12881        0.      0.2     0.      
GRID       12882        0.0025  0.2     0.      
GRID       12883        0.005   0.2     0.      
GRID       12884        0.0075  0.2     0.      
GRID       12885        0.01    0.2     0.      
GRID       12886        0.0125  0.2     0.      
GRID       12887        0.015   0.2     0.      
GRID       12888        0.0175  0.2     0.      
GRID       12889        0.02    0.2     0.      
GRID       12890        0.0225  0.2     0.      
GRID       12891        0.025   0.2     0.      
GRID       12892        0.0275  0.2     0.      
GRID       12893        0.03    0.2     0.      
GRID       12894        0.0325  0.2     0.      
GRID       12895        0.035   0.2     0.      
GRID       12896        0.0375  0.2     0.      
GRID       12897        0.04    0.2     0.      
GRID       12898        0.0425  0.2     0.      
GRID       12899        0.045   0.2     0.      
GRID       12900        0.0475  0.2     0.      
GRID       12901        0.05    0.2     0.      
GRID       12902        0.0525  0.2     0.      
GRID       12903        0.055   0.2     0.      
GRID       12904        0.0575  0.2     0.      
GRID       12905        0.06    0.2     0.      
GRID       12906        0.0625  0.2     0.      
GRID       12907        0.065   0.2     0.      
GRID       12908        0.0675  0.2     0.      
GRID       12909        0.07    0.2     0.      
GRID       12910        0.0725  0.2     0.      
GRID       12911        0.075   0.2     0.      
GRID       12912        0.0775  0.2     0.      
GRID       12913        0.08    0.2     0.      
GRID       12914        0.0825  0.2     0.      
GRID       12915        0.085   0.2     0.      
GRID       12916        0.0875  0.2     0.      
GRID       12917        0.09    0.2     0.      
GRID       12918        0.0925  0.2     0.      
GRID       12919        0.095   0.2     0.      
GRID       12920        0.0975  0.2     0.      
GRID       12921        0.1     0.2     0.      
GRID       12922        0.1025  0.2     0.      
GRID       12923        0.105   0.2     0.      
GRID       12924        0.1075  0.2     0.      
GRID       12925        0.11    0.2     0.      
GRID       12926        0.1125  0.2     0.      
GRID       12927        0.115   0.2     0.      
GRID       12928        0.1175  0.2     0.      
GRID       12929        0.12    0.2     0.      
GRID       12930        0.1225  0.2     0.      
GRID       12931        0.125   0.2     0.      
GRID       12932        0.1275  0.2     0.      
GRID       12933        0.13    0.2     0.      
GRID       12934        0.1325  0.2     0.      
GRID       12935        0.135   0.2     0.      
GRID       12936        0.1375  0.2     0.      
GRID       12937        0.14    0.2     0.      
GRID       12938        0.1425  0.2     0.      
GRID       12939        0.145   0.2     0.      
GRID       12940        0.1475  0.2     0.      
GRID       12941        0.15    0.2     0.      
GRID       12942        0.1525  0.2     0.      
GRID       12943        0.155   0.2     0.      
GRID       12944        0.1575  0.2     0.      
GRID       12945        0.16    0.2     0.      
GRID       12946        0.1625  0.2     0.      
GRID       12947        0.165   0.2     0.      
GRID       12948        0.1675  0.2     0.      
GRID       12949        0.17    0.2     0.      
GRID       12950        0.1725  0.2     0.      
GRID       12951        0.175   0.2     0.      
GRID       12952        0.1775  0.2     0.      
GRID       12953        0.18    0.2     0.      
GRID       12954        0.1825  0.2     0.      
GRID       12955        0.185   0.2     0.      
GRID       12956        0.1875  0.2     0.      
GRID       12957        0.19    0.2     0.      
GRID       12958        0.1925  0.2     0.      
GRID       12959        0.195   0.2     0.      
GRID       12960        0.1975  0.2     0.      
GRID       12961        0.2     0.2     0.      
GRID       12962        0.2025  0.2     0.      
GRID       12963        0.205   0.2     0.      
GRID       12964        0.2075  0.2     0.      
GRID       12965        0.21    0.2     0.      
GRID       12966        0.2125  0.2     0.      
GRID       12967        0.215   0.2     0.      
GRID       12968        0.2175  0.2     0.      
GRID       12969        0.22    0.2     0.      
GRID       12970        0.2225  0.2     0.      
GRID       12971        0.225   0.2     0.      
GRID       12972        0.2275  0.2     0.      
GRID       12973        0.23    0.2     0.      
GRID       12974        0.2325  0.2     0.      
GRID       12975        0.235   0.2     0.      
GRID       12976        0.2375  0.2     0.      
GRID       12977        0.24    0.2     0.      
GRID       12978        0.2425  0.2     0.      
GRID       12979        0.245   0.2     0.      
GRID       12980        0.2475  0.2     0.      
GRID       12981        0.25    0.2     0.      
GRID       12982        0.2525  0.2     0.      
GRID       12983        0.255   0.2     0.      
GRID       12984        0.2575  0.2     0.      
GRID       12985        0.26    0.2     0.      
GRID       12986        0.2625  0.2     0.      
GRID       12987        0.265   0.2     0.      
GRID       12988        0.2675  0.2     0.      
GRID       12989        0.27    0.2     0.      
GRID       12990        0.2725  0.2     0.      
GRID       12991        0.275   0.2     0.      
GRID       12992        0.2775  0.2     0.      
GRID       12993        0.28    0.2     0.      
GRID       12994        0.2825  0.2     0.      
GRID       12995        0.285   0.2     0.      
GRID       12996        0.2875  0.2     0.      
GRID       12997        0.29    0.2     0.      
GRID       12998        0.2925  0.2     0.      
GRID       12999        0.295   0.2     0.      
GRID       13000        0.2975  0.2     0.      
GRID       13001        0.3     0.2     0.      
GRID       13002        0.3025  0.2     0.      
GRID       13003        0.305   0.2     0.      
GRID       13004        0.3075  0.2     0.      
GRID       13005        0.31    0.2     0.      
GRID       13006        0.3125  0.2     0.      
GRID       13007        0.315   0.2     0.      
GRID       13008        0.3175  0.2     0.      
GRID       13009        0.32    0.2     0.      
GRID       13010        0.3225  0.2     0.      
GRID       13011        0.325   0.2     0.      
GRID       13012        0.3275  0.2     0.      
GRID       13013        0.33    0.2     0.      
GRID       13014        0.3325  0.2     0.      
GRID       13015        0.335   0.2     0.      
GRID       13016        0.3375  0.2     0.      
GRID       13017        0.34    0.2     0.      
GRID       13018        0.3425  0.2     0.      
GRID       13019        0.345   0.2     0.      
GRID       13020        0.3475  0.2     0.      
GRID       13021        0.35    0.2     0.      
GRID       13022        0.3525  0.2     0.      
GRID       13023        0.355   0.2     0.      
GRID       13024        0.3575  0.2     0.      
GRID       13025        0.36    0.2     0.      
GRID       13026        0.3625  0.2     0.      
GRID       13027        0.365   0.2     0.      
GRID       13028        0.3675  0.2     0.      
GRID       13029        0.37    0.2     0.      
GRID       13030        0.3725  0.2     0.      
GRID       13031        0.375   0.2     0.      
GRID       13032        0.3775  0.2     0.      
GRID       13033        0.38    0.2     0.      
GRID       13034        0.3825  0.2     0.      
GRID       13035        0.385   0.2     0.      
GRID       13036        0.3875  0.2     0.      
GRID       13037        0.39    0.2     0.      
GRID       13038        0.3925  0.2     0.      
GRID       13039        0.395   0.2     0.      
GRID       13040        0.3975  0.2     0.      
GRID       13041        0.4     0.2     0.      
GRID       13042        0.      0.2025  0.      
GRID       13043        0.0025  0.2025  0.      
GRID       13044        0.005   0.2025  0.      
GRID       13045        0.0075  0.2025  0.      
GRID       13046        0.01    0.2025  0.      
GRID       13047        0.0125  0.2025  0.      
GRID       13048        0.015   0.2025  0.      
GRID       13049        0.0175  0.2025  0.      
GRID       13050        0.02    0.2025  0.      
GRID       13051        0.0225  0.2025  0.      
GRID       13052        0.025   0.2025  0.      
GRID       13053        0.0275  0.2025  0.      
GRID       13054        0.03    0.2025  0.      
GRID       13055        0.0325  0.2025  0.      
GRID       13056        0.035   0.2025  0.      
GRID       13057        0.0375  0.2025  0.      
GRID       13058        0.04    0.2025  0.      
GRID       13059        0.0425  0.2025  0.      
GRID       13060        0.045   0.2025  0.      
GRID       13061        0.0475  0.2025  0.      
GRID       13062        0.05    0.2025  0.      
GRID       13063        0.0525  0.2025  0.      
GRID       13064        0.055   0.2025  0.      
GRID       13065        0.0575  0.2025  0.      
GRID       13066        0.06    0.2025  0.      
GRID       13067        0.0625  0.2025  0.      
GRID       13068        0.065   0.2025  0.      
GRID       13069        0.0675  0.2025  0.      
GRID       13070        0.07    0.2025  0.      
GRID       13071        0.0725  0.2025  0.      
GRID       13072        0.075   0.2025  0.      
GRID       13073        0.0775  0.2025  0.      
GRID       13074        0.08    0.2025  0.      
GRID       13075        0.0825  0.2025  0.      
GRID       13076        0.085   0.2025  0.      
GRID       13077        0.0875  0.2025  0.      
GRID       13078        0.09    0.2025  0.      
GRID       13079        0.0925  0.2025  0.      
GRID       13080        0.095   0.2025  0.      
GRID       13081        0.0975  0.2025  0.      
GRID       13082        0.1     0.2025  0.      
GRID       13083        0.1025  0.2025  0.      
GRID       13084        0.105   0.2025  0.      
GRID       13085        0.1075  0.2025  0.      
GRID       13086        0.11    0.2025  0.      
GRID       13087        0.1125  0.2025  0.      
GRID       13088        0.115   0.2025  0.      
GRID       13089        0.1175  0.2025  0.      
GRID       13090        0.12    0.2025  0.      
GRID       13091        0.1225  0.2025  0.      
GRID       13092        0.125   0.2025  0.      
GRID       13093        0.1275  0.2025  0.      
GRID       13094        0.13    0.2025  0.      
GRID       13095        0.1325  0.2025  0.      
GRID       13096        0.135   0.2025  0.      
GRID       13097        0.1375  0.2025  0.      
GRID       13098        0.14    0.2025  0.      
GRID       13099        0.1425  0.2025  0.      
GRID       13100        0.145   0.2025  0.      
GRID       13101        0.1475  0.2025  0.      
GRID       13102        0.15    0.2025  0.      
GRID       13103        0.1525  0.2025  0.      
GRID       13104        0.155   0.2025  0.      
GRID       13105        0.1575  0.2025  0.      
GRID       13106        0.16    0.2025  0.      
GRID       13107        0.1625  0.2025  0.      
GRID       13108        0.165   0.2025  0.      
GRID       13109        0.1675  0.2025  0.      
GRID       13110        0.17    0.2025  0.      
GRID       13111        0.1725  0.2025  0.      
GRID       13112        0.175   0.2025  0.      
GRID       13113        0.1775  0.2025  0.      
GRID       13114        0.18    0.2025  0.      
GRID       13115        0.1825  0.2025  0.      
GRID       13116        0.185   0.2025  0.      
GRID       13117        0.1875  0.2025  0.      
GRID       13118        0.19    0.2025  0.      
GRID       13119        0.1925  0.2025  0.      
GRID       13120        0.195   0.2025  0.      
GRID       13121        0.1975  0.2025  0.      
GRID       13122        0.2     0.2025  0.      
GRID       13123        0.2025  0.2025  0.      
GRID       13124        0.205   0.2025  0.      
GRID       13125        0.2075  0.2025  0.      
GRID       13126        0.21    0.2025  0.      
GRID       13127        0.2125  0.2025  0.      
GRID       13128        0.215   0.2025  0.      
GRID       13129        0.2175  0.2025  0.      
GRID       13130        0.22    0.2025  0.      
GRID       13131        0.2225  0.2025  0.      
GRID       13132        0.225   0.2025  0.      
GRID       13133        0.2275  0.2025  0.      
GRID       13134        0.23    0.2025  0.      
GRID       13135        0.2325  0.2025  0.      
GRID       13136        0.235   0.2025  0.      
GRID       13137        0.2375  0.2025  0.      
GRID       13138        0.24    0.2025  0.      
GRID       13139        0.2425  0.2025  0.      
GRID       13140        0.245   0.2025  0.      
GRID       13141        0.2475  0.2025  0.      
GRID       13142        0.25    0.2025  0.      
GRID       13143        0.2525  0.2025  0.      
GRID       13144        0.255   0.2025  0.      
GRID       13145        0.2575  0.2025  0.      
GRID       13146        0.26    0.2025  0.      
GRID       13147        0.2625  0.2025  0.      
GRID       13148        0.265   0.2025  0.      
GRID       13149        0.2675  0.2025  0.      
GRID       13150        0.27    0.2025  0.      
GRID       13151        0.2725  0.2025  0.      
GRID       13152        0.275   0.2025  0.      
GRID       13153        0.2775  0.2025  0.      
GRID       13154        0.28    0.2025  0.      
GRID       13155        0.2825  0.2025  0.      
GRID       13156        0.285   0.2025  0.      
GRID       13157        0.2875  0.2025  0.      
GRID       13158        0.29    0.2025  0.      
GRID       13159        0.2925  0.2025  0.      
GRID       13160        0.295   0.2025  0.      
GRID       13161        0.2975  0.2025  0.      
GRID       13162        0.3     0.2025  0.      
GRID       13163        0.3025  0.2025  0.      
GRID       13164        0.305   0.2025  0.      
GRID       13165        0.3075  0.2025  0.      
GRID       13166        0.31    0.2025  0.      
GRID       13167        0.3125  0.2025  0.      
GRID       13168        0.315   0.2025  0.      
GRID       13169        0.3175  0.2025  0.      
GRID       13170        0.32    0.2025  0.      
GRID       13171        0.3225  0.2025  0.      
GRID       13172        0.325   0.2025  0.      
GRID       13173        0.3275  0.2025  0.      
GRID       13174        0.33    0.2025  0.      
GRID       13175        0.3325  0.2025  0.      
GRID       13176        0.335   0.2025  0.      
GRID       13177        0.3375  0.2025  0.      
GRID       13178        0.34    0.2025  0.      
GRID       13179        0.3425  0.2025  0.      
GRID       13180        0.345   0.2025  0.      
GRID       13181        0.3475  0.2025  0.      
GRID       13182        0.35    0.2025  0.      
GRID       13183        0.3525  0.2025  0.      
GRID       13184        0.355   0.2025  0.      
GRID       13185        0.3575  0.2025  0.      
GRID       13186        0.36    0.2025  0.      
GRID       13187        0.3625  0.2025  0.      
GRID       13188        0.365   0.2025  0.      
GRID       13189        0.3675  0.2025  0.      
GRID       13190        0.37    0.2025  0.      
GRID       13191        0.3725  0.2025  0.      
GRID       13192        0.375   0.2025  0.      
GRID       13193        0.3775  0.2025  0.      
GRID       13194        0.38    0.2025  0.      
GRID       13195        0.3825  0.2025  0.      
GRID       13196        0.385   0.2025  0.      
GRID       13197        0.3875  0.2025  0.      
GRID       13198        0.39    0.2025  0.      
GRID       13199        0.3925  0.2025  0.      
GRID       13200        0.395   0.2025  0.      
GRID       13201        0.3975  0.2025  0.      
GRID       13202        0.4     0.2025  0.      
GRID       13203        0.      0.205   0.      
GRID       13204        0.0025  0.205   0.      
GRID       13205        0.005   0.205   0.      
GRID       13206        0.0075  0.205   0.      
GRID       13207        0.01    0.205   0.      
GRID       13208        0.0125  0.205   0.      
GRID       13209        0.015   0.205   0.      
GRID       13210        0.0175  0.205   0.      
GRID       13211        0.02    0.205   0.      
GRID       13212        0.0225  0.205   0.      
GRID       13213        0.025   0.205   0.      
GRID       13214        0.0275  0.205   0.      
GRID       13215        0.03    0.205   0.      
GRID       13216        0.0325  0.205   0.      
GRID       13217        0.035   0.205   0.      
GRID       13218        0.0375  0.205   0.      
GRID       13219        0.04    0.205   0.      
GRID       13220        0.0425  0.205   0.      
GRID       13221        0.045   0.205   0.      
GRID       13222        0.0475  0.205   0.      
GRID       13223        0.05    0.205   0.      
GRID       13224        0.0525  0.205   0.      
GRID       13225        0.055   0.205   0.      
GRID       13226        0.0575  0.205   0.      
GRID       13227        0.06    0.205   0.      
GRID       13228        0.0625  0.205   0.      
GRID       13229        0.065   0.205   0.      
GRID       13230        0.0675  0.205   0.      
GRID       13231        0.07    0.205   0.      
GRID       13232        0.0725  0.205   0.      
GRID       13233        0.075   0.205   0.      
GRID       13234        0.0775  0.205   0.      
GRID       13235        0.08    0.205   0.      
GRID       13236        0.0825  0.205   0.      
GRID       13237        0.085   0.205   0.      
GRID       13238        0.0875  0.205   0.      
GRID       13239        0.09    0.205   0.      
GRID       13240        0.0925  0.205   0.      
GRID       13241        0.095   0.205   0.      
GRID       13242        0.0975  0.205   0.      
GRID       13243        0.1     0.205   0.      
GRID       13244        0.1025  0.205   0.      
GRID       13245        0.105   0.205   0.      
GRID       13246        0.1075  0.205   0.      
GRID       13247        0.11    0.205   0.      
GRID       13248        0.1125  0.205   0.      
GRID       13249        0.115   0.205   0.      
GRID       13250        0.1175  0.205   0.      
GRID       13251        0.12    0.205   0.      
GRID       13252        0.1225  0.205   0.      
GRID       13253        0.125   0.205   0.      
GRID       13254        0.1275  0.205   0.      
GRID       13255        0.13    0.205   0.      
GRID       13256        0.1325  0.205   0.      
GRID       13257        0.135   0.205   0.      
GRID       13258        0.1375  0.205   0.      
GRID       13259        0.14    0.205   0.      
GRID       13260        0.1425  0.205   0.      
GRID       13261        0.145   0.205   0.      
GRID       13262        0.1475  0.205   0.      
GRID       13263        0.15    0.205   0.      
GRID       13264        0.1525  0.205   0.      
GRID       13265        0.155   0.205   0.      
GRID       13266        0.1575  0.205   0.      
GRID       13267        0.16    0.205   0.      
GRID       13268        0.1625  0.205   0.      
GRID       13269        0.165   0.205   0.      
GRID       13270        0.1675  0.205   0.      
GRID       13271        0.17    0.205   0.      
GRID       13272        0.1725  0.205   0.      
GRID       13273        0.175   0.205   0.      
GRID       13274        0.1775  0.205   0.      
GRID       13275        0.18    0.205   0.      
GRID       13276        0.1825  0.205   0.      
GRID       13277        0.185   0.205   0.      
GRID       13278        0.1875  0.205   0.      
GRID       13279        0.19    0.205   0.      
GRID       13280        0.1925  0.205   0.      
GRID       13281        0.195   0.205   0.      
GRID       13282        0.1975  0.205   0.      
GRID       13283        0.2     0.205   0.      
GRID       13284        0.2025  0.205   0.      
GRID       13285        0.205   0.205   0.      
GRID       13286        0.2075  0.205   0.      
GRID       13287        0.21    0.205   0.      
GRID       13288        0.2125  0.205   0.      
GRID       13289        0.215   0.205   0.      
GRID       13290        0.2175  0.205   0.      
GRID       13291        0.22    0.205   0.      
GRID       13292        0.2225  0.205   0.      
GRID       13293        0.225   0.205   0.      
GRID       13294        0.2275  0.205   0.      
GRID       13295        0.23    0.205   0.      
GRID       13296        0.2325  0.205   0.      
GRID       13297        0.235   0.205   0.      
GRID       13298        0.2375  0.205   0.      
GRID       13299        0.24    0.205   0.      
GRID       13300        0.2425  0.205   0.      
GRID       13301        0.245   0.205   0.      
GRID       13302        0.2475  0.205   0.      
GRID       13303        0.25    0.205   0.      
GRID       13304        0.2525  0.205   0.      
GRID       13305        0.255   0.205   0.      
GRID       13306        0.2575  0.205   0.      
GRID       13307        0.26    0.205   0.      
GRID       13308        0.2625  0.205   0.      
GRID       13309        0.265   0.205   0.      
GRID       13310        0.2675  0.205   0.      
GRID       13311        0.27    0.205   0.      
GRID       13312        0.2725  0.205   0.      
GRID       13313        0.275   0.205   0.      
GRID       13314        0.2775  0.205   0.      
GRID       13315        0.28    0.205   0.      
GRID       13316        0.2825  0.205   0.      
GRID       13317        0.285   0.205   0.      
GRID       13318        0.2875  0.205   0.      
GRID       13319        0.29    0.205   0.      
GRID       13320        0.2925  0.205   0.      
GRID       13321        0.295   0.205   0.      
GRID       13322        0.2975  0.205   0.      
GRID       13323        0.3     0.205   0.      
GRID       13324        0.3025  0.205   0.      
GRID       13325        0.305   0.205   0.      
GRID       13326        0.3075  0.205   0.      
GRID       13327        0.31    0.205   0.      
GRID       13328        0.3125  0.205   0.      
GRID       13329        0.315   0.205   0.      
GRID       13330        0.3175  0.205   0.      
GRID       13331        0.32    0.205   0.      
GRID       13332        0.3225  0.205   0.      
GRID       13333        0.325   0.205   0.      
GRID       13334        0.3275  0.205   0.      
GRID       13335        0.33    0.205   0.      
GRID       13336        0.3325  0.205   0.      
GRID       13337        0.335   0.205   0.      
GRID       13338        0.3375  0.205   0.      
GRID       13339        0.34    0.205   0.      
GRID       13340        0.3425  0.205   0.      
GRID       13341        0.345   0.205   0.      
GRID       13342        0.3475  0.205   0.      
GRID       13343        0.35    0.205   0.      
GRID       13344        0.3525  0.205   0.      
GRID       13345        0.355   0.205   0.      
GRID       13346        0.3575  0.205   0.      
GRID       13347        0.36    0.205   0.      
GRID       13348        0.3625  0.205   0.      
GRID       13349        0.365   0.205   0.      
GRID       13350        0.3675  0.205   0.      
GRID       13351        0.37    0.205   0.      
GRID       13352        0.3725  0.205   0.      
GRID       13353        0.375   0.205   0.      
GRID       13354        0.3775  0.205   0.      
GRID       13355        0.38    0.205   0.      
GRID       13356        0.3825  0.205   0.      
GRID       13357        0.385   0.205   0.      
GRID       13358        0.3875  0.205   0.      
GRID       13359        0.39    0.205   0.      
GRID       13360        0.3925  0.205   0.      
GRID       13361        0.395   0.205   0.      
GRID       13362        0.3975  0.205   0.      
GRID       13363        0.4     0.205   0.      
GRID       13364        0.      0.2075  0.      
GRID       13365        0.0025  0.2075  0.      
GRID       13366        0.005   0.2075  0.      
GRID       13367        0.0075  0.2075  0.      
GRID       13368        0.01    0.2075  0.      
GRID       13369        0.0125  0.2075  0.      
GRID       13370        0.015   0.2075  0.      
GRID       13371        0.0175  0.2075  0.      
GRID       13372        0.02    0.2075  0.      
GRID       13373        0.0225  0.2075  0.      
GRID       13374        0.025   0.2075  0.      
GRID       13375        0.0275  0.2075  0.      
GRID       13376        0.03    0.2075  0.      
GRID       13377        0.0325  0.2075  0.      
GRID       13378        0.035   0.2075  0.      
GRID       13379        0.0375  0.2075  0.      
GRID       13380        0.04    0.2075  0.      
GRID       13381        0.0425  0.2075  0.      
GRID       13382        0.045   0.2075  0.      
GRID       13383        0.0475  0.2075  0.      
GRID       13384        0.05    0.2075  0.      
GRID       13385        0.0525  0.2075  0.      
GRID       13386        0.055   0.2075  0.      
GRID       13387        0.0575  0.2075  0.      
GRID       13388        0.06    0.2075  0.      
GRID       13389        0.0625  0.2075  0.      
GRID       13390        0.065   0.2075  0.      
GRID       13391        0.0675  0.2075  0.      
GRID       13392        0.07    0.2075  0.      
GRID       13393        0.0725  0.2075  0.      
GRID       13394        0.075   0.2075  0.      
GRID       13395        0.0775  0.2075  0.      
GRID       13396        0.08    0.2075  0.      
GRID       13397        0.0825  0.2075  0.      
GRID       13398        0.085   0.2075  0.      
GRID       13399        0.0875  0.2075  0.      
GRID       13400        0.09    0.2075  0.      
GRID       13401        0.0925  0.2075  0.      
GRID       13402        0.095   0.2075  0.      
GRID       13403        0.0975  0.2075  0.      
GRID       13404        0.1     0.2075  0.      
GRID       13405        0.1025  0.2075  0.      
GRID       13406        0.105   0.2075  0.      
GRID       13407        0.1075  0.2075  0.      
GRID       13408        0.11    0.2075  0.      
GRID       13409        0.1125  0.2075  0.      
GRID       13410        0.115   0.2075  0.      
GRID       13411        0.1175  0.2075  0.      
GRID       13412        0.12    0.2075  0.      
GRID       13413        0.1225  0.2075  0.      
GRID       13414        0.125   0.2075  0.      
GRID       13415        0.1275  0.2075  0.      
GRID       13416        0.13    0.2075  0.      
GRID       13417        0.1325  0.2075  0.      
GRID       13418        0.135   0.2075  0.      
GRID       13419        0.1375  0.2075  0.      
GRID       13420        0.14    0.2075  0.      
GRID       13421        0.1425  0.2075  0.      
GRID       13422        0.145   0.2075  0.      
GRID       13423        0.1475  0.2075  0.      
GRID       13424        0.15    0.2075  0.      
GRID       13425        0.1525  0.2075  0.      
GRID       13426        0.155   0.2075  0.      
GRID       13427        0.1575  0.2075  0.      
GRID       13428        0.16    0.2075  0.      
GRID       13429        0.1625  0.2075  0.      
GRID       13430        0.165   0.2075  0.      
GRID       13431        0.1675  0.2075  0.      
GRID       13432        0.17    0.2075  0.      
GRID       13433        0.1725  0.2075  0.      
GRID       13434        0.175   0.2075  0.      
GRID       13435        0.1775  0.2075  0.      
GRID       13436        0.18    0.2075  0.      
GRID       13437        0.1825  0.2075  0.      
GRID       13438        0.185   0.2075  0.      
GRID       13439        0.1875  0.2075  0.      
GRID       13440        0.19    0.2075  0.      
GRID       13441        0.1925  0.2075  0.      
GRID       13442        0.195   0.2075  0.      
GRID       13443        0.1975  0.2075  0.      
GRID       13444        0.2     0.2075  0.      
GRID       13445        0.2025  0.2075  0.      
GRID       13446        0.205   0.2075  0.      
GRID       13447        0.2075  0.2075  0.      
GRID       13448        0.21    0.2075  0.      
GRID       13449        0.2125  0.2075  0.      
GRID       13450        0.215   0.2075  0.      
GRID       13451        0.2175  0.2075  0.      
GRID       13452        0.22    0.2075  0.      
GRID       13453        0.2225  0.2075  0.      
GRID       13454        0.225   0.2075  0.      
GRID       13455        0.2275  0.2075  0.      
GRID       13456        0.23    0.2075  0.      
GRID       13457        0.2325  0.2075  0.      
GRID       13458        0.235   0.2075  0.      
GRID       13459        0.2375  0.2075  0.      
GRID       13460        0.24    0.2075  0.      
GRID       13461        0.2425  0.2075  0.      
GRID       13462        0.245   0.2075  0.      
GRID       13463        0.2475  0.2075  0.      
GRID       13464        0.25    0.2075  0.      
GRID       13465        0.2525  0.2075  0.      
GRID       13466        0.255   0.2075  0.      
GRID       13467        0.2575  0.2075  0.      
GRID       13468        0.26    0.2075  0.      
GRID       13469        0.2625  0.2075  0.      
GRID       13470        0.265   0.2075  0.      
GRID       13471        0.2675  0.2075  0.      
GRID       13472        0.27    0.2075  0.      
GRID       13473        0.2725  0.2075  0.      
GRID       13474        0.275   0.2075  0.      
GRID       13475        0.2775  0.2075  0.      
GRID       13476        0.28    0.2075  0.      
GRID       13477        0.2825  0.2075  0.      
GRID       13478        0.285   0.2075  0.      
GRID       13479        0.2875  0.2075  0.      
GRID       13480        0.29    0.2075  0.      
GRID       13481        0.2925  0.2075  0.      
GRID       13482        0.295   0.2075  0.      
GRID       13483        0.2975  0.2075  0.      
GRID       13484        0.3     0.2075  0.      
GRID       13485        0.3025  0.2075  0.      
GRID       13486        0.305   0.2075  0.      
GRID       13487        0.3075  0.2075  0.      
GRID       13488        0.31    0.2075  0.      
GRID       13489        0.3125  0.2075  0.      
GRID       13490        0.315   0.2075  0.      
GRID       13491        0.3175  0.2075  0.      
GRID       13492        0.32    0.2075  0.      
GRID       13493        0.3225  0.2075  0.      
GRID       13494        0.325   0.2075  0.      
GRID       13495        0.3275  0.2075  0.      
GRID       13496        0.33    0.2075  0.      
GRID       13497        0.3325  0.2075  0.      
GRID       13498        0.335   0.2075  0.      
GRID       13499        0.3375  0.2075  0.      
GRID       13500        0.34    0.2075  0.      
GRID       13501        0.3425  0.2075  0.      
GRID       13502        0.345   0.2075  0.      
GRID       13503        0.3475  0.2075  0.      
GRID       13504        0.35    0.2075  0.      
GRID       13505        0.3525  0.2075  0.      
GRID       13506        0.355   0.2075  0.      
GRID       13507        0.3575  0.2075  0.      
GRID       13508        0.36    0.2075  0.      
GRID       13509        0.3625  0.2075  0.      
GRID       13510        0.365   0.2075  0.      
GRID       13511        0.3675  0.2075  0.      
GRID       13512        0.37    0.2075  0.      
GRID       13513        0.3725  0.2075  0.      
GRID       13514        0.375   0.2075  0.      
GRID       13515        0.3775  0.2075  0.      
GRID       13516        0.38    0.2075  0.      
GRID       13517        0.3825  0.2075  0.      
GRID       13518        0.385   0.2075  0.      
GRID       13519        0.3875  0.2075  0.      
GRID       13520        0.39    0.2075  0.      
GRID       13521        0.3925  0.2075  0.      
GRID       13522        0.395   0.2075  0.      
GRID       13523        0.3975  0.2075  0.      
GRID       13524        0.4     0.2075  0.      
GRID       13525        0.      0.21    0.      
GRID       13526        0.0025  0.21    0.      
GRID       13527        0.005   0.21    0.      
GRID       13528        0.0075  0.21    0.      
GRID       13529        0.01    0.21    0.      
GRID       13530        0.0125  0.21    0.      
GRID       13531        0.015   0.21    0.      
GRID       13532        0.0175  0.21    0.      
GRID       13533        0.02    0.21    0.      
GRID       13534        0.0225  0.21    0.      
GRID       13535        0.025   0.21    0.      
GRID       13536        0.0275  0.21    0.      
GRID       13537        0.03    0.21    0.      
GRID       13538        0.0325  0.21    0.      
GRID       13539        0.035   0.21    0.      
GRID       13540        0.0375  0.21    0.      
GRID       13541        0.04    0.21    0.      
GRID       13542        0.0425  0.21    0.      
GRID       13543        0.045   0.21    0.      
GRID       13544        0.0475  0.21    0.      
GRID       13545        0.05    0.21    0.      
GRID       13546        0.0525  0.21    0.      
GRID       13547        0.055   0.21    0.      
GRID       13548        0.0575  0.21    0.      
GRID       13549        0.06    0.21    0.      
GRID       13550        0.0625  0.21    0.      
GRID       13551        0.065   0.21    0.      
GRID       13552        0.0675  0.21    0.      
GRID       13553        0.07    0.21    0.      
GRID       13554        0.0725  0.21    0.      
GRID       13555        0.075   0.21    0.      
GRID       13556        0.0775  0.21    0.      
GRID       13557        0.08    0.21    0.      
GRID       13558        0.0825  0.21    0.      
GRID       13559        0.085   0.21    0.      
GRID       13560        0.0875  0.21    0.      
GRID       13561        0.09    0.21    0.      
GRID       13562        0.0925  0.21    0.      
GRID       13563        0.095   0.21    0.      
GRID       13564        0.0975  0.21    0.      
GRID       13565        0.1     0.21    0.      
GRID       13566        0.1025  0.21    0.      
GRID       13567        0.105   0.21    0.      
GRID       13568        0.1075  0.21    0.      
GRID       13569        0.11    0.21    0.      
GRID       13570        0.1125  0.21    0.      
GRID       13571        0.115   0.21    0.      
GRID       13572        0.1175  0.21    0.      
GRID       13573        0.12    0.21    0.      
GRID       13574        0.1225  0.21    0.      
GRID       13575        0.125   0.21    0.      
GRID       13576        0.1275  0.21    0.      
GRID       13577        0.13    0.21    0.      
GRID       13578        0.1325  0.21    0.      
GRID       13579        0.135   0.21    0.      
GRID       13580        0.1375  0.21    0.      
GRID       13581        0.14    0.21    0.      
GRID       13582        0.1425  0.21    0.      
GRID       13583        0.145   0.21    0.      
GRID       13584        0.1475  0.21    0.      
GRID       13585        0.15    0.21    0.      
GRID       13586        0.1525  0.21    0.      
GRID       13587        0.155   0.21    0.      
GRID       13588        0.1575  0.21    0.      
GRID       13589        0.16    0.21    0.      
GRID       13590        0.1625  0.21    0.      
GRID       13591        0.165   0.21    0.      
GRID       13592        0.1675  0.21    0.      
GRID       13593        0.17    0.21    0.      
GRID       13594        0.1725  0.21    0.      
GRID       13595        0.175   0.21    0.      
GRID       13596        0.1775  0.21    0.      
GRID       13597        0.18    0.21    0.      
GRID       13598        0.1825  0.21    0.      
GRID       13599        0.185   0.21    0.      
GRID       13600        0.1875  0.21    0.      
GRID       13601        0.19    0.21    0.      
GRID       13602        0.1925  0.21    0.      
GRID       13603        0.195   0.21    0.      
GRID       13604        0.1975  0.21    0.      
GRID       13605        0.2     0.21    0.      
GRID       13606        0.2025  0.21    0.      
GRID       13607        0.205   0.21    0.      
GRID       13608        0.2075  0.21    0.      
GRID       13609        0.21    0.21    0.      
GRID       13610        0.2125  0.21    0.      
GRID       13611        0.215   0.21    0.      
GRID       13612        0.2175  0.21    0.      
GRID       13613        0.22    0.21    0.      
GRID       13614        0.2225  0.21    0.      
GRID       13615        0.225   0.21    0.      
GRID       13616        0.2275  0.21    0.      
GRID       13617        0.23    0.21    0.      
GRID       13618        0.2325  0.21    0.      
GRID       13619        0.235   0.21    0.      
GRID       13620        0.2375  0.21    0.      
GRID       13621        0.24    0.21    0.      
GRID       13622        0.2425  0.21    0.      
GRID       13623        0.245   0.21    0.      
GRID       13624        0.2475  0.21    0.      
GRID       13625        0.25    0.21    0.      
GRID       13626        0.2525  0.21    0.      
GRID       13627        0.255   0.21    0.      
GRID       13628        0.2575  0.21    0.      
GRID       13629        0.26    0.21    0.      
GRID       13630        0.2625  0.21    0.      
GRID       13631        0.265   0.21    0.      
GRID       13632        0.2675  0.21    0.      
GRID       13633        0.27    0.21    0.      
GRID       13634        0.2725  0.21    0.      
GRID       13635        0.275   0.21    0.      
GRID       13636        0.2775  0.21    0.      
GRID       13637        0.28    0.21    0.      
GRID       13638        0.2825  0.21    0.      
GRID       13639        0.285   0.21    0.      
GRID       13640        0.2875  0.21    0.      
GRID       13641        0.29    0.21    0.      
GRID       13642        0.2925  0.21    0.      
GRID       13643        0.295   0.21    0.      
GRID       13644        0.2975  0.21    0.      
GRID       13645        0.3     0.21    0.      
GRID       13646        0.3025  0.21    0.      
GRID       13647        0.305   0.21    0.      
GRID       13648        0.3075  0.21    0.      
GRID       13649        0.31    0.21    0.      
GRID       13650        0.3125  0.21    0.      
GRID       13651        0.315   0.21    0.      
GRID       13652        0.3175  0.21    0.      
GRID       13653        0.32    0.21    0.      
GRID       13654        0.3225  0.21    0.      
GRID       13655        0.325   0.21    0.      
GRID       13656        0.3275  0.21    0.      
GRID       13657        0.33    0.21    0.      
GRID       13658        0.3325  0.21    0.      
GRID       13659        0.335   0.21    0.      
GRID       13660        0.3375  0.21    0.      
GRID       13661        0.34    0.21    0.      
GRID       13662        0.3425  0.21    0.      
GRID       13663        0.345   0.21    0.      
GRID       13664        0.3475  0.21    0.      
GRID       13665        0.35    0.21    0.      
GRID       13666        0.3525  0.21    0.      
GRID       13667        0.355   0.21    0.      
GRID       13668        0.3575  0.21    0.      
GRID       13669        0.36    0.21    0.      
GRID       13670        0.3625  0.21    0.      
GRID       13671        0.365   0.21    0.      
GRID       13672        0.3675  0.21    0.      
GRID       13673        0.37    0.21    0.      
GRID       13674        0.3725  0.21    0.      
GRID       13675        0.375   0.21    0.      
GRID       13676        0.3775  0.21    0.      
GRID       13677        0.38    0.21    0.      
GRID       13678        0.3825  0.21    0.      
GRID       13679        0.385   0.21    0.      
GRID       13680        0.3875  0.21    0.      
GRID       13681        0.39    0.21    0.      
GRID       13682        0.3925  0.21    0.      
GRID       13683        0.395   0.21    0.      
GRID       13684        0.3975  0.21    0.      
GRID       13685        0.4     0.21    0.      
GRID       13686        0.      0.2125  0.      
GRID       13687        0.0025  0.2125  0.      
GRID       13688        0.005   0.2125  0.      
GRID       13689        0.0075  0.2125  0.      
GRID       13690        0.01    0.2125  0.      
GRID       13691        0.0125  0.2125  0.      
GRID       13692        0.015   0.2125  0.      
GRID       13693        0.0175  0.2125  0.      
GRID       13694        0.02    0.2125  0.      
GRID       13695        0.0225  0.2125  0.      
GRID       13696        0.025   0.2125  0.      
GRID       13697        0.0275  0.2125  0.      
GRID       13698        0.03    0.2125  0.      
GRID       13699        0.0325  0.2125  0.      
GRID       13700        0.035   0.2125  0.      
GRID       13701        0.0375  0.2125  0.      
GRID       13702        0.04    0.2125  0.      
GRID       13703        0.0425  0.2125  0.      
GRID       13704        0.045   0.2125  0.      
GRID       13705        0.0475  0.2125  0.      
GRID       13706        0.05    0.2125  0.      
GRID       13707        0.0525  0.2125  0.      
GRID       13708        0.055   0.2125  0.      
GRID       13709        0.0575  0.2125  0.      
GRID       13710        0.06    0.2125  0.      
GRID       13711        0.0625  0.2125  0.      
GRID       13712        0.065   0.2125  0.      
GRID       13713        0.0675  0.2125  0.      
GRID       13714        0.07    0.2125  0.      
GRID       13715        0.0725  0.2125  0.      
GRID       13716        0.075   0.2125  0.      
GRID       13717        0.0775  0.2125  0.      
GRID       13718        0.08    0.2125  0.      
GRID       13719        0.0825  0.2125  0.      
GRID       13720        0.085   0.2125  0.      
GRID       13721        0.0875  0.2125  0.      
GRID       13722        0.09    0.2125  0.      
GRID       13723        0.0925  0.2125  0.      
GRID       13724        0.095   0.2125  0.      
GRID       13725        0.0975  0.2125  0.      
GRID       13726        0.1     0.2125  0.      
GRID       13727        0.1025  0.2125  0.      
GRID       13728        0.105   0.2125  0.      
GRID       13729        0.1075  0.2125  0.      
GRID       13730        0.11    0.2125  0.      
GRID       13731        0.1125  0.2125  0.      
GRID       13732        0.115   0.2125  0.      
GRID       13733        0.1175  0.2125  0.      
GRID       13734        0.12    0.2125  0.      
GRID       13735        0.1225  0.2125  0.      
GRID       13736        0.125   0.2125  0.      
GRID       13737        0.1275  0.2125  0.      
GRID       13738        0.13    0.2125  0.      
GRID       13739        0.1325  0.2125  0.      
GRID       13740        0.135   0.2125  0.      
GRID       13741        0.1375  0.2125  0.      
GRID       13742        0.14    0.2125  0.      
GRID       13743        0.1425  0.2125  0.      
GRID       13744        0.145   0.2125  0.      
GRID       13745        0.1475  0.2125  0.      
GRID       13746        0.15    0.2125  0.      
GRID       13747        0.1525  0.2125  0.      
GRID       13748        0.155   0.2125  0.      
GRID       13749        0.1575  0.2125  0.      
GRID       13750        0.16    0.2125  0.      
GRID       13751        0.1625  0.2125  0.      
GRID       13752        0.165   0.2125  0.      
GRID       13753        0.1675  0.2125  0.      
GRID       13754        0.17    0.2125  0.      
GRID       13755        0.1725  0.2125  0.      
GRID       13756        0.175   0.2125  0.      
GRID       13757        0.1775  0.2125  0.      
GRID       13758        0.18    0.2125  0.      
GRID       13759        0.1825  0.2125  0.      
GRID       13760        0.185   0.2125  0.      
GRID       13761        0.1875  0.2125  0.      
GRID       13762        0.19    0.2125  0.      
GRID       13763        0.1925  0.2125  0.      
GRID       13764        0.195   0.2125  0.      
GRID       13765        0.1975  0.2125  0.      
GRID       13766        0.2     0.2125  0.      
GRID       13767        0.2025  0.2125  0.      
GRID       13768        0.205   0.2125  0.      
GRID       13769        0.2075  0.2125  0.      
GRID       13770        0.21    0.2125  0.      
GRID       13771        0.2125  0.2125  0.      
GRID       13772        0.215   0.2125  0.      
GRID       13773        0.2175  0.2125  0.      
GRID       13774        0.22    0.2125  0.      
GRID       13775        0.2225  0.2125  0.      
GRID       13776        0.225   0.2125  0.      
GRID       13777        0.2275  0.2125  0.      
GRID       13778        0.23    0.2125  0.      
GRID       13779        0.2325  0.2125  0.      
GRID       13780        0.235   0.2125  0.      
GRID       13781        0.2375  0.2125  0.      
GRID       13782        0.24    0.2125  0.      
GRID       13783        0.2425  0.2125  0.      
GRID       13784        0.245   0.2125  0.      
GRID       13785        0.2475  0.2125  0.      
GRID       13786        0.25    0.2125  0.      
GRID       13787        0.2525  0.2125  0.      
GRID       13788        0.255   0.2125  0.      
GRID       13789        0.2575  0.2125  0.      
GRID       13790        0.26    0.2125  0.      
GRID       13791        0.2625  0.2125  0.      
GRID       13792        0.265   0.2125  0.      
GRID       13793        0.2675  0.2125  0.      
GRID       13794        0.27    0.2125  0.      
GRID       13795        0.2725  0.2125  0.      
GRID       13796        0.275   0.2125  0.      
GRID       13797        0.2775  0.2125  0.      
GRID       13798        0.28    0.2125  0.      
GRID       13799        0.2825  0.2125  0.      
GRID       13800        0.285   0.2125  0.      
GRID       13801        0.2875  0.2125  0.      
GRID       13802        0.29    0.2125  0.      
GRID       13803        0.2925  0.2125  0.      
GRID       13804        0.295   0.2125  0.      
GRID       13805        0.2975  0.2125  0.      
GRID       13806        0.3     0.2125  0.      
GRID       13807        0.3025  0.2125  0.      
GRID       13808        0.305   0.2125  0.      
GRID       13809        0.3075  0.2125  0.      
GRID       13810        0.31    0.2125  0.      
GRID       13811        0.3125  0.2125  0.      
GRID       13812        0.315   0.2125  0.      
GRID       13813        0.3175  0.2125  0.      
GRID       13814        0.32    0.2125  0.      
GRID       13815        0.3225  0.2125  0.      
GRID       13816        0.325   0.2125  0.      
GRID       13817        0.3275  0.2125  0.      
GRID       13818        0.33    0.2125  0.      
GRID       13819        0.3325  0.2125  0.      
GRID       13820        0.335   0.2125  0.      
GRID       13821        0.3375  0.2125  0.      
GRID       13822        0.34    0.2125  0.      
GRID       13823        0.3425  0.2125  0.      
GRID       13824        0.345   0.2125  0.      
GRID       13825        0.3475  0.2125  0.      
GRID       13826        0.35    0.2125  0.      
GRID       13827        0.3525  0.2125  0.      
GRID       13828        0.355   0.2125  0.      
GRID       13829        0.3575  0.2125  0.      
GRID       13830        0.36    0.2125  0.      
GRID       13831        0.3625  0.2125  0.      
GRID       13832        0.365   0.2125  0.      
GRID       13833        0.3675  0.2125  0.      
GRID       13834        0.37    0.2125  0.      
GRID       13835        0.3725  0.2125  0.      
GRID       13836        0.375   0.2125  0.      
GRID       13837        0.3775  0.2125  0.      
GRID       13838        0.38    0.2125  0.      
GRID       13839        0.3825  0.2125  0.      
GRID       13840        0.385   0.2125  0.      
GRID       13841        0.3875  0.2125  0.      
GRID       13842        0.39    0.2125  0.      
GRID       13843        0.3925  0.2125  0.      
GRID       13844        0.395   0.2125  0.      
GRID       13845        0.3975  0.2125  0.      
GRID       13846        0.4     0.2125  0.      
GRID       13847        0.      0.215   0.      
GRID       13848        0.0025  0.215   0.      
GRID       13849        0.005   0.215   0.      
GRID       13850        0.0075  0.215   0.      
GRID       13851        0.01    0.215   0.      
GRID       13852        0.0125  0.215   0.      
GRID       13853        0.015   0.215   0.      
GRID       13854        0.0175  0.215   0.      
GRID       13855        0.02    0.215   0.      
GRID       13856        0.0225  0.215   0.      
GRID       13857        0.025   0.215   0.      
GRID       13858        0.0275  0.215   0.      
GRID       13859        0.03    0.215   0.      
GRID       13860        0.0325  0.215   0.      
GRID       13861        0.035   0.215   0.      
GRID       13862        0.0375  0.215   0.      
GRID       13863        0.04    0.215   0.      
GRID       13864        0.0425  0.215   0.      
GRID       13865        0.045   0.215   0.      
GRID       13866        0.0475  0.215   0.      
GRID       13867        0.05    0.215   0.      
GRID       13868        0.0525  0.215   0.      
GRID       13869        0.055   0.215   0.      
GRID       13870        0.0575  0.215   0.      
GRID       13871        0.06    0.215   0.      
GRID       13872        0.0625  0.215   0.      
GRID       13873        0.065   0.215   0.      
GRID       13874        0.0675  0.215   0.      
GRID       13875        0.07    0.215   0.      
GRID       13876        0.0725  0.215   0.      
GRID       13877        0.075   0.215   0.      
GRID       13878        0.0775  0.215   0.      
GRID       13879        0.08    0.215   0.      
GRID       13880        0.0825  0.215   0.      
GRID       13881        0.085   0.215   0.      
GRID       13882        0.0875  0.215   0.      
GRID       13883        0.09    0.215   0.      
GRID       13884        0.0925  0.215   0.      
GRID       13885        0.095   0.215   0.      
GRID       13886        0.0975  0.215   0.      
GRID       13887        0.1     0.215   0.      
GRID       13888        0.1025  0.215   0.      
GRID       13889        0.105   0.215   0.      
GRID       13890        0.1075  0.215   0.      
GRID       13891        0.11    0.215   0.      
GRID       13892        0.1125  0.215   0.      
GRID       13893        0.115   0.215   0.      
GRID       13894        0.1175  0.215   0.      
GRID       13895        0.12    0.215   0.      
GRID       13896        0.1225  0.215   0.      
GRID       13897        0.125   0.215   0.      
GRID       13898        0.1275  0.215   0.      
GRID       13899        0.13    0.215   0.      
GRID       13900        0.1325  0.215   0.      
GRID       13901        0.135   0.215   0.      
GRID       13902        0.1375  0.215   0.      
GRID       13903        0.14    0.215   0.      
GRID       13904        0.1425  0.215   0.      
GRID       13905        0.145   0.215   0.      
GRID       13906        0.1475  0.215   0.      
GRID       13907        0.15    0.215   0.      
GRID       13908        0.1525  0.215   0.      
GRID       13909        0.155   0.215   0.      
GRID       13910        0.1575  0.215   0.      
GRID       13911        0.16    0.215   0.      
GRID       13912        0.1625  0.215   0.      
GRID       13913        0.165   0.215   0.      
GRID       13914        0.1675  0.215   0.      
GRID       13915        0.17    0.215   0.      
GRID       13916        0.1725  0.215   0.      
GRID       13917        0.175   0.215   0.      
GRID       13918        0.1775  0.215   0.      
GRID       13919        0.18    0.215   0.      
GRID       13920        0.1825  0.215   0.      
GRID       13921        0.185   0.215   0.      
GRID       13922        0.1875  0.215   0.      
GRID       13923        0.19    0.215   0.      
GRID       13924        0.1925  0.215   0.      
GRID       13925        0.195   0.215   0.      
GRID       13926        0.1975  0.215   0.      
GRID       13927        0.2     0.215   0.      
GRID       13928        0.2025  0.215   0.      
GRID       13929        0.205   0.215   0.      
GRID       13930        0.2075  0.215   0.      
GRID       13931        0.21    0.215   0.      
GRID       13932        0.2125  0.215   0.      
GRID       13933        0.215   0.215   0.      
GRID       13934        0.2175  0.215   0.      
GRID       13935        0.22    0.215   0.      
GRID       13936        0.2225  0.215   0.      
GRID       13937        0.225   0.215   0.      
GRID       13938        0.2275  0.215   0.      
GRID       13939        0.23    0.215   0.      
GRID       13940        0.2325  0.215   0.      
GRID       13941        0.235   0.215   0.      
GRID       13942        0.2375  0.215   0.      
GRID       13943        0.24    0.215   0.      
GRID       13944        0.2425  0.215   0.      
GRID       13945        0.245   0.215   0.      
GRID       13946        0.2475  0.215   0.      
GRID       13947        0.25    0.215   0.      
GRID       13948        0.2525  0.215   0.      
GRID       13949        0.255   0.215   0.      
GRID       13950        0.2575  0.215   0.      
GRID       13951        0.26    0.215   0.      
GRID       13952        0.2625  0.215   0.      
GRID       13953        0.265   0.215   0.      
GRID       13954        0.2675  0.215   0.      
GRID       13955        0.27    0.215   0.      
GRID       13956        0.2725  0.215   0.      
GRID       13957        0.275   0.215   0.      
GRID       13958        0.2775  0.215   0.      
GRID       13959        0.28    0.215   0.      
GRID       13960        0.2825  0.215   0.      
GRID       13961        0.285   0.215   0.      
GRID       13962        0.2875  0.215   0.      
GRID       13963        0.29    0.215   0.      
GRID       13964        0.2925  0.215   0.      
GRID       13965        0.295   0.215   0.      
GRID       13966        0.2975  0.215   0.      
GRID       13967        0.3     0.215   0.      
GRID       13968        0.3025  0.215   0.      
GRID       13969        0.305   0.215   0.      
GRID       13970        0.3075  0.215   0.      
GRID       13971        0.31    0.215   0.      
GRID       13972        0.3125  0.215   0.      
GRID       13973        0.315   0.215   0.      
GRID       13974        0.3175  0.215   0.      
GRID       13975        0.32    0.215   0.      
GRID       13976        0.3225  0.215   0.      
GRID       13977        0.325   0.215   0.      
GRID       13978        0.3275  0.215   0.      
GRID       13979        0.33    0.215   0.      
GRID       13980        0.3325  0.215   0.      
GRID       13981        0.335   0.215   0.      
GRID       13982        0.3375  0.215   0.      
GRID       13983        0.34    0.215   0.      
GRID       13984        0.3425  0.215   0.      
GRID       13985        0.345   0.215   0.      
GRID       13986        0.3475  0.215   0.      
GRID       13987        0.35    0.215   0.      
GRID       13988        0.3525  0.215   0.      
GRID       13989        0.355   0.215   0.      
GRID       13990        0.3575  0.215   0.      
GRID       13991        0.36    0.215   0.      
GRID       13992        0.3625  0.215   0.      
GRID       13993        0.365   0.215   0.      
GRID       13994        0.3675  0.215   0.      
GRID       13995        0.37    0.215   0.      
GRID       13996        0.3725  0.215   0.      
GRID       13997        0.375   0.215   0.      
GRID       13998        0.3775  0.215   0.      
GRID       13999        0.38    0.215   0.      
GRID       14000        0.3825  0.215   0.      
GRID       14001        0.385   0.215   0.      
GRID       14002        0.3875  0.215   0.      
GRID       14003        0.39    0.215   0.      
GRID       14004        0.3925  0.215   0.      
GRID       14005        0.395   0.215   0.      
GRID       14006        0.3975  0.215   0.      
GRID       14007        0.4     0.215   0.      
GRID       14008        0.      0.2175  0.      
GRID       14009        0.0025  0.2175  0.      
GRID       14010        0.005   0.2175  0.      
GRID       14011        0.0075  0.2175  0.      
GRID       14012        0.01    0.2175  0.      
GRID       14013        0.0125  0.2175  0.      
GRID       14014        0.015   0.2175  0.      
GRID       14015        0.0175  0.2175  0.      
GRID       14016        0.02    0.2175  0.      
GRID       14017        0.0225  0.2175  0.      
GRID       14018        0.025   0.2175  0.      
GRID       14019        0.0275  0.2175  0.      
GRID       14020        0.03    0.2175  0.      
GRID       14021        0.0325  0.2175  0.      
GRID       14022        0.035   0.2175  0.      
GRID       14023        0.0375  0.2175  0.      
GRID       14024        0.04    0.2175  0.      
GRID       14025        0.0425  0.2175  0.      
GRID       14026        0.045   0.2175  0.      
GRID       14027        0.0475  0.2175  0.      
GRID       14028        0.05    0.2175  0.      
GRID       14029        0.0525  0.2175  0.      
GRID       14030        0.055   0.2175  0.      
GRID       14031        0.0575  0.2175  0.      
GRID       14032        0.06    0.2175  0.      
GRID       14033        0.0625  0.2175  0.      
GRID       14034        0.065   0.2175  0.      
GRID       14035        0.0675  0.2175  0.      
GRID       14036        0.07    0.2175  0.      
GRID       14037        0.0725  0.2175  0.      
GRID       14038        0.075   0.2175  0.      
GRID       14039        0.0775  0.2175  0.      
GRID       14040        0.08    0.2175  0.      
GRID       14041        0.0825  0.2175  0.      
GRID       14042        0.085   0.2175  0.      
GRID       14043        0.0875  0.2175  0.      
GRID       14044        0.09    0.2175  0.      
GRID       14045        0.0925  0.2175  0.      
GRID       14046        0.095   0.2175  0.      
GRID       14047        0.0975  0.2175  0.      
GRID       14048        0.1     0.2175  0.      
GRID       14049        0.1025  0.2175  0.      
GRID       14050        0.105   0.2175  0.      
GRID       14051        0.1075  0.2175  0.      
GRID       14052        0.11    0.2175  0.      
GRID       14053        0.1125  0.2175  0.      
GRID       14054        0.115   0.2175  0.      
GRID       14055        0.1175  0.2175  0.      
GRID       14056        0.12    0.2175  0.      
GRID       14057        0.1225  0.2175  0.      
GRID       14058        0.125   0.2175  0.      
GRID       14059        0.1275  0.2175  0.      
GRID       14060        0.13    0.2175  0.      
GRID       14061        0.1325  0.2175  0.      
GRID       14062        0.135   0.2175  0.      
GRID       14063        0.1375  0.2175  0.      
GRID       14064        0.14    0.2175  0.      
GRID       14065        0.1425  0.2175  0.      
GRID       14066        0.145   0.2175  0.      
GRID       14067        0.1475  0.2175  0.      
GRID       14068        0.15    0.2175  0.      
GRID       14069        0.1525  0.2175  0.      
GRID       14070        0.155   0.2175  0.      
GRID       14071        0.1575  0.2175  0.      
GRID       14072        0.16    0.2175  0.      
GRID       14073        0.1625  0.2175  0.      
GRID       14074        0.165   0.2175  0.      
GRID       14075        0.1675  0.2175  0.      
GRID       14076        0.17    0.2175  0.      
GRID       14077        0.1725  0.2175  0.      
GRID       14078        0.175   0.2175  0.      
GRID       14079        0.1775  0.2175  0.      
GRID       14080        0.18    0.2175  0.      
GRID       14081        0.1825  0.2175  0.      
GRID       14082        0.185   0.2175  0.      
GRID       14083        0.1875  0.2175  0.      
GRID       14084        0.19    0.2175  0.      
GRID       14085        0.1925  0.2175  0.      
GRID       14086        0.195   0.2175  0.      
GRID       14087        0.1975  0.2175  0.      
GRID       14088        0.2     0.2175  0.      
GRID       14089        0.2025  0.2175  0.      
GRID       14090        0.205   0.2175  0.      
GRID       14091        0.2075  0.2175  0.      
GRID       14092        0.21    0.2175  0.      
GRID       14093        0.2125  0.2175  0.      
GRID       14094        0.215   0.2175  0.      
GRID       14095        0.2175  0.2175  0.      
GRID       14096        0.22    0.2175  0.      
GRID       14097        0.2225  0.2175  0.      
GRID       14098        0.225   0.2175  0.      
GRID       14099        0.2275  0.2175  0.      
GRID       14100        0.23    0.2175  0.      
GRID       14101        0.2325  0.2175  0.      
GRID       14102        0.235   0.2175  0.      
GRID       14103        0.2375  0.2175  0.      
GRID       14104        0.24    0.2175  0.      
GRID       14105        0.2425  0.2175  0.      
GRID       14106        0.245   0.2175  0.      
GRID       14107        0.2475  0.2175  0.      
GRID       14108        0.25    0.2175  0.      
GRID       14109        0.2525  0.2175  0.      
GRID       14110        0.255   0.2175  0.      
GRID       14111        0.2575  0.2175  0.      
GRID       14112        0.26    0.2175  0.      
GRID       14113        0.2625  0.2175  0.      
GRID       14114        0.265   0.2175  0.      
GRID       14115        0.2675  0.2175  0.      
GRID       14116        0.27    0.2175  0.      
GRID       14117        0.2725  0.2175  0.      
GRID       14118        0.275   0.2175  0.      
GRID       14119        0.2775  0.2175  0.      
GRID       14120        0.28    0.2175  0.      
GRID       14121        0.2825  0.2175  0.      
GRID       14122        0.285   0.2175  0.      
GRID       14123        0.2875  0.2175  0.      
GRID       14124        0.29    0.2175  0.      
GRID       14125        0.2925  0.2175  0.      
GRID       14126        0.295   0.2175  0.      
GRID       14127        0.2975  0.2175  0.      
GRID       14128        0.3     0.2175  0.      
GRID       14129        0.3025  0.2175  0.      
GRID       14130        0.305   0.2175  0.      
GRID       14131        0.3075  0.2175  0.      
GRID       14132        0.31    0.2175  0.      
GRID       14133        0.3125  0.2175  0.      
GRID       14134        0.315   0.2175  0.      
GRID       14135        0.3175  0.2175  0.      
GRID       14136        0.32    0.2175  0.      
GRID       14137        0.3225  0.2175  0.      
GRID       14138        0.325   0.2175  0.      
GRID       14139        0.3275  0.2175  0.      
GRID       14140        0.33    0.2175  0.      
GRID       14141        0.3325  0.2175  0.      
GRID       14142        0.335   0.2175  0.      
GRID       14143        0.3375  0.2175  0.      
GRID       14144        0.34    0.2175  0.      
GRID       14145        0.3425  0.2175  0.      
GRID       14146        0.345   0.2175  0.      
GRID       14147        0.3475  0.2175  0.      
GRID       14148        0.35    0.2175  0.      
GRID       14149        0.3525  0.2175  0.      
GRID       14150        0.355   0.2175  0.      
GRID       14151        0.3575  0.2175  0.      
GRID       14152        0.36    0.2175  0.      
GRID       14153        0.3625  0.2175  0.      
GRID       14154        0.365   0.2175  0.      
GRID       14155        0.3675  0.2175  0.      
GRID       14156        0.37    0.2175  0.      
GRID       14157        0.3725  0.2175  0.      
GRID       14158        0.375   0.2175  0.      
GRID       14159        0.3775  0.2175  0.      
GRID       14160        0.38    0.2175  0.      
GRID       14161        0.3825  0.2175  0.      
GRID       14162        0.385   0.2175  0.      
GRID       14163        0.3875  0.2175  0.      
GRID       14164        0.39    0.2175  0.      
GRID       14165        0.3925  0.2175  0.      
GRID       14166        0.395   0.2175  0.      
GRID       14167        0.3975  0.2175  0.      
GRID       14168        0.4     0.2175  0.      
GRID       14169        0.      0.22    0.      
GRID       14170        0.0025  0.22    0.      
GRID       14171        0.005   0.22    0.      
GRID       14172        0.0075  0.22    0.      
GRID       14173        0.01    0.22    0.      
GRID       14174        0.0125  0.22    0.      
GRID       14175        0.015   0.22    0.      
GRID       14176        0.0175  0.22    0.      
GRID       14177        0.02    0.22    0.      
GRID       14178        0.0225  0.22    0.      
GRID       14179        0.025   0.22    0.      
GRID       14180        0.0275  0.22    0.      
GRID       14181        0.03    0.22    0.      
GRID       14182        0.0325  0.22    0.      
GRID       14183        0.035   0.22    0.      
GRID       14184        0.0375  0.22    0.      
GRID       14185        0.04    0.22    0.      
GRID       14186        0.0425  0.22    0.      
GRID       14187        0.045   0.22    0.      
GRID       14188        0.0475  0.22    0.      
GRID       14189        0.05    0.22    0.      
GRID       14190        0.0525  0.22    0.      
GRID       14191        0.055   0.22    0.      
GRID       14192        0.0575  0.22    0.      
GRID       14193        0.06    0.22    0.      
GRID       14194        0.0625  0.22    0.      
GRID       14195        0.065   0.22    0.      
GRID       14196        0.0675  0.22    0.      
GRID       14197        0.07    0.22    0.      
GRID       14198        0.0725  0.22    0.      
GRID       14199        0.075   0.22    0.      
GRID       14200        0.0775  0.22    0.      
GRID       14201        0.08    0.22    0.      
GRID       14202        0.0825  0.22    0.      
GRID       14203        0.085   0.22    0.      
GRID       14204        0.0875  0.22    0.      
GRID       14205        0.09    0.22    0.      
GRID       14206        0.0925  0.22    0.      
GRID       14207        0.095   0.22    0.      
GRID       14208        0.0975  0.22    0.      
GRID       14209        0.1     0.22    0.      
GRID       14210        0.1025  0.22    0.      
GRID       14211        0.105   0.22    0.      
GRID       14212        0.1075  0.22    0.      
GRID       14213        0.11    0.22    0.      
GRID       14214        0.1125  0.22    0.      
GRID       14215        0.115   0.22    0.      
GRID       14216        0.1175  0.22    0.      
GRID       14217        0.12    0.22    0.      
GRID       14218        0.1225  0.22    0.      
GRID       14219        0.125   0.22    0.      
GRID       14220        0.1275  0.22    0.      
GRID       14221        0.13    0.22    0.      
GRID       14222        0.1325  0.22    0.      
GRID       14223        0.135   0.22    0.      
GRID       14224        0.1375  0.22    0.      
GRID       14225        0.14    0.22    0.      
GRID       14226        0.1425  0.22    0.      
GRID       14227        0.145   0.22    0.      
GRID       14228        0.1475  0.22    0.      
GRID       14229        0.15    0.22    0.      
GRID       14230        0.1525  0.22    0.      
GRID       14231        0.155   0.22    0.      
GRID       14232        0.1575  0.22    0.      
GRID       14233        0.16    0.22    0.      
GRID       14234        0.1625  0.22    0.      
GRID       14235        0.165   0.22    0.      
GRID       14236        0.1675  0.22    0.      
GRID       14237        0.17    0.22    0.      
GRID       14238        0.1725  0.22    0.      
GRID       14239        0.175   0.22    0.      
GRID       14240        0.1775  0.22    0.      
GRID       14241        0.18    0.22    0.      
GRID       14242        0.1825  0.22    0.      
GRID       14243        0.185   0.22    0.      
GRID       14244        0.1875  0.22    0.      
GRID       14245        0.19    0.22    0.      
GRID       14246        0.1925  0.22    0.      
GRID       14247        0.195   0.22    0.      
GRID       14248        0.1975  0.22    0.      
GRID       14249        0.2     0.22    0.      
GRID       14250        0.2025  0.22    0.      
GRID       14251        0.205   0.22    0.      
GRID       14252        0.2075  0.22    0.      
GRID       14253        0.21    0.22    0.      
GRID       14254        0.2125  0.22    0.      
GRID       14255        0.215   0.22    0.      
GRID       14256        0.2175  0.22    0.      
GRID       14257        0.22    0.22    0.      
GRID       14258        0.2225  0.22    0.      
GRID       14259        0.225   0.22    0.      
GRID       14260        0.2275  0.22    0.      
GRID       14261        0.23    0.22    0.      
GRID       14262        0.2325  0.22    0.      
GRID       14263        0.235   0.22    0.      
GRID       14264        0.2375  0.22    0.      
GRID       14265        0.24    0.22    0.      
GRID       14266        0.2425  0.22    0.      
GRID       14267        0.245   0.22    0.      
GRID       14268        0.2475  0.22    0.      
GRID       14269        0.25    0.22    0.      
GRID       14270        0.2525  0.22    0.      
GRID       14271        0.255   0.22    0.      
GRID       14272        0.2575  0.22    0.      
GRID       14273        0.26    0.22    0.      
GRID       14274        0.2625  0.22    0.      
GRID       14275        0.265   0.22    0.      
GRID       14276        0.2675  0.22    0.      
GRID       14277        0.27    0.22    0.      
GRID       14278        0.2725  0.22    0.      
GRID       14279        0.275   0.22    0.      
GRID       14280        0.2775  0.22    0.      
GRID       14281        0.28    0.22    0.      
GRID       14282        0.2825  0.22    0.      
GRID       14283        0.285   0.22    0.      
GRID       14284        0.2875  0.22    0.      
GRID       14285        0.29    0.22    0.      
GRID       14286        0.2925  0.22    0.      
GRID       14287        0.295   0.22    0.      
GRID       14288        0.2975  0.22    0.      
GRID       14289        0.3     0.22    0.      
GRID       14290        0.3025  0.22    0.      
GRID       14291        0.305   0.22    0.      
GRID       14292        0.3075  0.22    0.      
GRID       14293        0.31    0.22    0.      
GRID       14294        0.3125  0.22    0.      
GRID       14295        0.315   0.22    0.      
GRID       14296        0.3175  0.22    0.      
GRID       14297        0.32    0.22    0.      
GRID       14298        0.3225  0.22    0.      
GRID       14299        0.325   0.22    0.      
GRID       14300        0.3275  0.22    0.      
GRID       14301        0.33    0.22    0.      
GRID       14302        0.3325  0.22    0.      
GRID       14303        0.335   0.22    0.      
GRID       14304        0.3375  0.22    0.      
GRID       14305        0.34    0.22    0.      
GRID       14306        0.3425  0.22    0.      
GRID       14307        0.345   0.22    0.      
GRID       14308        0.3475  0.22    0.      
GRID       14309        0.35    0.22    0.      
GRID       14310        0.3525  0.22    0.      
GRID       14311        0.355   0.22    0.      
GRID       14312        0.3575  0.22    0.      
GRID       14313        0.36    0.22    0.      
GRID       14314        0.3625  0.22    0.      
GRID       14315        0.365   0.22    0.      
GRID       14316        0.3675  0.22    0.      
GRID       14317        0.37    0.22    0.      
GRID       14318        0.3725  0.22    0.      
GRID       14319        0.375   0.22    0.      
GRID       14320        0.3775  0.22    0.      
GRID       14321        0.38    0.22    0.      
GRID       14322        0.3825  0.22    0.      
GRID       14323        0.385   0.22    0.      
GRID       14324        0.3875  0.22    0.      
GRID       14325        0.39    0.22    0.      
GRID       14326        0.3925  0.22    0.      
GRID       14327        0.395   0.22    0.      
GRID       14328        0.3975  0.22    0.      
GRID       14329        0.4     0.22    0.      
GRID       14330        0.      0.2225  0.      
GRID       14331        0.0025  0.2225  0.      
GRID       14332        0.005   0.2225  0.      
GRID       14333        0.0075  0.2225  0.      
GRID       14334        0.01    0.2225  0.      
GRID       14335        0.0125  0.2225  0.      
GRID       14336        0.015   0.2225  0.      
GRID       14337        0.0175  0.2225  0.      
GRID       14338        0.02    0.2225  0.      
GRID       14339        0.0225  0.2225  0.      
GRID       14340        0.025   0.2225  0.      
GRID       14341        0.0275  0.2225  0.      
GRID       14342        0.03    0.2225  0.      
GRID       14343        0.0325  0.2225  0.      
GRID       14344        0.035   0.2225  0.      
GRID       14345        0.0375  0.2225  0.      
GRID       14346        0.04    0.2225  0.      
GRID       14347        0.0425  0.2225  0.      
GRID       14348        0.045   0.2225  0.      
GRID       14349        0.0475  0.2225  0.      
GRID       14350        0.05    0.2225  0.      
GRID       14351        0.0525  0.2225  0.      
GRID       14352        0.055   0.2225  0.      
GRID       14353        0.0575  0.2225  0.      
GRID       14354        0.06    0.2225  0.      
GRID       14355        0.0625  0.2225  0.      
GRID       14356        0.065   0.2225  0.      
GRID       14357        0.0675  0.2225  0.      
GRID       14358        0.07    0.2225  0.      
GRID       14359        0.0725  0.2225  0.      
GRID       14360        0.075   0.2225  0.      
GRID       14361        0.0775  0.2225  0.      
GRID       14362        0.08    0.2225  0.      
GRID       14363        0.0825  0.2225  0.      
GRID       14364        0.085   0.2225  0.      
GRID       14365        0.0875  0.2225  0.      
GRID       14366        0.09    0.2225  0.      
GRID       14367        0.0925  0.2225  0.      
GRID       14368        0.095   0.2225  0.      
GRID       14369        0.0975  0.2225  0.      
GRID       14370        0.1     0.2225  0.      
GRID       14371        0.1025  0.2225  0.      
GRID       14372        0.105   0.2225  0.      
GRID       14373        0.1075  0.2225  0.      
GRID       14374        0.11    0.2225  0.      
GRID       14375        0.1125  0.2225  0.      
GRID       14376        0.115   0.2225  0.      
GRID       14377        0.1175  0.2225  0.      
GRID       14378        0.12    0.2225  0.      
GRID       14379        0.1225  0.2225  0.      
GRID       14380        0.125   0.2225  0.      
GRID       14381        0.1275  0.2225  0.      
GRID       14382        0.13    0.2225  0.      
GRID       14383        0.1325  0.2225  0.      
GRID       14384        0.135   0.2225  0.      
GRID       14385        0.1375  0.2225  0.      
GRID       14386        0.14    0.2225  0.      
GRID       14387        0.1425  0.2225  0.      
GRID       14388        0.145   0.2225  0.      
GRID       14389        0.1475  0.2225  0.      
GRID       14390        0.15    0.2225  0.      
GRID       14391        0.1525  0.2225  0.      
GRID       14392        0.155   0.2225  0.      
GRID       14393        0.1575  0.2225  0.      
GRID       14394        0.16    0.2225  0.      
GRID       14395        0.1625  0.2225  0.      
GRID       14396        0.165   0.2225  0.      
GRID       14397        0.1675  0.2225  0.      
GRID       14398        0.17    0.2225  0.      
GRID       14399        0.1725  0.2225  0.      
GRID       14400        0.175   0.2225  0.      
GRID       14401        0.1775  0.2225  0.      
GRID       14402        0.18    0.2225  0.      
GRID       14403        0.1825  0.2225  0.      
GRID       14404        0.185   0.2225  0.      
GRID       14405        0.1875  0.2225  0.      
GRID       14406        0.19    0.2225  0.      
GRID       14407        0.1925  0.2225  0.      
GRID       14408        0.195   0.2225  0.      
GRID       14409        0.1975  0.2225  0.      
GRID       14410        0.2     0.2225  0.      
GRID       14411        0.2025  0.2225  0.      
GRID       14412        0.205   0.2225  0.      
GRID       14413        0.2075  0.2225  0.      
GRID       14414        0.21    0.2225  0.      
GRID       14415        0.2125  0.2225  0.      
GRID       14416        0.215   0.2225  0.      
GRID       14417        0.2175  0.2225  0.      
GRID       14418        0.22    0.2225  0.      
GRID       14419        0.2225  0.2225  0.      
GRID       14420        0.225   0.2225  0.      
GRID       14421        0.2275  0.2225  0.      
GRID       14422        0.23    0.2225  0.      
GRID       14423        0.2325  0.2225  0.      
GRID       14424        0.235   0.2225  0.      
GRID       14425        0.2375  0.2225  0.      
GRID       14426        0.24    0.2225  0.      
GRID       14427        0.2425  0.2225  0.      
GRID       14428        0.245   0.2225  0.      
GRID       14429        0.2475  0.2225  0.      
GRID       14430        0.25    0.2225  0.      
GRID       14431        0.2525  0.2225  0.      
GRID       14432        0.255   0.2225  0.      
GRID       14433        0.2575  0.2225  0.      
GRID       14434        0.26    0.2225  0.      
GRID       14435        0.2625  0.2225  0.      
GRID       14436        0.265   0.2225  0.      
GRID       14437        0.2675  0.2225  0.      
GRID       14438        0.27    0.2225  0.      
GRID       14439        0.2725  0.2225  0.      
GRID       14440        0.275   0.2225  0.      
GRID       14441        0.2775  0.2225  0.      
GRID       14442        0.28    0.2225  0.      
GRID       14443        0.2825  0.2225  0.      
GRID       14444        0.285   0.2225  0.      
GRID       14445        0.2875  0.2225  0.      
GRID       14446        0.29    0.2225  0.      
GRID       14447        0.2925  0.2225  0.      
GRID       14448        0.295   0.2225  0.      
GRID       14449        0.2975  0.2225  0.      
GRID       14450        0.3     0.2225  0.      
GRID       14451        0.3025  0.2225  0.      
GRID       14452        0.305   0.2225  0.      
GRID       14453        0.3075  0.2225  0.      
GRID       14454        0.31    0.2225  0.      
GRID       14455        0.3125  0.2225  0.      
GRID       14456        0.315   0.2225  0.      
GRID       14457        0.3175  0.2225  0.      
GRID       14458        0.32    0.2225  0.      
GRID       14459        0.3225  0.2225  0.      
GRID       14460        0.325   0.2225  0.      
GRID       14461        0.3275  0.2225  0.      
GRID       14462        0.33    0.2225  0.      
GRID       14463        0.3325  0.2225  0.      
GRID       14464        0.335   0.2225  0.      
GRID       14465        0.3375  0.2225  0.      
GRID       14466        0.34    0.2225  0.      
GRID       14467        0.3425  0.2225  0.      
GRID       14468        0.345   0.2225  0.      
GRID       14469        0.3475  0.2225  0.      
GRID       14470        0.35    0.2225  0.      
GRID       14471        0.3525  0.2225  0.      
GRID       14472        0.355   0.2225  0.      
GRID       14473        0.3575  0.2225  0.      
GRID       14474        0.36    0.2225  0.      
GRID       14475        0.3625  0.2225  0.      
GRID       14476        0.365   0.2225  0.      
GRID       14477        0.3675  0.2225  0.      
GRID       14478        0.37    0.2225  0.      
GRID       14479        0.3725  0.2225  0.      
GRID       14480        0.375   0.2225  0.      
GRID       14481        0.3775  0.2225  0.      
GRID       14482        0.38    0.2225  0.      
GRID       14483        0.3825  0.2225  0.      
GRID       14484        0.385   0.2225  0.      
GRID       14485        0.3875  0.2225  0.      
GRID       14486        0.39    0.2225  0.      
GRID       14487        0.3925  0.2225  0.      
GRID       14488        0.395   0.2225  0.      
GRID       14489        0.3975  0.2225  0.      
GRID       14490        0.4     0.2225  0.      
GRID       14491        0.      0.225   0.      
GRID       14492        0.0025  0.225   0.      
GRID       14493        0.005   0.225   0.      
GRID       14494        0.0075  0.225   0.      
GRID       14495        0.01    0.225   0.      
GRID       14496        0.0125  0.225   0.      
GRID       14497        0.015   0.225   0.      
GRID       14498        0.0175  0.225   0.      
GRID       14499        0.02    0.225   0.      
GRID       14500        0.0225  0.225   0.      
GRID       14501        0.025   0.225   0.      
GRID       14502        0.0275  0.225   0.      
GRID       14503        0.03    0.225   0.      
GRID       14504        0.0325  0.225   0.      
GRID       14505        0.035   0.225   0.      
GRID       14506        0.0375  0.225   0.      
GRID       14507        0.04    0.225   0.      
GRID       14508        0.0425  0.225   0.      
GRID       14509        0.045   0.225   0.      
GRID       14510        0.0475  0.225   0.      
GRID       14511        0.05    0.225   0.      
GRID       14512        0.0525  0.225   0.      
GRID       14513        0.055   0.225   0.      
GRID       14514        0.0575  0.225   0.      
GRID       14515        0.06    0.225   0.      
GRID       14516        0.0625  0.225   0.      
GRID       14517        0.065   0.225   0.      
GRID       14518        0.0675  0.225   0.      
GRID       14519        0.07    0.225   0.      
GRID       14520        0.0725  0.225   0.      
GRID       14521        0.075   0.225   0.      
GRID       14522        0.0775  0.225   0.      
GRID       14523        0.08    0.225   0.      
GRID       14524        0.0825  0.225   0.      
GRID       14525        0.085   0.225   0.      
GRID       14526        0.0875  0.225   0.      
GRID       14527        0.09    0.225   0.      
GRID       14528        0.0925  0.225   0.      
GRID       14529        0.095   0.225   0.      
GRID       14530        0.0975  0.225   0.      
GRID       14531        0.1     0.225   0.      
GRID       14532        0.1025  0.225   0.      
GRID       14533        0.105   0.225   0.      
GRID       14534        0.1075  0.225   0.      
GRID       14535        0.11    0.225   0.      
GRID       14536        0.1125  0.225   0.      
GRID       14537        0.115   0.225   0.      
GRID       14538        0.1175  0.225   0.      
GRID       14539        0.12    0.225   0.      
GRID       14540        0.1225  0.225   0.      
GRID       14541        0.125   0.225   0.      
GRID       14542        0.1275  0.225   0.      
GRID       14543        0.13    0.225   0.      
GRID       14544        0.1325  0.225   0.      
GRID       14545        0.135   0.225   0.      
GRID       14546        0.1375  0.225   0.      
GRID       14547        0.14    0.225   0.      
GRID       14548        0.1425  0.225   0.      
GRID       14549        0.145   0.225   0.      
GRID       14550        0.1475  0.225   0.      
GRID       14551        0.15    0.225   0.      
GRID       14552        0.1525  0.225   0.      
GRID       14553        0.155   0.225   0.      
GRID       14554        0.1575  0.225   0.      
GRID       14555        0.16    0.225   0.      
GRID       14556        0.1625  0.225   0.      
GRID       14557        0.165   0.225   0.      
GRID       14558        0.1675  0.225   0.      
GRID       14559        0.17    0.225   0.      
GRID       14560        0.1725  0.225   0.      
GRID       14561        0.175   0.225   0.      
GRID       14562        0.1775  0.225   0.      
GRID       14563        0.18    0.225   0.      
GRID       14564        0.1825  0.225   0.      
GRID       14565        0.185   0.225   0.      
GRID       14566        0.1875  0.225   0.      
GRID       14567        0.19    0.225   0.      
GRID       14568        0.1925  0.225   0.      
GRID       14569        0.195   0.225   0.      
GRID       14570        0.1975  0.225   0.      
GRID       14571        0.2     0.225   0.      
GRID       14572        0.2025  0.225   0.      
GRID       14573        0.205   0.225   0.      
GRID       14574        0.2075  0.225   0.      
GRID       14575        0.21    0.225   0.      
GRID       14576        0.2125  0.225   0.      
GRID       14577        0.215   0.225   0.      
GRID       14578        0.2175  0.225   0.      
GRID       14579        0.22    0.225   0.      
GRID       14580        0.2225  0.225   0.      
GRID       14581        0.225   0.225   0.      
GRID       14582        0.2275  0.225   0.      
GRID       14583        0.23    0.225   0.      
GRID       14584        0.2325  0.225   0.      
GRID       14585        0.235   0.225   0.      
GRID       14586        0.2375  0.225   0.      
GRID       14587        0.24    0.225   0.      
GRID       14588        0.2425  0.225   0.      
GRID       14589        0.245   0.225   0.      
GRID       14590        0.2475  0.225   0.      
GRID       14591        0.25    0.225   0.      
GRID       14592        0.2525  0.225   0.      
GRID       14593        0.255   0.225   0.      
GRID       14594        0.2575  0.225   0.      
GRID       14595        0.26    0.225   0.      
GRID       14596        0.2625  0.225   0.      
GRID       14597        0.265   0.225   0.      
GRID       14598        0.2675  0.225   0.      
GRID       14599        0.27    0.225   0.      
GRID       14600        0.2725  0.225   0.      
GRID       14601        0.275   0.225   0.      
GRID       14602        0.2775  0.225   0.      
GRID       14603        0.28    0.225   0.      
GRID       14604        0.2825  0.225   0.      
GRID       14605        0.285   0.225   0.      
GRID       14606        0.2875  0.225   0.      
GRID       14607        0.29    0.225   0.      
GRID       14608        0.2925  0.225   0.      
GRID       14609        0.295   0.225   0.      
GRID       14610        0.2975  0.225   0.      
GRID       14611        0.3     0.225   0.      
GRID       14612        0.3025  0.225   0.      
GRID       14613        0.305   0.225   0.      
GRID       14614        0.3075  0.225   0.      
GRID       14615        0.31    0.225   0.      
GRID       14616        0.3125  0.225   0.      
GRID       14617        0.315   0.225   0.      
GRID       14618        0.3175  0.225   0.      
GRID       14619        0.32    0.225   0.      
GRID       14620        0.3225  0.225   0.      
GRID       14621        0.325   0.225   0.      
GRID       14622        0.3275  0.225   0.      
GRID       14623        0.33    0.225   0.      
GRID       14624        0.3325  0.225   0.      
GRID       14625        0.335   0.225   0.      
GRID       14626        0.3375  0.225   0.      
GRID       14627        0.34    0.225   0.      
GRID       14628        0.3425  0.225   0.      
GRID       14629        0.345   0.225   0.      
GRID       14630        0.3475  0.225   0.      
GRID       14631        0.35    0.225   0.      
GRID       14632        0.3525  0.225   0.      
GRID       14633        0.355   0.225   0.      
GRID       14634        0.3575  0.225   0.      
GRID       14635        0.36    0.225   0.      
GRID       14636        0.3625  0.225   0.      
GRID       14637        0.365   0.225   0.      
GRID       14638        0.3675  0.225   0.      
GRID       14639        0.37    0.225   0.      
GRID       14640        0.3725  0.225   0.      
GRID       14641        0.375   0.225   0.      
GRID       14642        0.3775  0.225   0.      
GRID       14643        0.38    0.225   0.      
GRID       14644        0.3825  0.225   0.      
GRID       14645        0.385   0.225   0.      
GRID       14646        0.3875  0.225   0.      
GRID       14647        0.39    0.225   0.      
GRID       14648        0.3925  0.225   0.      
GRID       14649        0.395   0.225   0.      
GRID       14650        0.3975  0.225   0.      
GRID       14651        0.4     0.225   0.      
GRID       14652        0.      0.2275  0.      
GRID       14653        0.0025  0.2275  0.      
GRID       14654        0.005   0.2275  0.      
GRID       14655        0.0075  0.2275  0.      
GRID       14656        0.01    0.2275  0.      
GRID       14657        0.0125  0.2275  0.      
GRID       14658        0.015   0.2275  0.      
GRID       14659        0.0175  0.2275  0.      
GRID       14660        0.02    0.2275  0.      
GRID       14661        0.0225  0.2275  0.      
GRID       14662        0.025   0.2275  0.      
GRID       14663        0.0275  0.2275  0.      
GRID       14664        0.03    0.2275  0.      
GRID       14665        0.0325  0.2275  0.      
GRID       14666        0.035   0.2275  0.      
GRID       14667        0.0375  0.2275  0.      
GRID       14668        0.04    0.2275  0.      
GRID       14669        0.0425  0.2275  0.      
GRID       14670        0.045   0.2275  0.      
GRID       14671        0.0475  0.2275  0.      
GRID       14672        0.05    0.2275  0.      
GRID       14673        0.0525  0.2275  0.      
GRID       14674        0.055   0.2275  0.      
GRID       14675        0.0575  0.2275  0.      
GRID       14676        0.06    0.2275  0.      
GRID       14677        0.0625  0.2275  0.      
GRID       14678        0.065   0.2275  0.      
GRID       14679        0.0675  0.2275  0.      
GRID       14680        0.07    0.2275  0.      
GRID       14681        0.0725  0.2275  0.      
GRID       14682        0.075   0.2275  0.      
GRID       14683        0.0775  0.2275  0.      
GRID       14684        0.08    0.2275  0.      
GRID       14685        0.0825  0.2275  0.      
GRID       14686        0.085   0.2275  0.      
GRID       14687        0.0875  0.2275  0.      
GRID       14688        0.09    0.2275  0.      
GRID       14689        0.0925  0.2275  0.      
GRID       14690        0.095   0.2275  0.      
GRID       14691        0.0975  0.2275  0.      
GRID       14692        0.1     0.2275  0.      
GRID       14693        0.1025  0.2275  0.      
GRID       14694        0.105   0.2275  0.      
GRID       14695        0.1075  0.2275  0.      
GRID       14696        0.11    0.2275  0.      
GRID       14697        0.1125  0.2275  0.      
GRID       14698        0.115   0.2275  0.      
GRID       14699        0.1175  0.2275  0.      
GRID       14700        0.12    0.2275  0.      
GRID       14701        0.1225  0.2275  0.      
GRID       14702        0.125   0.2275  0.      
GRID       14703        0.1275  0.2275  0.      
GRID       14704        0.13    0.2275  0.      
GRID       14705        0.1325  0.2275  0.      
GRID       14706        0.135   0.2275  0.      
GRID       14707        0.1375  0.2275  0.      
GRID       14708        0.14    0.2275  0.      
GRID       14709        0.1425  0.2275  0.      
GRID       14710        0.145   0.2275  0.      
GRID       14711        0.1475  0.2275  0.      
GRID       14712        0.15    0.2275  0.      
GRID       14713        0.1525  0.2275  0.      
GRID       14714        0.155   0.2275  0.      
GRID       14715        0.1575  0.2275  0.      
GRID       14716        0.16    0.2275  0.      
GRID       14717        0.1625  0.2275  0.      
GRID       14718        0.165   0.2275  0.      
GRID       14719        0.1675  0.2275  0.      
GRID       14720        0.17    0.2275  0.      
GRID       14721        0.1725  0.2275  0.      
GRID       14722        0.175   0.2275  0.      
GRID       14723        0.1775  0.2275  0.      
GRID       14724        0.18    0.2275  0.      
GRID       14725        0.1825  0.2275  0.      
GRID       14726        0.185   0.2275  0.      
GRID       14727        0.1875  0.2275  0.      
GRID       14728        0.19    0.2275  0.      
GRID       14729        0.1925  0.2275  0.      
GRID       14730        0.195   0.2275  0.      
GRID       14731        0.1975  0.2275  0.      
GRID       14732        0.2     0.2275  0.      
GRID       14733        0.2025  0.2275  0.      
GRID       14734        0.205   0.2275  0.      
GRID       14735        0.2075  0.2275  0.      
GRID       14736        0.21    0.2275  0.      
GRID       14737        0.2125  0.2275  0.      
GRID       14738        0.215   0.2275  0.      
GRID       14739        0.2175  0.2275  0.      
GRID       14740        0.22    0.2275  0.      
GRID       14741        0.2225  0.2275  0.      
GRID       14742        0.225   0.2275  0.      
GRID       14743        0.2275  0.2275  0.      
GRID       14744        0.23    0.2275  0.      
GRID       14745        0.2325  0.2275  0.      
GRID       14746        0.235   0.2275  0.      
GRID       14747        0.2375  0.2275  0.      
GRID       14748        0.24    0.2275  0.      
GRID       14749        0.2425  0.2275  0.      
GRID       14750        0.245   0.2275  0.      
GRID       14751        0.2475  0.2275  0.      
GRID       14752        0.25    0.2275  0.      
GRID       14753        0.2525  0.2275  0.      
GRID       14754        0.255   0.2275  0.      
GRID       14755        0.2575  0.2275  0.      
GRID       14756        0.26    0.2275  0.      
GRID       14757        0.2625  0.2275  0.      
GRID       14758        0.265   0.2275  0.      
GRID       14759        0.2675  0.2275  0.      
GRID       14760        0.27    0.2275  0.      
GRID       14761        0.2725  0.2275  0.      
GRID       14762        0.275   0.2275  0.      
GRID       14763        0.2775  0.2275  0.      
GRID       14764        0.28    0.2275  0.      
GRID       14765        0.2825  0.2275  0.      
GRID       14766        0.285   0.2275  0.      
GRID       14767        0.2875  0.2275  0.      
GRID       14768        0.29    0.2275  0.      
GRID       14769        0.2925  0.2275  0.      
GRID       14770        0.295   0.2275  0.      
GRID       14771        0.2975  0.2275  0.      
GRID       14772        0.3     0.2275  0.      
GRID       14773        0.3025  0.2275  0.      
GRID       14774        0.305   0.2275  0.      
GRID       14775        0.3075  0.2275  0.      
GRID       14776        0.31    0.2275  0.      
GRID       14777        0.3125  0.2275  0.      
GRID       14778        0.315   0.2275  0.      
GRID       14779        0.3175  0.2275  0.      
GRID       14780        0.32    0.2275  0.      
GRID       14781        0.3225  0.2275  0.      
GRID       14782        0.325   0.2275  0.      
GRID       14783        0.3275  0.2275  0.      
GRID       14784        0.33    0.2275  0.      
GRID       14785        0.3325  0.2275  0.      
GRID       14786        0.335   0.2275  0.      
GRID       14787        0.3375  0.2275  0.      
GRID       14788        0.34    0.2275  0.      
GRID       14789        0.3425  0.2275  0.      
GRID       14790        0.345   0.2275  0.      
GRID       14791        0.3475  0.2275  0.      
GRID       14792        0.35    0.2275  0.      
GRID       14793        0.3525  0.2275  0.      
GRID       14794        0.355   0.2275  0.      
GRID       14795        0.3575  0.2275  0.      
GRID       14796        0.36    0.2275  0.      
GRID       14797        0.3625  0.2275  0.      
GRID       14798        0.365   0.2275  0.      
GRID       14799        0.3675  0.2275  0.      
GRID       14800        0.37    0.2275  0.      
GRID       14801        0.3725  0.2275  0.      
GRID       14802        0.375   0.2275  0.      
GRID       14803        0.3775  0.2275  0.      
GRID       14804        0.38    0.2275  0.      
GRID       14805        0.3825  0.2275  0.      
GRID       14806        0.385   0.2275  0.      
GRID       14807        0.3875  0.2275  0.      
GRID       14808        0.39    0.2275  0.      
GRID       14809        0.3925  0.2275  0.      
GRID       14810        0.395   0.2275  0.      
GRID       14811        0.3975  0.2275  0.      
GRID       14812        0.4     0.2275  0.      
GRID       14813        0.      0.23    0.      
GRID       14814        0.0025  0.23    0.      
GRID       14815        0.005   0.23    0.      
GRID       14816        0.0075  0.23    0.      
GRID       14817        0.01    0.23    0.      
GRID       14818        0.0125  0.23    0.      
GRID       14819        0.015   0.23    0.      
GRID       14820        0.0175  0.23    0.      
GRID       14821        0.02    0.23    0.      
GRID       14822        0.0225  0.23    0.      
GRID       14823        0.025   0.23    0.      
GRID       14824        0.0275  0.23    0.      
GRID       14825        0.03    0.23    0.      
GRID       14826        0.0325  0.23    0.      
GRID       14827        0.035   0.23    0.      
GRID       14828        0.0375  0.23    0.      
GRID       14829        0.04    0.23    0.      
GRID       14830        0.0425  0.23    0.      
GRID       14831        0.045   0.23    0.      
GRID       14832        0.0475  0.23    0.      
GRID       14833        0.05    0.23    0.      
GRID       14834        0.0525  0.23    0.      
GRID       14835        0.055   0.23    0.      
GRID       14836        0.0575  0.23    0.      
GRID       14837        0.06    0.23    0.      
GRID       14838        0.0625  0.23    0.      
GRID       14839        0.065   0.23    0.      
GRID       14840        0.0675  0.23    0.      
GRID       14841        0.07    0.23    0.      
GRID       14842        0.0725  0.23    0.      
GRID       14843        0.075   0.23    0.      
GRID       14844        0.0775  0.23    0.      
GRID       14845        0.08    0.23    0.      
GRID       14846        0.0825  0.23    0.      
GRID       14847        0.085   0.23    0.      
GRID       14848        0.0875  0.23    0.      
GRID       14849        0.09    0.23    0.      
GRID       14850        0.0925  0.23    0.      
GRID       14851        0.095   0.23    0.      
GRID       14852        0.0975  0.23    0.      
GRID       14853        0.1     0.23    0.      
GRID       14854        0.1025  0.23    0.      
GRID       14855        0.105   0.23    0.      
GRID       14856        0.1075  0.23    0.      
GRID       14857        0.11    0.23    0.      
GRID       14858        0.1125  0.23    0.      
GRID       14859        0.115   0.23    0.      
GRID       14860        0.1175  0.23    0.      
GRID       14861        0.12    0.23    0.      
GRID       14862        0.1225  0.23    0.      
GRID       14863        0.125   0.23    0.      
GRID       14864        0.1275  0.23    0.      
GRID       14865        0.13    0.23    0.      
GRID       14866        0.1325  0.23    0.      
GRID       14867        0.135   0.23    0.      
GRID       14868        0.1375  0.23    0.      
GRID       14869        0.14    0.23    0.      
GRID       14870        0.1425  0.23    0.      
GRID       14871        0.145   0.23    0.      
GRID       14872        0.1475  0.23    0.      
GRID       14873        0.15    0.23    0.      
GRID       14874        0.1525  0.23    0.      
GRID       14875        0.155   0.23    0.      
GRID       14876        0.1575  0.23    0.      
GRID       14877        0.16    0.23    0.      
GRID       14878        0.1625  0.23    0.      
GRID       14879        0.165   0.23    0.      
GRID       14880        0.1675  0.23    0.      
GRID       14881        0.17    0.23    0.      
GRID       14882        0.1725  0.23    0.      
GRID       14883        0.175   0.23    0.      
GRID       14884        0.1775  0.23    0.      
GRID       14885        0.18    0.23    0.      
GRID       14886        0.1825  0.23    0.      
GRID       14887        0.185   0.23    0.      
GRID       14888        0.1875  0.23    0.      
GRID       14889        0.19    0.23    0.      
GRID       14890        0.1925  0.23    0.      
GRID       14891        0.195   0.23    0.      
GRID       14892        0.1975  0.23    0.      
GRID       14893        0.2     0.23    0.      
GRID       14894        0.2025  0.23    0.      
GRID       14895        0.205   0.23    0.      
GRID       14896        0.2075  0.23    0.      
GRID       14897        0.21    0.23    0.      
GRID       14898        0.2125  0.23    0.      
GRID       14899        0.215   0.23    0.      
GRID       14900        0.2175  0.23    0.      
GRID       14901        0.22    0.23    0.      
GRID       14902        0.2225  0.23    0.      
GRID       14903        0.225   0.23    0.      
GRID       14904        0.2275  0.23    0.      
GRID       14905        0.23    0.23    0.      
GRID       14906        0.2325  0.23    0.      
GRID       14907        0.235   0.23    0.      
GRID       14908        0.2375  0.23    0.      
GRID       14909        0.24    0.23    0.      
GRID       14910        0.2425  0.23    0.      
GRID       14911        0.245   0.23    0.      
GRID       14912        0.2475  0.23    0.      
GRID       14913        0.25    0.23    0.      
GRID       14914        0.2525  0.23    0.      
GRID       14915        0.255   0.23    0.      
GRID       14916        0.2575  0.23    0.      
GRID       14917        0.26    0.23    0.      
GRID       14918        0.2625  0.23    0.      
GRID       14919        0.265   0.23    0.      
GRID       14920        0.2675  0.23    0.      
GRID       14921        0.27    0.23    0.      
GRID       14922        0.2725  0.23    0.      
GRID       14923        0.275   0.23    0.      
GRID       14924        0.2775  0.23    0.      
GRID       14925        0.28    0.23    0.      
GRID       14926        0.2825  0.23    0.      
GRID       14927        0.285   0.23    0.      
GRID       14928        0.2875  0.23    0.      
GRID       14929        0.29    0.23    0.      
GRID       14930        0.2925  0.23    0.      
GRID       14931        0.295   0.23    0.      
GRID       14932        0.2975  0.23    0.      
GRID       14933        0.3     0.23    0.      
GRID       14934        0.3025  0.23    0.      
GRID       14935        0.305   0.23    0.      
GRID       14936        0.3075  0.23    0.      
GRID       14937        0.31    0.23    0.      
GRID       14938        0.3125  0.23    0.      
GRID       14939        0.315   0.23    0.      
GRID       14940        0.3175  0.23    0.      
GRID       14941        0.32    0.23    0.      
GRID       14942        0.3225  0.23    0.      
GRID       14943        0.325   0.23    0.      
GRID       14944        0.3275  0.23    0.      
GRID       14945        0.33    0.23    0.      
GRID       14946        0.3325  0.23    0.      
GRID       14947        0.335   0.23    0.      
GRID       14948        0.3375  0.23    0.      
GRID       14949        0.34    0.23    0.      
GRID       14950        0.3425  0.23    0.      
GRID       14951        0.345   0.23    0.      
GRID       14952        0.3475  0.23    0.      
GRID       14953        0.35    0.23    0.      
GRID       14954        0.3525  0.23    0.      
GRID       14955        0.355   0.23    0.      
GRID       14956        0.3575  0.23    0.      
GRID       14957        0.36    0.23    0.      
GRID       14958        0.3625  0.23    0.      
GRID       14959        0.365   0.23    0.      
GRID       14960        0.3675  0.23    0.      
GRID       14961        0.37    0.23    0.      
GRID       14962        0.3725  0.23    0.      
GRID       14963        0.375   0.23    0.      
GRID       14964        0.3775  0.23    0.      
GRID       14965        0.38    0.23    0.      
GRID       14966        0.3825  0.23    0.      
GRID       14967        0.385   0.23    0.      
GRID       14968        0.3875  0.23    0.      
GRID       14969        0.39    0.23    0.      
GRID       14970        0.3925  0.23    0.      
GRID       14971        0.395   0.23    0.      
GRID       14972        0.3975  0.23    0.      
GRID       14973        0.4     0.23    0.      
GRID       14974        0.      0.2325  0.      
GRID       14975        0.0025  0.2325  0.      
GRID       14976        0.005   0.2325  0.      
GRID       14977        0.0075  0.2325  0.      
GRID       14978        0.01    0.2325  0.      
GRID       14979        0.0125  0.2325  0.      
GRID       14980        0.015   0.2325  0.      
GRID       14981        0.0175  0.2325  0.      
GRID       14982        0.02    0.2325  0.      
GRID       14983        0.0225  0.2325  0.      
GRID       14984        0.025   0.2325  0.      
GRID       14985        0.0275  0.2325  0.      
GRID       14986        0.03    0.2325  0.      
GRID       14987        0.0325  0.2325  0.      
GRID       14988        0.035   0.2325  0.      
GRID       14989        0.0375  0.2325  0.      
GRID       14990        0.04    0.2325  0.      
GRID       14991        0.0425  0.2325  0.      
GRID       14992        0.045   0.2325  0.      
GRID       14993        0.0475  0.2325  0.      
GRID       14994        0.05    0.2325  0.      
GRID       14995        0.0525  0.2325  0.      
GRID       14996        0.055   0.2325  0.      
GRID       14997        0.0575  0.2325  0.      
GRID       14998        0.06    0.2325  0.      
GRID       14999        0.0625  0.2325  0.      
GRID       15000        0.065   0.2325  0.      
GRID       15001        0.0675  0.2325  0.      
GRID       15002        0.07    0.2325  0.      
GRID       15003        0.0725  0.2325  0.      
GRID       15004        0.075   0.2325  0.      
GRID       15005        0.0775  0.2325  0.      
GRID       15006        0.08    0.2325  0.      
GRID       15007        0.0825  0.2325  0.      
GRID       15008        0.085   0.2325  0.      
GRID       15009        0.0875  0.2325  0.      
GRID       15010        0.09    0.2325  0.      
GRID       15011        0.0925  0.2325  0.      
GRID       15012        0.095   0.2325  0.      
GRID       15013        0.0975  0.2325  0.      
GRID       15014        0.1     0.2325  0.      
GRID       15015        0.1025  0.2325  0.      
GRID       15016        0.105   0.2325  0.      
GRID       15017        0.1075  0.2325  0.      
GRID       15018        0.11    0.2325  0.      
GRID       15019        0.1125  0.2325  0.      
GRID       15020        0.115   0.2325  0.      
GRID       15021        0.1175  0.2325  0.      
GRID       15022        0.12    0.2325  0.      
GRID       15023        0.1225  0.2325  0.      
GRID       15024        0.125   0.2325  0.      
GRID       15025        0.1275  0.2325  0.      
GRID       15026        0.13    0.2325  0.      
GRID       15027        0.1325  0.2325  0.      
GRID       15028        0.135   0.2325  0.      
GRID       15029        0.1375  0.2325  0.      
GRID       15030        0.14    0.2325  0.      
GRID       15031        0.1425  0.2325  0.      
GRID       15032        0.145   0.2325  0.      
GRID       15033        0.1475  0.2325  0.      
GRID       15034        0.15    0.2325  0.      
GRID       15035        0.1525  0.2325  0.      
GRID       15036        0.155   0.2325  0.      
GRID       15037        0.1575  0.2325  0.      
GRID       15038        0.16    0.2325  0.      
GRID       15039        0.1625  0.2325  0.      
GRID       15040        0.165   0.2325  0.      
GRID       15041        0.1675  0.2325  0.      
GRID       15042        0.17    0.2325  0.      
GRID       15043        0.1725  0.2325  0.      
GRID       15044        0.175   0.2325  0.      
GRID       15045        0.1775  0.2325  0.      
GRID       15046        0.18    0.2325  0.      
GRID       15047        0.1825  0.2325  0.      
GRID       15048        0.185   0.2325  0.      
GRID       15049        0.1875  0.2325  0.      
GRID       15050        0.19    0.2325  0.      
GRID       15051        0.1925  0.2325  0.      
GRID       15052        0.195   0.2325  0.      
GRID       15053        0.1975  0.2325  0.      
GRID       15054        0.2     0.2325  0.      
GRID       15055        0.2025  0.2325  0.      
GRID       15056        0.205   0.2325  0.      
GRID       15057        0.2075  0.2325  0.      
GRID       15058        0.21    0.2325  0.      
GRID       15059        0.2125  0.2325  0.      
GRID       15060        0.215   0.2325  0.      
GRID       15061        0.2175  0.2325  0.      
GRID       15062        0.22    0.2325  0.      
GRID       15063        0.2225  0.2325  0.      
GRID       15064        0.225   0.2325  0.      
GRID       15065        0.2275  0.2325  0.      
GRID       15066        0.23    0.2325  0.      
GRID       15067        0.2325  0.2325  0.      
GRID       15068        0.235   0.2325  0.      
GRID       15069        0.2375  0.2325  0.      
GRID       15070        0.24    0.2325  0.      
GRID       15071        0.2425  0.2325  0.      
GRID       15072        0.245   0.2325  0.      
GRID       15073        0.2475  0.2325  0.      
GRID       15074        0.25    0.2325  0.      
GRID       15075        0.2525  0.2325  0.      
GRID       15076        0.255   0.2325  0.      
GRID       15077        0.2575  0.2325  0.      
GRID       15078        0.26    0.2325  0.      
GRID       15079        0.2625  0.2325  0.      
GRID       15080        0.265   0.2325  0.      
GRID       15081        0.2675  0.2325  0.      
GRID       15082        0.27    0.2325  0.      
GRID       15083        0.2725  0.2325  0.      
GRID       15084        0.275   0.2325  0.      
GRID       15085        0.2775  0.2325  0.      
GRID       15086        0.28    0.2325  0.      
GRID       15087        0.2825  0.2325  0.      
GRID       15088        0.285   0.2325  0.      
GRID       15089        0.2875  0.2325  0.      
GRID       15090        0.29    0.2325  0.      
GRID       15091        0.2925  0.2325  0.      
GRID       15092        0.295   0.2325  0.      
GRID       15093        0.2975  0.2325  0.      
GRID       15094        0.3     0.2325  0.      
GRID       15095        0.3025  0.2325  0.      
GRID       15096        0.305   0.2325  0.      
GRID       15097        0.3075  0.2325  0.      
GRID       15098        0.31    0.2325  0.      
GRID       15099        0.3125  0.2325  0.      
GRID       15100        0.315   0.2325  0.      
GRID       15101        0.3175  0.2325  0.      
GRID       15102        0.32    0.2325  0.      
GRID       15103        0.3225  0.2325  0.      
GRID       15104        0.325   0.2325  0.      
GRID       15105        0.3275  0.2325  0.      
GRID       15106        0.33    0.2325  0.      
GRID       15107        0.3325  0.2325  0.      
GRID       15108        0.335   0.2325  0.      
GRID       15109        0.3375  0.2325  0.      
GRID       15110        0.34    0.2325  0.      
GRID       15111        0.3425  0.2325  0.      
GRID       15112        0.345   0.2325  0.      
GRID       15113        0.3475  0.2325  0.      
GRID       15114        0.35    0.2325  0.      
GRID       15115        0.3525  0.2325  0.      
GRID       15116        0.355   0.2325  0.      
GRID       15117        0.3575  0.2325  0.      
GRID       15118        0.36    0.2325  0.      
GRID       15119        0.3625  0.2325  0.      
GRID       15120        0.365   0.2325  0.      
GRID       15121        0.3675  0.2325  0.      
GRID       15122        0.37    0.2325  0.      
GRID       15123        0.3725  0.2325  0.      
GRID       15124        0.375   0.2325  0.      
GRID       15125        0.3775  0.2325  0.      
GRID       15126        0.38    0.2325  0.      
GRID       15127        0.3825  0.2325  0.      
GRID       15128        0.385   0.2325  0.      
GRID       15129        0.3875  0.2325  0.      
GRID       15130        0.39    0.2325  0.      
GRID       15131        0.3925  0.2325  0.      
GRID       15132        0.395   0.2325  0.      
GRID       15133        0.3975  0.2325  0.      
GRID       15134        0.4     0.2325  0.      
GRID       15135        0.      0.235   0.      
GRID       15136        0.0025  0.235   0.      
GRID       15137        0.005   0.235   0.      
GRID       15138        0.0075  0.235   0.      
GRID       15139        0.01    0.235   0.      
GRID       15140        0.0125  0.235   0.      
GRID       15141        0.015   0.235   0.      
GRID       15142        0.0175  0.235   0.      
GRID       15143        0.02    0.235   0.      
GRID       15144        0.0225  0.235   0.      
GRID       15145        0.025   0.235   0.      
GRID       15146        0.0275  0.235   0.      
GRID       15147        0.03    0.235   0.      
GRID       15148        0.0325  0.235   0.      
GRID       15149        0.035   0.235   0.      
GRID       15150        0.0375  0.235   0.      
GRID       15151        0.04    0.235   0.      
GRID       15152        0.0425  0.235   0.      
GRID       15153        0.045   0.235   0.      
GRID       15154        0.0475  0.235   0.      
GRID       15155        0.05    0.235   0.      
GRID       15156        0.0525  0.235   0.      
GRID       15157        0.055   0.235   0.      
GRID       15158        0.0575  0.235   0.      
GRID       15159        0.06    0.235   0.      
GRID       15160        0.0625  0.235   0.      
GRID       15161        0.065   0.235   0.      
GRID       15162        0.0675  0.235   0.      
GRID       15163        0.07    0.235   0.      
GRID       15164        0.0725  0.235   0.      
GRID       15165        0.075   0.235   0.      
GRID       15166        0.0775  0.235   0.      
GRID       15167        0.08    0.235   0.      
GRID       15168        0.0825  0.235   0.      
GRID       15169        0.085   0.235   0.      
GRID       15170        0.0875  0.235   0.      
GRID       15171        0.09    0.235   0.      
GRID       15172        0.0925  0.235   0.      
GRID       15173        0.095   0.235   0.      
GRID       15174        0.0975  0.235   0.      
GRID       15175        0.1     0.235   0.      
GRID       15176        0.1025  0.235   0.      
GRID       15177        0.105   0.235   0.      
GRID       15178        0.1075  0.235   0.      
GRID       15179        0.11    0.235   0.      
GRID       15180        0.1125  0.235   0.      
GRID       15181        0.115   0.235   0.      
GRID       15182        0.1175  0.235   0.      
GRID       15183        0.12    0.235   0.      
GRID       15184        0.1225  0.235   0.      
GRID       15185        0.125   0.235   0.      
GRID       15186        0.1275  0.235   0.      
GRID       15187        0.13    0.235   0.      
GRID       15188        0.1325  0.235   0.      
GRID       15189        0.135   0.235   0.      
GRID       15190        0.1375  0.235   0.      
GRID       15191        0.14    0.235   0.      
GRID       15192        0.1425  0.235   0.      
GRID       15193        0.145   0.235   0.      
GRID       15194        0.1475  0.235   0.      
GRID       15195        0.15    0.235   0.      
GRID       15196        0.1525  0.235   0.      
GRID       15197        0.155   0.235   0.      
GRID       15198        0.1575  0.235   0.      
GRID       15199        0.16    0.235   0.      
GRID       15200        0.1625  0.235   0.      
GRID       15201        0.165   0.235   0.      
GRID       15202        0.1675  0.235   0.      
GRID       15203        0.17    0.235   0.      
GRID       15204        0.1725  0.235   0.      
GRID       15205        0.175   0.235   0.      
GRID       15206        0.1775  0.235   0.      
GRID       15207        0.18    0.235   0.      
GRID       15208        0.1825  0.235   0.      
GRID       15209        0.185   0.235   0.      
GRID       15210        0.1875  0.235   0.      
GRID       15211        0.19    0.235   0.      
GRID       15212        0.1925  0.235   0.      
GRID       15213        0.195   0.235   0.      
GRID       15214        0.1975  0.235   0.      
GRID       15215        0.2     0.235   0.      
GRID       15216        0.2025  0.235   0.      
GRID       15217        0.205   0.235   0.      
GRID       15218        0.2075  0.235   0.      
GRID       15219        0.21    0.235   0.      
GRID       15220        0.2125  0.235   0.      
GRID       15221        0.215   0.235   0.      
GRID       15222        0.2175  0.235   0.      
GRID       15223        0.22    0.235   0.      
GRID       15224        0.2225  0.235   0.      
GRID       15225        0.225   0.235   0.      
GRID       15226        0.2275  0.235   0.      
GRID       15227        0.23    0.235   0.      
GRID       15228        0.2325  0.235   0.      
GRID       15229        0.235   0.235   0.      
GRID       15230        0.2375  0.235   0.      
GRID       15231        0.24    0.235   0.      
GRID       15232        0.2425  0.235   0.      
GRID       15233        0.245   0.235   0.      
GRID       15234        0.2475  0.235   0.      
GRID       15235        0.25    0.235   0.      
GRID       15236        0.2525  0.235   0.      
GRID       15237        0.255   0.235   0.      
GRID       15238        0.2575  0.235   0.      
GRID       15239        0.26    0.235   0.      
GRID       15240        0.2625  0.235   0.      
GRID       15241        0.265   0.235   0.      
GRID       15242        0.2675  0.235   0.      
GRID       15243        0.27    0.235   0.      
GRID       15244        0.2725  0.235   0.      
GRID       15245        0.275   0.235   0.      
GRID       15246        0.2775  0.235   0.      
GRID       15247        0.28    0.235   0.      
GRID       15248        0.2825  0.235   0.      
GRID       15249        0.285   0.235   0.      
GRID       15250        0.2875  0.235   0.      
GRID       15251        0.29    0.235   0.      
GRID       15252        0.2925  0.235   0.      
GRID       15253        0.295   0.235   0.      
GRID       15254        0.2975  0.235   0.      
GRID       15255        0.3     0.235   0.      
GRID       15256        0.3025  0.235   0.      
GRID       15257        0.305   0.235   0.      
GRID       15258        0.3075  0.235   0.      
GRID       15259        0.31    0.235   0.      
GRID       15260        0.3125  0.235   0.      
GRID       15261        0.315   0.235   0.      
GRID       15262        0.3175  0.235   0.      
GRID       15263        0.32    0.235   0.      
GRID       15264        0.3225  0.235   0.      
GRID       15265        0.325   0.235   0.      
GRID       15266        0.3275  0.235   0.      
GRID       15267        0.33    0.235   0.      
GRID       15268        0.3325  0.235   0.      
GRID       15269        0.335   0.235   0.      
GRID       15270        0.3375  0.235   0.      
GRID       15271        0.34    0.235   0.      
GRID       15272        0.3425  0.235   0.      
GRID       15273        0.345   0.235   0.      
GRID       15274        0.3475  0.235   0.      
GRID       15275        0.35    0.235   0.      
GRID       15276        0.3525  0.235   0.      
GRID       15277        0.355   0.235   0.      
GRID       15278        0.3575  0.235   0.      
GRID       15279        0.36    0.235   0.      
GRID       15280        0.3625  0.235   0.      
GRID       15281        0.365   0.235   0.      
GRID       15282        0.3675  0.235   0.      
GRID       15283        0.37    0.235   0.      
GRID       15284        0.3725  0.235   0.      
GRID       15285        0.375   0.235   0.      
GRID       15286        0.3775  0.235   0.      
GRID       15287        0.38    0.235   0.      
GRID       15288        0.3825  0.235   0.      
GRID       15289        0.385   0.235   0.      
GRID       15290        0.3875  0.235   0.      
GRID       15291        0.39    0.235   0.      
GRID       15292        0.3925  0.235   0.      
GRID       15293        0.395   0.235   0.      
GRID       15294        0.3975  0.235   0.      
GRID       15295        0.4     0.235   0.      
GRID       15296        0.      0.2375  0.      
GRID       15297        0.0025  0.2375  0.      
GRID       15298        0.005   0.2375  0.      
GRID       15299        0.0075  0.2375  0.      
GRID       15300        0.01    0.2375  0.      
GRID       15301        0.0125  0.2375  0.      
GRID       15302        0.015   0.2375  0.      
GRID       15303        0.0175  0.2375  0.      
GRID       15304        0.02    0.2375  0.      
GRID       15305        0.0225  0.2375  0.      
GRID       15306        0.025   0.2375  0.      
GRID       15307        0.0275  0.2375  0.      
GRID       15308        0.03    0.2375  0.      
GRID       15309        0.0325  0.2375  0.      
GRID       15310        0.035   0.2375  0.      
GRID       15311        0.0375  0.2375  0.      
GRID       15312        0.04    0.2375  0.      
GRID       15313        0.0425  0.2375  0.      
GRID       15314        0.045   0.2375  0.      
GRID       15315        0.0475  0.2375  0.      
GRID       15316        0.05    0.2375  0.      
GRID       15317        0.0525  0.2375  0.      
GRID       15318        0.055   0.2375  0.      
GRID       15319        0.0575  0.2375  0.      
GRID       15320        0.06    0.2375  0.      
GRID       15321        0.0625  0.2375  0.      
GRID       15322        0.065   0.2375  0.      
GRID       15323        0.0675  0.2375  0.      
GRID       15324        0.07    0.2375  0.      
GRID       15325        0.0725  0.2375  0.      
GRID       15326        0.075   0.2375  0.      
GRID       15327        0.0775  0.2375  0.      
GRID       15328        0.08    0.2375  0.      
GRID       15329        0.0825  0.2375  0.      
GRID       15330        0.085   0.2375  0.      
GRID       15331        0.0875  0.2375  0.      
GRID       15332        0.09    0.2375  0.      
GRID       15333        0.0925  0.2375  0.      
GRID       15334        0.095   0.2375  0.      
GRID       15335        0.0975  0.2375  0.      
GRID       15336        0.1     0.2375  0.      
GRID       15337        0.1025  0.2375  0.      
GRID       15338        0.105   0.2375  0.      
GRID       15339        0.1075  0.2375  0.      
GRID       15340        0.11    0.2375  0.      
GRID       15341        0.1125  0.2375  0.      
GRID       15342        0.115   0.2375  0.      
GRID       15343        0.1175  0.2375  0.      
GRID       15344        0.12    0.2375  0.      
GRID       15345        0.1225  0.2375  0.      
GRID       15346        0.125   0.2375  0.      
GRID       15347        0.1275  0.2375  0.      
GRID       15348        0.13    0.2375  0.      
GRID       15349        0.1325  0.2375  0.      
GRID       15350        0.135   0.2375  0.      
GRID       15351        0.1375  0.2375  0.      
GRID       15352        0.14    0.2375  0.      
GRID       15353        0.1425  0.2375  0.      
GRID       15354        0.145   0.2375  0.      
GRID       15355        0.1475  0.2375  0.      
GRID       15356        0.15    0.2375  0.      
GRID       15357        0.1525  0.2375  0.      
GRID       15358        0.155   0.2375  0.      
GRID       15359        0.1575  0.2375  0.      
GRID       15360        0.16    0.2375  0.      
GRID       15361        0.1625  0.2375  0.      
GRID       15362        0.165   0.2375  0.      
GRID       15363        0.1675  0.2375  0.      
GRID       15364        0.17    0.2375  0.      
GRID       15365        0.1725  0.2375  0.      
GRID       15366        0.175   0.2375  0.      
GRID       15367        0.1775  0.2375  0.      
GRID       15368        0.18    0.2375  0.      
GRID       15369        0.1825  0.2375  0.      
GRID       15370        0.185   0.2375  0.      
GRID       15371        0.1875  0.2375  0.      
GRID       15372        0.19    0.2375  0.      
GRID       15373        0.1925  0.2375  0.      
GRID       15374        0.195   0.2375  0.      
GRID       15375        0.1975  0.2375  0.      
GRID       15376        0.2     0.2375  0.      
GRID       15377        0.2025  0.2375  0.      
GRID       15378        0.205   0.2375  0.      
GRID       15379        0.2075  0.2375  0.      
GRID       15380        0.21    0.2375  0.      
GRID       15381        0.2125  0.2375  0.      
GRID       15382        0.215   0.2375  0.      
GRID       15383        0.2175  0.2375  0.      
GRID       15384        0.22    0.2375  0.      
GRID       15385        0.2225  0.2375  0.      
GRID       15386        0.225   0.2375  0.      
GRID       15387        0.2275  0.2375  0.      
GRID       15388        0.23    0.2375  0.      
GRID       15389        0.2325  0.2375  0.      
GRID       15390        0.235   0.2375  0.      
GRID       15391        0.2375  0.2375  0.      
GRID       15392        0.24    0.2375  0.      
GRID       15393        0.2425  0.2375  0.      
GRID       15394        0.245   0.2375  0.      
GRID       15395        0.2475  0.2375  0.      
GRID       15396        0.25    0.2375  0.      
GRID       15397        0.2525  0.2375  0.      
GRID       15398        0.255   0.2375  0.      
GRID       15399        0.2575  0.2375  0.      
GRID       15400        0.26    0.2375  0.      
GRID       15401        0.2625  0.2375  0.      
GRID       15402        0.265   0.2375  0.      
GRID       15403        0.2675  0.2375  0.      
GRID       15404        0.27    0.2375  0.      
GRID       15405        0.2725  0.2375  0.      
GRID       15406        0.275   0.2375  0.      
GRID       15407        0.2775  0.2375  0.      
GRID       15408        0.28    0.2375  0.      
GRID       15409        0.2825  0.2375  0.      
GRID       15410        0.285   0.2375  0.      
GRID       15411        0.2875  0.2375  0.      
GRID       15412        0.29    0.2375  0.      
GRID       15413        0.2925  0.2375  0.      
GRID       15414        0.295   0.2375  0.      
GRID       15415        0.2975  0.2375  0.      
GRID       15416        0.3     0.2375  0.      
GRID       15417        0.3025  0.2375  0.      
GRID       15418        0.305   0.2375  0.      
GRID       15419        0.3075  0.2375  0.      
GRID       15420        0.31    0.2375  0.      
GRID       15421        0.3125  0.2375  0.      
GRID       15422        0.315   0.2375  0.      
GRID       15423        0.3175  0.2375  0.      
GRID       15424        0.32    0.2375  0.      
GRID       15425        0.3225  0.2375  0.      
GRID       15426        0.325   0.2375  0.      
GRID       15427        0.3275  0.2375  0.      
GRID       15428        0.33    0.2375  0.      
GRID       15429        0.3325  0.2375  0.      
GRID       15430        0.335   0.2375  0.      
GRID       15431        0.3375  0.2375  0.      
GRID       15432        0.34    0.2375  0.      
GRID       15433        0.3425  0.2375  0.      
GRID       15434        0.345   0.2375  0.      
GRID       15435        0.3475  0.2375  0.      
GRID       15436        0.35    0.2375  0.      
GRID       15437        0.3525  0.2375  0.      
GRID       15438        0.355   0.2375  0.      
GRID       15439        0.3575  0.2375  0.      
GRID       15440        0.36    0.2375  0.      
GRID       15441        0.3625  0.2375  0.      
GRID       15442        0.365   0.2375  0.      
GRID       15443        0.3675  0.2375  0.      
GRID       15444        0.37    0.2375  0.      
GRID       15445        0.3725  0.2375  0.      
GRID       15446        0.375   0.2375  0.      
GRID       15447        0.3775  0.2375  0.      
GRID       15448        0.38    0.2375  0.      
GRID       15449        0.3825  0.2375  0.      
GRID       15450        0.385   0.2375  0.      
GRID       15451        0.3875  0.2375  0.      
GRID       15452        0.39    0.2375  0.      
GRID       15453        0.3925  0.2375  0.      
GRID       15454        0.395   0.2375  0.      
GRID       15455        0.3975  0.2375  0.      
GRID       15456        0.4     0.2375  0.      
GRID       15457        0.      0.24    0.      
GRID       15458        0.0025  0.24    0.      
GRID       15459        0.005   0.24    0.      
GRID       15460        0.0075  0.24    0.      
GRID       15461        0.01    0.24    0.      
GRID       15462        0.0125  0.24    0.      
GRID       15463        0.015   0.24    0.      
GRID       15464        0.0175  0.24    0.      
GRID       15465        0.02    0.24    0.      
GRID       15466        0.0225  0.24    0.      
GRID       15467        0.025   0.24    0.      
GRID       15468        0.0275  0.24    0.      
GRID       15469        0.03    0.24    0.      
GRID       15470        0.0325  0.24    0.      
GRID       15471        0.035   0.24    0.      
GRID       15472        0.0375  0.24    0.      
GRID       15473        0.04    0.24    0.      
GRID       15474        0.0425  0.24    0.      
GRID       15475        0.045   0.24    0.      
GRID       15476        0.0475  0.24    0.      
GRID       15477        0.05    0.24    0.      
GRID       15478        0.0525  0.24    0.      
GRID       15479        0.055   0.24    0.      
GRID       15480        0.0575  0.24    0.      
GRID       15481        0.06    0.24    0.      
GRID       15482        0.0625  0.24    0.      
GRID       15483        0.065   0.24    0.      
GRID       15484        0.0675  0.24    0.      
GRID       15485        0.07    0.24    0.      
GRID       15486        0.0725  0.24    0.      
GRID       15487        0.075   0.24    0.      
GRID       15488        0.0775  0.24    0.      
GRID       15489        0.08    0.24    0.      
GRID       15490        0.0825  0.24    0.      
GRID       15491        0.085   0.24    0.      
GRID       15492        0.0875  0.24    0.      
GRID       15493        0.09    0.24    0.      
GRID       15494        0.0925  0.24    0.      
GRID       15495        0.095   0.24    0.      
GRID       15496        0.0975  0.24    0.      
GRID       15497        0.1     0.24    0.      
GRID       15498        0.1025  0.24    0.      
GRID       15499        0.105   0.24    0.      
GRID       15500        0.1075  0.24    0.      
GRID       15501        0.11    0.24    0.      
GRID       15502        0.1125  0.24    0.      
GRID       15503        0.115   0.24    0.      
GRID       15504        0.1175  0.24    0.      
GRID       15505        0.12    0.24    0.      
GRID       15506        0.1225  0.24    0.      
GRID       15507        0.125   0.24    0.      
GRID       15508        0.1275  0.24    0.      
GRID       15509        0.13    0.24    0.      
GRID       15510        0.1325  0.24    0.      
GRID       15511        0.135   0.24    0.      
GRID       15512        0.1375  0.24    0.      
GRID       15513        0.14    0.24    0.      
GRID       15514        0.1425  0.24    0.      
GRID       15515        0.145   0.24    0.      
GRID       15516        0.1475  0.24    0.      
GRID       15517        0.15    0.24    0.      
GRID       15518        0.1525  0.24    0.      
GRID       15519        0.155   0.24    0.      
GRID       15520        0.1575  0.24    0.      
GRID       15521        0.16    0.24    0.      
GRID       15522        0.1625  0.24    0.      
GRID       15523        0.165   0.24    0.      
GRID       15524        0.1675  0.24    0.      
GRID       15525        0.17    0.24    0.      
GRID       15526        0.1725  0.24    0.      
GRID       15527        0.175   0.24    0.      
GRID       15528        0.1775  0.24    0.      
GRID       15529        0.18    0.24    0.      
GRID       15530        0.1825  0.24    0.      
GRID       15531        0.185   0.24    0.      
GRID       15532        0.1875  0.24    0.      
GRID       15533        0.19    0.24    0.      
GRID       15534        0.1925  0.24    0.      
GRID       15535        0.195   0.24    0.      
GRID       15536        0.1975  0.24    0.      
GRID       15537        0.2     0.24    0.      
GRID       15538        0.2025  0.24    0.      
GRID       15539        0.205   0.24    0.      
GRID       15540        0.2075  0.24    0.      
GRID       15541        0.21    0.24    0.      
GRID       15542        0.2125  0.24    0.      
GRID       15543        0.215   0.24    0.      
GRID       15544        0.2175  0.24    0.      
GRID       15545        0.22    0.24    0.      
GRID       15546        0.2225  0.24    0.      
GRID       15547        0.225   0.24    0.      
GRID       15548        0.2275  0.24    0.      
GRID       15549        0.23    0.24    0.      
GRID       15550        0.2325  0.24    0.      
GRID       15551        0.235   0.24    0.      
GRID       15552        0.2375  0.24    0.      
GRID       15553        0.24    0.24    0.      
GRID       15554        0.2425  0.24    0.      
GRID       15555        0.245   0.24    0.      
GRID       15556        0.2475  0.24    0.      
GRID       15557        0.25    0.24    0.      
GRID       15558        0.2525  0.24    0.      
GRID       15559        0.255   0.24    0.      
GRID       15560        0.2575  0.24    0.      
GRID       15561        0.26    0.24    0.      
GRID       15562        0.2625  0.24    0.      
GRID       15563        0.265   0.24    0.      
GRID       15564        0.2675  0.24    0.      
GRID       15565        0.27    0.24    0.      
GRID       15566        0.2725  0.24    0.      
GRID       15567        0.275   0.24    0.      
GRID       15568        0.2775  0.24    0.      
GRID       15569        0.28    0.24    0.      
GRID       15570        0.2825  0.24    0.      
GRID       15571        0.285   0.24    0.      
GRID       15572        0.2875  0.24    0.      
GRID       15573        0.29    0.24    0.      
GRID       15574        0.2925  0.24    0.      
GRID       15575        0.295   0.24    0.      
GRID       15576        0.2975  0.24    0.      
GRID       15577        0.3     0.24    0.      
GRID       15578        0.3025  0.24    0.      
GRID       15579        0.305   0.24    0.      
GRID       15580        0.3075  0.24    0.      
GRID       15581        0.31    0.24    0.      
GRID       15582        0.3125  0.24    0.      
GRID       15583        0.315   0.24    0.      
GRID       15584        0.3175  0.24    0.      
GRID       15585        0.32    0.24    0.      
GRID       15586        0.3225  0.24    0.      
GRID       15587        0.325   0.24    0.      
GRID       15588        0.3275  0.24    0.      
GRID       15589        0.33    0.24    0.      
GRID       15590        0.3325  0.24    0.      
GRID       15591        0.335   0.24    0.      
GRID       15592        0.3375  0.24    0.      
GRID       15593        0.34    0.24    0.      
GRID       15594        0.3425  0.24    0.      
GRID       15595        0.345   0.24    0.      
GRID       15596        0.3475  0.24    0.      
GRID       15597        0.35    0.24    0.      
GRID       15598        0.3525  0.24    0.      
GRID       15599        0.355   0.24    0.      
GRID       15600        0.3575  0.24    0.      
GRID       15601        0.36    0.24    0.      
GRID       15602        0.3625  0.24    0.      
GRID       15603        0.365   0.24    0.      
GRID       15604        0.3675  0.24    0.      
GRID       15605        0.37    0.24    0.      
GRID       15606        0.3725  0.24    0.      
GRID       15607        0.375   0.24    0.      
GRID       15608        0.3775  0.24    0.      
GRID       15609        0.38    0.24    0.      
GRID       15610        0.3825  0.24    0.      
GRID       15611        0.385   0.24    0.      
GRID       15612        0.3875  0.24    0.      
GRID       15613        0.39    0.24    0.      
GRID       15614        0.3925  0.24    0.      
GRID       15615        0.395   0.24    0.      
GRID       15616        0.3975  0.24    0.      
GRID       15617        0.4     0.24    0.      
GRID       15618        0.      0.2425  0.      
GRID       15619        0.0025  0.2425  0.      
GRID       15620        0.005   0.2425  0.      
GRID       15621        0.0075  0.2425  0.      
GRID       15622        0.01    0.2425  0.      
GRID       15623        0.0125  0.2425  0.      
GRID       15624        0.015   0.2425  0.      
GRID       15625        0.0175  0.2425  0.      
GRID       15626        0.02    0.2425  0.      
GRID       15627        0.0225  0.2425  0.      
GRID       15628        0.025   0.2425  0.      
GRID       15629        0.0275  0.2425  0.      
GRID       15630        0.03    0.2425  0.      
GRID       15631        0.0325  0.2425  0.      
GRID       15632        0.035   0.2425  0.      
GRID       15633        0.0375  0.2425  0.      
GRID       15634        0.04    0.2425  0.      
GRID       15635        0.0425  0.2425  0.      
GRID       15636        0.045   0.2425  0.      
GRID       15637        0.0475  0.2425  0.      
GRID       15638        0.05    0.2425  0.      
GRID       15639        0.0525  0.2425  0.      
GRID       15640        0.055   0.2425  0.      
GRID       15641        0.0575  0.2425  0.      
GRID       15642        0.06    0.2425  0.      
GRID       15643        0.0625  0.2425  0.      
GRID       15644        0.065   0.2425  0.      
GRID       15645        0.0675  0.2425  0.      
GRID       15646        0.07    0.2425  0.      
GRID       15647        0.0725  0.2425  0.      
GRID       15648        0.075   0.2425  0.      
GRID       15649        0.0775  0.2425  0.      
GRID       15650        0.08    0.2425  0.      
GRID       15651        0.0825  0.2425  0.      
GRID       15652        0.085   0.2425  0.      
GRID       15653        0.0875  0.2425  0.      
GRID       15654        0.09    0.2425  0.      
GRID       15655        0.0925  0.2425  0.      
GRID       15656        0.095   0.2425  0.      
GRID       15657        0.0975  0.2425  0.      
GRID       15658        0.1     0.2425  0.      
GRID       15659        0.1025  0.2425  0.      
GRID       15660        0.105   0.2425  0.      
GRID       15661        0.1075  0.2425  0.      
GRID       15662        0.11    0.2425  0.      
GRID       15663        0.1125  0.2425  0.      
GRID       15664        0.115   0.2425  0.      
GRID       15665        0.1175  0.2425  0.      
GRID       15666        0.12    0.2425  0.      
GRID       15667        0.1225  0.2425  0.      
GRID       15668        0.125   0.2425  0.      
GRID       15669        0.1275  0.2425  0.      
GRID       15670        0.13    0.2425  0.      
GRID       15671        0.1325  0.2425  0.      
GRID       15672        0.135   0.2425  0.      
GRID       15673        0.1375  0.2425  0.      
GRID       15674        0.14    0.2425  0.      
GRID       15675        0.1425  0.2425  0.      
GRID       15676        0.145   0.2425  0.      
GRID       15677        0.1475  0.2425  0.      
GRID       15678        0.15    0.2425  0.      
GRID       15679        0.1525  0.2425  0.      
GRID       15680        0.155   0.2425  0.      
GRID       15681        0.1575  0.2425  0.      
GRID       15682        0.16    0.2425  0.      
GRID       15683        0.1625  0.2425  0.      
GRID       15684        0.165   0.2425  0.      
GRID       15685        0.1675  0.2425  0.      
GRID       15686        0.17    0.2425  0.      
GRID       15687        0.1725  0.2425  0.      
GRID       15688        0.175   0.2425  0.      
GRID       15689        0.1775  0.2425  0.      
GRID       15690        0.18    0.2425  0.      
GRID       15691        0.1825  0.2425  0.      
GRID       15692        0.185   0.2425  0.      
GRID       15693        0.1875  0.2425  0.      
GRID       15694        0.19    0.2425  0.      
GRID       15695        0.1925  0.2425  0.      
GRID       15696        0.195   0.2425  0.      
GRID       15697        0.1975  0.2425  0.      
GRID       15698        0.2     0.2425  0.      
GRID       15699        0.2025  0.2425  0.      
GRID       15700        0.205   0.2425  0.      
GRID       15701        0.2075  0.2425  0.      
GRID       15702        0.21    0.2425  0.      
GRID       15703        0.2125  0.2425  0.      
GRID       15704        0.215   0.2425  0.      
GRID       15705        0.2175  0.2425  0.      
GRID       15706        0.22    0.2425  0.      
GRID       15707        0.2225  0.2425  0.      
GRID       15708        0.225   0.2425  0.      
GRID       15709        0.2275  0.2425  0.      
GRID       15710        0.23    0.2425  0.      
GRID       15711        0.2325  0.2425  0.      
GRID       15712        0.235   0.2425  0.      
GRID       15713        0.2375  0.2425  0.      
GRID       15714        0.24    0.2425  0.      
GRID       15715        0.2425  0.2425  0.      
GRID       15716        0.245   0.2425  0.      
GRID       15717        0.2475  0.2425  0.      
GRID       15718        0.25    0.2425  0.      
GRID       15719        0.2525  0.2425  0.      
GRID       15720        0.255   0.2425  0.      
GRID       15721        0.2575  0.2425  0.      
GRID       15722        0.26    0.2425  0.      
GRID       15723        0.2625  0.2425  0.      
GRID       15724        0.265   0.2425  0.      
GRID       15725        0.2675  0.2425  0.      
GRID       15726        0.27    0.2425  0.      
GRID       15727        0.2725  0.2425  0.      
GRID       15728        0.275   0.2425  0.      
GRID       15729        0.2775  0.2425  0.      
GRID       15730        0.28    0.2425  0.      
GRID       15731        0.2825  0.2425  0.      
GRID       15732        0.285   0.2425  0.      
GRID       15733        0.2875  0.2425  0.      
GRID       15734        0.29    0.2425  0.      
GRID       15735        0.2925  0.2425  0.      
GRID       15736        0.295   0.2425  0.      
GRID       15737        0.2975  0.2425  0.      
GRID       15738        0.3     0.2425  0.      
GRID       15739        0.3025  0.2425  0.      
GRID       15740        0.305   0.2425  0.      
GRID       15741        0.3075  0.2425  0.      
GRID       15742        0.31    0.2425  0.      
GRID       15743        0.3125  0.2425  0.      
GRID       15744        0.315   0.2425  0.      
GRID       15745        0.3175  0.2425  0.      
GRID       15746        0.32    0.2425  0.      
GRID       15747        0.3225  0.2425  0.      
GRID       15748        0.325   0.2425  0.      
GRID       15749        0.3275  0.2425  0.      
GRID       15750        0.33    0.2425  0.      
GRID       15751        0.3325  0.2425  0.      
GRID       15752        0.335   0.2425  0.      
GRID       15753        0.3375  0.2425  0.      
GRID       15754        0.34    0.2425  0.      
GRID       15755        0.3425  0.2425  0.      
GRID       15756        0.345   0.2425  0.      
GRID       15757        0.3475  0.2425  0.      
GRID       15758        0.35    0.2425  0.      
GRID       15759        0.3525  0.2425  0.      
GRID       15760        0.355   0.2425  0.      
GRID       15761        0.3575  0.2425  0.      
GRID       15762        0.36    0.2425  0.      
GRID       15763        0.3625  0.2425  0.      
GRID       15764        0.365   0.2425  0.      
GRID       15765        0.3675  0.2425  0.      
GRID       15766        0.37    0.2425  0.      
GRID       15767        0.3725  0.2425  0.      
GRID       15768        0.375   0.2425  0.      
GRID       15769        0.3775  0.2425  0.      
GRID       15770        0.38    0.2425  0.      
GRID       15771        0.3825  0.2425  0.      
GRID       15772        0.385   0.2425  0.      
GRID       15773        0.3875  0.2425  0.      
GRID       15774        0.39    0.2425  0.      
GRID       15775        0.3925  0.2425  0.      
GRID       15776        0.395   0.2425  0.      
GRID       15777        0.3975  0.2425  0.      
GRID       15778        0.4     0.2425  0.      
GRID       15779        0.      0.245   0.      
GRID       15780        0.0025  0.245   0.      
GRID       15781        0.005   0.245   0.      
GRID       15782        0.0075  0.245   0.      
GRID       15783        0.01    0.245   0.      
GRID       15784        0.0125  0.245   0.      
GRID       15785        0.015   0.245   0.      
GRID       15786        0.0175  0.245   0.      
GRID       15787        0.02    0.245   0.      
GRID       15788        0.0225  0.245   0.      
GRID       15789        0.025   0.245   0.      
GRID       15790        0.0275  0.245   0.      
GRID       15791        0.03    0.245   0.      
GRID       15792        0.0325  0.245   0.      
GRID       15793        0.035   0.245   0.      
GRID       15794        0.0375  0.245   0.      
GRID       15795        0.04    0.245   0.      
GRID       15796        0.0425  0.245   0.      
GRID       15797        0.045   0.245   0.      
GRID       15798        0.0475  0.245   0.      
GRID       15799        0.05    0.245   0.      
GRID       15800        0.0525  0.245   0.      
GRID       15801        0.055   0.245   0.      
GRID       15802        0.0575  0.245   0.      
GRID       15803        0.06    0.245   0.      
GRID       15804        0.0625  0.245   0.      
GRID       15805        0.065   0.245   0.      
GRID       15806        0.0675  0.245   0.      
GRID       15807        0.07    0.245   0.      
GRID       15808        0.0725  0.245   0.      
GRID       15809        0.075   0.245   0.      
GRID       15810        0.0775  0.245   0.      
GRID       15811        0.08    0.245   0.      
GRID       15812        0.0825  0.245   0.      
GRID       15813        0.085   0.245   0.      
GRID       15814        0.0875  0.245   0.      
GRID       15815        0.09    0.245   0.      
GRID       15816        0.0925  0.245   0.      
GRID       15817        0.095   0.245   0.      
GRID       15818        0.0975  0.245   0.      
GRID       15819        0.1     0.245   0.      
GRID       15820        0.1025  0.245   0.      
GRID       15821        0.105   0.245   0.      
GRID       15822        0.1075  0.245   0.      
GRID       15823        0.11    0.245   0.      
GRID       15824        0.1125  0.245   0.      
GRID       15825        0.115   0.245   0.      
GRID       15826        0.1175  0.245   0.      
GRID       15827        0.12    0.245   0.      
GRID       15828        0.1225  0.245   0.      
GRID       15829        0.125   0.245   0.      
GRID       15830        0.1275  0.245   0.      
GRID       15831        0.13    0.245   0.      
GRID       15832        0.1325  0.245   0.      
GRID       15833        0.135   0.245   0.      
GRID       15834        0.1375  0.245   0.      
GRID       15835        0.14    0.245   0.      
GRID       15836        0.1425  0.245   0.      
GRID       15837        0.145   0.245   0.      
GRID       15838        0.1475  0.245   0.      
GRID       15839        0.15    0.245   0.      
GRID       15840        0.1525  0.245   0.      
GRID       15841        0.155   0.245   0.      
GRID       15842        0.1575  0.245   0.      
GRID       15843        0.16    0.245   0.      
GRID       15844        0.1625  0.245   0.      
GRID       15845        0.165   0.245   0.      
GRID       15846        0.1675  0.245   0.      
GRID       15847        0.17    0.245   0.      
GRID       15848        0.1725  0.245   0.      
GRID       15849        0.175   0.245   0.      
GRID       15850        0.1775  0.245   0.      
GRID       15851        0.18    0.245   0.      
GRID       15852        0.1825  0.245   0.      
GRID       15853        0.185   0.245   0.      
GRID       15854        0.1875  0.245   0.      
GRID       15855        0.19    0.245   0.      
GRID       15856        0.1925  0.245   0.      
GRID       15857        0.195   0.245   0.      
GRID       15858        0.1975  0.245   0.      
GRID       15859        0.2     0.245   0.      
GRID       15860        0.2025  0.245   0.      
GRID       15861        0.205   0.245   0.      
GRID       15862        0.2075  0.245   0.      
GRID       15863        0.21    0.245   0.      
GRID       15864        0.2125  0.245   0.      
GRID       15865        0.215   0.245   0.      
GRID       15866        0.2175  0.245   0.      
GRID       15867        0.22    0.245   0.      
GRID       15868        0.2225  0.245   0.      
GRID       15869        0.225   0.245   0.      
GRID       15870        0.2275  0.245   0.      
GRID       15871        0.23    0.245   0.      
GRID       15872        0.2325  0.245   0.      
GRID       15873        0.235   0.245   0.      
GRID       15874        0.2375  0.245   0.      
GRID       15875        0.24    0.245   0.      
GRID       15876        0.2425  0.245   0.      
GRID       15877        0.245   0.245   0.      
GRID       15878        0.2475  0.245   0.      
GRID       15879        0.25    0.245   0.      
GRID       15880        0.2525  0.245   0.      
GRID       15881        0.255   0.245   0.      
GRID       15882        0.2575  0.245   0.      
GRID       15883        0.26    0.245   0.      
GRID       15884        0.2625  0.245   0.      
GRID       15885        0.265   0.245   0.      
GRID       15886        0.2675  0.245   0.      
GRID       15887        0.27    0.245   0.      
GRID       15888        0.2725  0.245   0.      
GRID       15889        0.275   0.245   0.      
GRID       15890        0.2775  0.245   0.      
GRID       15891        0.28    0.245   0.      
GRID       15892        0.2825  0.245   0.      
GRID       15893        0.285   0.245   0.      
GRID       15894        0.2875  0.245   0.      
GRID       15895        0.29    0.245   0.      
GRID       15896        0.2925  0.245   0.      
GRID       15897        0.295   0.245   0.      
GRID       15898        0.2975  0.245   0.      
GRID       15899        0.3     0.245   0.      
GRID       15900        0.3025  0.245   0.      
GRID       15901        0.305   0.245   0.      
GRID       15902        0.3075  0.245   0.      
GRID       15903        0.31    0.245   0.      
GRID       15904        0.3125  0.245   0.      
GRID       15905        0.315   0.245   0.      
GRID       15906        0.3175  0.245   0.      
GRID       15907        0.32    0.245   0.      
GRID       15908        0.3225  0.245   0.      
GRID       15909        0.325   0.245   0.      
GRID       15910        0.3275  0.245   0.      
GRID       15911        0.33    0.245   0.      
GRID       15912        0.3325  0.245   0.      
GRID       15913        0.335   0.245   0.      
GRID       15914        0.3375  0.245   0.      
GRID       15915        0.34    0.245   0.      
GRID       15916        0.3425  0.245   0.      
GRID       15917        0.345   0.245   0.      
GRID       15918        0.3475  0.245   0.      
GRID       15919        0.35    0.245   0.      
GRID       15920        0.3525  0.245   0.      
GRID       15921        0.355   0.245   0.      
GRID       15922        0.3575  0.245   0.      
GRID       15923        0.36    0.245   0.      
GRID       15924        0.3625  0.245   0.      
GRID       15925        0.365   0.245   0.      
GRID       15926        0.3675  0.245   0.      
GRID       15927        0.37    0.245   0.      
GRID       15928        0.3725  0.245   0.      
GRID       15929        0.375   0.245   0.      
GRID       15930        0.3775  0.245   0.      
GRID       15931        0.38    0.245   0.      
GRID       15932        0.3825  0.245   0.      
GRID       15933        0.385   0.245   0.      
GRID       15934        0.3875  0.245   0.      
GRID       15935        0.39    0.245   0.      
GRID       15936        0.3925  0.245   0.      
GRID       15937        0.395   0.245   0.      
GRID       15938        0.3975  0.245   0.      
GRID       15939        0.4     0.245   0.      
GRID       15940        0.      0.2475  0.      
GRID       15941        0.0025  0.2475  0.      
GRID       15942        0.005   0.2475  0.      
GRID       15943        0.0075  0.2475  0.      
GRID       15944        0.01    0.2475  0.      
GRID       15945        0.0125  0.2475  0.      
GRID       15946        0.015   0.2475  0.      
GRID       15947        0.0175  0.2475  0.      
GRID       15948        0.02    0.2475  0.      
GRID       15949        0.0225  0.2475  0.      
GRID       15950        0.025   0.2475  0.      
GRID       15951        0.0275  0.2475  0.      
GRID       15952        0.03    0.2475  0.      
GRID       15953        0.0325  0.2475  0.      
GRID       15954        0.035   0.2475  0.      
GRID       15955        0.0375  0.2475  0.      
GRID       15956        0.04    0.2475  0.      
GRID       15957        0.0425  0.2475  0.      
GRID       15958        0.045   0.2475  0.      
GRID       15959        0.0475  0.2475  0.      
GRID       15960        0.05    0.2475  0.      
GRID       15961        0.0525  0.2475  0.      
GRID       15962        0.055   0.2475  0.      
GRID       15963        0.0575  0.2475  0.      
GRID       15964        0.06    0.2475  0.      
GRID       15965        0.0625  0.2475  0.      
GRID       15966        0.065   0.2475  0.      
GRID       15967        0.0675  0.2475  0.      
GRID       15968        0.07    0.2475  0.      
GRID       15969        0.0725  0.2475  0.      
GRID       15970        0.075   0.2475  0.      
GRID       15971        0.0775  0.2475  0.      
GRID       15972        0.08    0.2475  0.      
GRID       15973        0.0825  0.2475  0.      
GRID       15974        0.085   0.2475  0.      
GRID       15975        0.0875  0.2475  0.      
GRID       15976        0.09    0.2475  0.      
GRID       15977        0.0925  0.2475  0.      
GRID       15978        0.095   0.2475  0.      
GRID       15979        0.0975  0.2475  0.      
GRID       15980        0.1     0.2475  0.      
GRID       15981        0.1025  0.2475  0.      
GRID       15982        0.105   0.2475  0.      
GRID       15983        0.1075  0.2475  0.      
GRID       15984        0.11    0.2475  0.      
GRID       15985        0.1125  0.2475  0.      
GRID       15986        0.115   0.2475  0.      
GRID       15987        0.1175  0.2475  0.      
GRID       15988        0.12    0.2475  0.      
GRID       15989        0.1225  0.2475  0.      
GRID       15990        0.125   0.2475  0.      
GRID       15991        0.1275  0.2475  0.      
GRID       15992        0.13    0.2475  0.      
GRID       15993        0.1325  0.2475  0.      
GRID       15994        0.135   0.2475  0.      
GRID       15995        0.1375  0.2475  0.      
GRID       15996        0.14    0.2475  0.      
GRID       15997        0.1425  0.2475  0.      
GRID       15998        0.145   0.2475  0.      
GRID       15999        0.1475  0.2475  0.      
GRID       16000        0.15    0.2475  0.      
GRID       16001        0.1525  0.2475  0.      
GRID       16002        0.155   0.2475  0.      
GRID       16003        0.1575  0.2475  0.      
GRID       16004        0.16    0.2475  0.      
GRID       16005        0.1625  0.2475  0.      
GRID       16006        0.165   0.2475  0.      
GRID       16007        0.1675  0.2475  0.      
GRID       16008        0.17    0.2475  0.      
GRID       16009        0.1725  0.2475  0.      
GRID       16010        0.175   0.2475  0.      
GRID       16011        0.1775  0.2475  0.      
GRID       16012        0.18    0.2475  0.      
GRID       16013        0.1825  0.2475  0.      
GRID       16014        0.185   0.2475  0.      
GRID       16015        0.1875  0.2475  0.      
GRID       16016        0.19    0.2475  0.      
GRID       16017        0.1925  0.2475  0.      
GRID       16018        0.195   0.2475  0.      
GRID       16019        0.1975  0.2475  0.      
GRID       16020        0.2     0.2475  0.      
GRID       16021        0.2025  0.2475  0.      
GRID       16022        0.205   0.2475  0.      
GRID       16023        0.2075  0.2475  0.      
GRID       16024        0.21    0.2475  0.      
GRID       16025        0.2125  0.2475  0.      
GRID       16026        0.215   0.2475  0.      
GRID       16027        0.2175  0.2475  0.      
GRID       16028        0.22    0.2475  0.      
GRID       16029        0.2225  0.2475  0.      
GRID       16030        0.225   0.2475  0.      
GRID       16031        0.2275  0.2475  0.      
GRID       16032        0.23    0.2475  0.      
GRID       16033        0.2325  0.2475  0.      
GRID       16034        0.235   0.2475  0.      
GRID       16035        0.2375  0.2475  0.      
GRID       16036        0.24    0.2475  0.      
GRID       16037        0.2425  0.2475  0.      
GRID       16038        0.245   0.2475  0.      
GRID       16039        0.2475  0.2475  0.      
GRID       16040        0.25    0.2475  0.      
GRID       16041        0.2525  0.2475  0.      
GRID       16042        0.255   0.2475  0.      
GRID       16043        0.2575  0.2475  0.      
GRID       16044        0.26    0.2475  0.      
GRID       16045        0.2625  0.2475  0.      
GRID       16046        0.265   0.2475  0.      
GRID       16047        0.2675  0.2475  0.      
GRID       16048        0.27    0.2475  0.      
GRID       16049        0.2725  0.2475  0.      
GRID       16050        0.275   0.2475  0.      
GRID       16051        0.2775  0.2475  0.      
GRID       16052        0.28    0.2475  0.      
GRID       16053        0.2825  0.2475  0.      
GRID       16054        0.285   0.2475  0.      
GRID       16055        0.2875  0.2475  0.      
GRID       16056        0.29    0.2475  0.      
GRID       16057        0.2925  0.2475  0.      
GRID       16058        0.295   0.2475  0.      
GRID       16059        0.2975  0.2475  0.      
GRID       16060        0.3     0.2475  0.      
GRID       16061        0.3025  0.2475  0.      
GRID       16062        0.305   0.2475  0.      
GRID       16063        0.3075  0.2475  0.      
GRID       16064        0.31    0.2475  0.      
GRID       16065        0.3125  0.2475  0.      
GRID       16066        0.315   0.2475  0.      
GRID       16067        0.3175  0.2475  0.      
GRID       16068        0.32    0.2475  0.      
GRID       16069        0.3225  0.2475  0.      
GRID       16070        0.325   0.2475  0.      
GRID       16071        0.3275  0.2475  0.      
GRID       16072        0.33    0.2475  0.      
GRID       16073        0.3325  0.2475  0.      
GRID       16074        0.335   0.2475  0.      
GRID       16075        0.3375  0.2475  0.      
GRID       16076        0.34    0.2475  0.      
GRID       16077        0.3425  0.2475  0.      
GRID       16078        0.345   0.2475  0.      
GRID       16079        0.3475  0.2475  0.      
GRID       16080        0.35    0.2475  0.      
GRID       16081        0.3525  0.2475  0.      
GRID       16082        0.355   0.2475  0.      
GRID       16083        0.3575  0.2475  0.      
GRID       16084        0.36    0.2475  0.      
GRID       16085        0.3625  0.2475  0.      
GRID       16086        0.365   0.2475  0.      
GRID       16087        0.3675  0.2475  0.      
GRID       16088        0.37    0.2475  0.      
GRID       16089        0.3725  0.2475  0.      
GRID       16090        0.375   0.2475  0.      
GRID       16091        0.3775  0.2475  0.      
GRID       16092        0.38    0.2475  0.      
GRID       16093        0.3825  0.2475  0.      
GRID       16094        0.385   0.2475  0.      
GRID       16095        0.3875  0.2475  0.      
GRID       16096        0.39    0.2475  0.      
GRID       16097        0.3925  0.2475  0.      
GRID       16098        0.395   0.2475  0.      
GRID       16099        0.3975  0.2475  0.      
GRID       16100        0.4     0.2475  0.      
GRID       16101        0.      0.25    0.      
GRID       16102        0.0025  0.25    0.      
GRID       16103        0.005   0.25    0.      
GRID       16104        0.0075  0.25    0.      
GRID       16105        0.01    0.25    0.      
GRID       16106        0.0125  0.25    0.      
GRID       16107        0.015   0.25    0.      
GRID       16108        0.0175  0.25    0.      
GRID       16109        0.02    0.25    0.      
GRID       16110        0.0225  0.25    0.      
GRID       16111        0.025   0.25    0.      
GRID       16112        0.0275  0.25    0.      
GRID       16113        0.03    0.25    0.      
GRID       16114        0.0325  0.25    0.      
GRID       16115        0.035   0.25    0.      
GRID       16116        0.0375  0.25    0.      
GRID       16117        0.04    0.25    0.      
GRID       16118        0.0425  0.25    0.      
GRID       16119        0.045   0.25    0.      
GRID       16120        0.0475  0.25    0.      
GRID       16121        0.05    0.25    0.      
GRID       16122        0.0525  0.25    0.      
GRID       16123        0.055   0.25    0.      
GRID       16124        0.0575  0.25    0.      
GRID       16125        0.06    0.25    0.      
GRID       16126        0.0625  0.25    0.      
GRID       16127        0.065   0.25    0.      
GRID       16128        0.0675  0.25    0.      
GRID       16129        0.07    0.25    0.      
GRID       16130        0.0725  0.25    0.      
GRID       16131        0.075   0.25    0.      
GRID       16132        0.0775  0.25    0.      
GRID       16133        0.08    0.25    0.      
GRID       16134        0.0825  0.25    0.      
GRID       16135        0.085   0.25    0.      
GRID       16136        0.0875  0.25    0.      
GRID       16137        0.09    0.25    0.      
GRID       16138        0.0925  0.25    0.      
GRID       16139        0.095   0.25    0.      
GRID       16140        0.0975  0.25    0.      
GRID       16141        0.1     0.25    0.      
GRID       16142        0.1025  0.25    0.      
GRID       16143        0.105   0.25    0.      
GRID       16144        0.1075  0.25    0.      
GRID       16145        0.11    0.25    0.      
GRID       16146        0.1125  0.25    0.      
GRID       16147        0.115   0.25    0.      
GRID       16148        0.1175  0.25    0.      
GRID       16149        0.12    0.25    0.      
GRID       16150        0.1225  0.25    0.      
GRID       16151        0.125   0.25    0.      
GRID       16152        0.1275  0.25    0.      
GRID       16153        0.13    0.25    0.      
GRID       16154        0.1325  0.25    0.      
GRID       16155        0.135   0.25    0.      
GRID       16156        0.1375  0.25    0.      
GRID       16157        0.14    0.25    0.      
GRID       16158        0.1425  0.25    0.      
GRID       16159        0.145   0.25    0.      
GRID       16160        0.1475  0.25    0.      
GRID       16161        0.15    0.25    0.      
GRID       16162        0.1525  0.25    0.      
GRID       16163        0.155   0.25    0.      
GRID       16164        0.1575  0.25    0.      
GRID       16165        0.16    0.25    0.      
GRID       16166        0.1625  0.25    0.      
GRID       16167        0.165   0.25    0.      
GRID       16168        0.1675  0.25    0.      
GRID       16169        0.17    0.25    0.      
GRID       16170        0.1725  0.25    0.      
GRID       16171        0.175   0.25    0.      
GRID       16172        0.1775  0.25    0.      
GRID       16173        0.18    0.25    0.      
GRID       16174        0.1825  0.25    0.      
GRID       16175        0.185   0.25    0.      
GRID       16176        0.1875  0.25    0.      
GRID       16177        0.19    0.25    0.      
GRID       16178        0.1925  0.25    0.      
GRID       16179        0.195   0.25    0.      
GRID       16180        0.1975  0.25    0.      
GRID       16181        0.2     0.25    0.      
GRID       16182        0.2025  0.25    0.      
GRID       16183        0.205   0.25    0.      
GRID       16184        0.2075  0.25    0.      
GRID       16185        0.21    0.25    0.      
GRID       16186        0.2125  0.25    0.      
GRID       16187        0.215   0.25    0.      
GRID       16188        0.2175  0.25    0.      
GRID       16189        0.22    0.25    0.      
GRID       16190        0.2225  0.25    0.      
GRID       16191        0.225   0.25    0.      
GRID       16192        0.2275  0.25    0.      
GRID       16193        0.23    0.25    0.      
GRID       16194        0.2325  0.25    0.      
GRID       16195        0.235   0.25    0.      
GRID       16196        0.2375  0.25    0.      
GRID       16197        0.24    0.25    0.      
GRID       16198        0.2425  0.25    0.      
GRID       16199        0.245   0.25    0.      
GRID       16200        0.2475  0.25    0.      
GRID       16201        0.25    0.25    0.      
GRID       16202        0.2525  0.25    0.      
GRID       16203        0.255   0.25    0.      
GRID       16204        0.2575  0.25    0.      
GRID       16205        0.26    0.25    0.      
GRID       16206        0.2625  0.25    0.      
GRID       16207        0.265   0.25    0.      
GRID       16208        0.2675  0.25    0.      
GRID       16209        0.27    0.25    0.      
GRID       16210        0.2725  0.25    0.      
GRID       16211        0.275   0.25    0.      
GRID       16212        0.2775  0.25    0.      
GRID       16213        0.28    0.25    0.      
GRID       16214        0.2825  0.25    0.      
GRID       16215        0.285   0.25    0.      
GRID       16216        0.2875  0.25    0.      
GRID       16217        0.29    0.25    0.      
GRID       16218        0.2925  0.25    0.      
GRID       16219        0.295   0.25    0.      
GRID       16220        0.2975  0.25    0.      
GRID       16221        0.3     0.25    0.      
GRID       16222        0.3025  0.25    0.      
GRID       16223        0.305   0.25    0.      
GRID       16224        0.3075  0.25    0.      
GRID       16225        0.31    0.25    0.      
GRID       16226        0.3125  0.25    0.      
GRID       16227        0.315   0.25    0.      
GRID       16228        0.3175  0.25    0.      
GRID       16229        0.32    0.25    0.      
GRID       16230        0.3225  0.25    0.      
GRID       16231        0.325   0.25    0.      
GRID       16232        0.3275  0.25    0.      
GRID       16233        0.33    0.25    0.      
GRID       16234        0.3325  0.25    0.      
GRID       16235        0.335   0.25    0.      
GRID       16236        0.3375  0.25    0.      
GRID       16237        0.34    0.25    0.      
GRID       16238        0.3425  0.25    0.      
GRID       16239        0.345   0.25    0.      
GRID       16240        0.3475  0.25    0.      
GRID       16241        0.35    0.25    0.      
GRID       16242        0.3525  0.25    0.      
GRID       16243        0.355   0.25    0.      
GRID       16244        0.3575  0.25    0.      
GRID       16245        0.36    0.25    0.      
GRID       16246        0.3625  0.25    0.      
GRID       16247        0.365   0.25    0.      
GRID       16248        0.3675  0.25    0.      
GRID       16249        0.37    0.25    0.      
GRID       16250        0.3725  0.25    0.      
GRID       16251        0.375   0.25    0.      
GRID       16252        0.3775  0.25    0.      
GRID       16253        0.38    0.25    0.      
GRID       16254        0.3825  0.25    0.      
GRID       16255        0.385   0.25    0.      
GRID       16256        0.3875  0.25    0.      
GRID       16257        0.39    0.25    0.      
GRID       16258        0.3925  0.25    0.      
GRID       16259        0.395   0.25    0.      
GRID       16260        0.3975  0.25    0.      
GRID       16261        0.4     0.25    0.      
GRID       16262        0.      0.2525  0.      
GRID       16263        0.0025  0.2525  0.      
GRID       16264        0.005   0.2525  0.      
GRID       16265        0.0075  0.2525  0.      
GRID       16266        0.01    0.2525  0.      
GRID       16267        0.0125  0.2525  0.      
GRID       16268        0.015   0.2525  0.      
GRID       16269        0.0175  0.2525  0.      
GRID       16270        0.02    0.2525  0.      
GRID       16271        0.0225  0.2525  0.      
GRID       16272        0.025   0.2525  0.      
GRID       16273        0.0275  0.2525  0.      
GRID       16274        0.03    0.2525  0.      
GRID       16275        0.0325  0.2525  0.      
GRID       16276        0.035   0.2525  0.      
GRID       16277        0.0375  0.2525  0.      
GRID       16278        0.04    0.2525  0.      
GRID       16279        0.0425  0.2525  0.      
GRID       16280        0.045   0.2525  0.      
GRID       16281        0.0475  0.2525  0.      
GRID       16282        0.05    0.2525  0.      
GRID       16283        0.0525  0.2525  0.      
GRID       16284        0.055   0.2525  0.      
GRID       16285        0.0575  0.2525  0.      
GRID       16286        0.06    0.2525  0.      
GRID       16287        0.0625  0.2525  0.      
GRID       16288        0.065   0.2525  0.      
GRID       16289        0.0675  0.2525  0.      
GRID       16290        0.07    0.2525  0.      
GRID       16291        0.0725  0.2525  0.      
GRID       16292        0.075   0.2525  0.      
GRID       16293        0.0775  0.2525  0.      
GRID       16294        0.08    0.2525  0.      
GRID       16295        0.0825  0.2525  0.      
GRID       16296        0.085   0.2525  0.      
GRID       16297        0.0875  0.2525  0.      
GRID       16298        0.09    0.2525  0.      
GRID       16299        0.0925  0.2525  0.      
GRID       16300        0.095   0.2525  0.      
GRID       16301        0.0975  0.2525  0.      
GRID       16302        0.1     0.2525  0.      
GRID       16303        0.1025  0.2525  0.      
GRID       16304        0.105   0.2525  0.      
GRID       16305        0.1075  0.2525  0.      
GRID       16306        0.11    0.2525  0.      
GRID       16307        0.1125  0.2525  0.      
GRID       16308        0.115   0.2525  0.      
GRID       16309        0.1175  0.2525  0.      
GRID       16310        0.12    0.2525  0.      
GRID       16311        0.1225  0.2525  0.      
GRID       16312        0.125   0.2525  0.      
GRID       16313        0.1275  0.2525  0.      
GRID       16314        0.13    0.2525  0.      
GRID       16315        0.1325  0.2525  0.      
GRID       16316        0.135   0.2525  0.      
GRID       16317        0.1375  0.2525  0.      
GRID       16318        0.14    0.2525  0.      
GRID       16319        0.1425  0.2525  0.      
GRID       16320        0.145   0.2525  0.      
GRID       16321        0.1475  0.2525  0.      
GRID       16322        0.15    0.2525  0.      
GRID       16323        0.1525  0.2525  0.      
GRID       16324        0.155   0.2525  0.      
GRID       16325        0.1575  0.2525  0.      
GRID       16326        0.16    0.2525  0.      
GRID       16327        0.1625  0.2525  0.      
GRID       16328        0.165   0.2525  0.      
GRID       16329        0.1675  0.2525  0.      
GRID       16330        0.17    0.2525  0.      
GRID       16331        0.1725  0.2525  0.      
GRID       16332        0.175   0.2525  0.      
GRID       16333        0.1775  0.2525  0.      
GRID       16334        0.18    0.2525  0.      
GRID       16335        0.1825  0.2525  0.      
GRID       16336        0.185   0.2525  0.      
GRID       16337        0.1875  0.2525  0.      
GRID       16338        0.19    0.2525  0.      
GRID       16339        0.1925  0.2525  0.      
GRID       16340        0.195   0.2525  0.      
GRID       16341        0.1975  0.2525  0.      
GRID       16342        0.2     0.2525  0.      
GRID       16343        0.2025  0.2525  0.      
GRID       16344        0.205   0.2525  0.      
GRID       16345        0.2075  0.2525  0.      
GRID       16346        0.21    0.2525  0.      
GRID       16347        0.2125  0.2525  0.      
GRID       16348        0.215   0.2525  0.      
GRID       16349        0.2175  0.2525  0.      
GRID       16350        0.22    0.2525  0.      
GRID       16351        0.2225  0.2525  0.      
GRID       16352        0.225   0.2525  0.      
GRID       16353        0.2275  0.2525  0.      
GRID       16354        0.23    0.2525  0.      
GRID       16355        0.2325  0.2525  0.      
GRID       16356        0.235   0.2525  0.      
GRID       16357        0.2375  0.2525  0.      
GRID       16358        0.24    0.2525  0.      
GRID       16359        0.2425  0.2525  0.      
GRID       16360        0.245   0.2525  0.      
GRID       16361        0.2475  0.2525  0.      
GRID       16362        0.25    0.2525  0.      
GRID       16363        0.2525  0.2525  0.      
GRID       16364        0.255   0.2525  0.      
GRID       16365        0.2575  0.2525  0.      
GRID       16366        0.26    0.2525  0.      
GRID       16367        0.2625  0.2525  0.      
GRID       16368        0.265   0.2525  0.      
GRID       16369        0.2675  0.2525  0.      
GRID       16370        0.27    0.2525  0.      
GRID       16371        0.2725  0.2525  0.      
GRID       16372        0.275   0.2525  0.      
GRID       16373        0.2775  0.2525  0.      
GRID       16374        0.28    0.2525  0.      
GRID       16375        0.2825  0.2525  0.      
GRID       16376        0.285   0.2525  0.      
GRID       16377        0.2875  0.2525  0.      
GRID       16378        0.29    0.2525  0.      
GRID       16379        0.2925  0.2525  0.      
GRID       16380        0.295   0.2525  0.      
GRID       16381        0.2975  0.2525  0.      
GRID       16382        0.3     0.2525  0.      
GRID       16383        0.3025  0.2525  0.      
GRID       16384        0.305   0.2525  0.      
GRID       16385        0.3075  0.2525  0.      
GRID       16386        0.31    0.2525  0.      
GRID       16387        0.3125  0.2525  0.      
GRID       16388        0.315   0.2525  0.      
GRID       16389        0.3175  0.2525  0.      
GRID       16390        0.32    0.2525  0.      
GRID       16391        0.3225  0.2525  0.      
GRID       16392        0.325   0.2525  0.      
GRID       16393        0.3275  0.2525  0.      
GRID       16394        0.33    0.2525  0.      
GRID       16395        0.3325  0.2525  0.      
GRID       16396        0.335   0.2525  0.      
GRID       16397        0.3375  0.2525  0.      
GRID       16398        0.34    0.2525  0.      
GRID       16399        0.3425  0.2525  0.      
GRID       16400        0.345   0.2525  0.      
GRID       16401        0.3475  0.2525  0.      
GRID       16402        0.35    0.2525  0.      
GRID       16403        0.3525  0.2525  0.      
GRID       16404        0.355   0.2525  0.      
GRID       16405        0.3575  0.2525  0.      
GRID       16406        0.36    0.2525  0.      
GRID       16407        0.3625  0.2525  0.      
GRID       16408        0.365   0.2525  0.      
GRID       16409        0.3675  0.2525  0.      
GRID       16410        0.37    0.2525  0.      
GRID       16411        0.3725  0.2525  0.      
GRID       16412        0.375   0.2525  0.      
GRID       16413        0.3775  0.2525  0.      
GRID       16414        0.38    0.2525  0.      
GRID       16415        0.3825  0.2525  0.      
GRID       16416        0.385   0.2525  0.      
GRID       16417        0.3875  0.2525  0.      
GRID       16418        0.39    0.2525  0.      
GRID       16419        0.3925  0.2525  0.      
GRID       16420        0.395   0.2525  0.      
GRID       16421        0.3975  0.2525  0.      
GRID       16422        0.4     0.2525  0.      
GRID       16423        0.      0.255   0.      
GRID       16424        0.0025  0.255   0.      
GRID       16425        0.005   0.255   0.      
GRID       16426        0.0075  0.255   0.      
GRID       16427        0.01    0.255   0.      
GRID       16428        0.0125  0.255   0.      
GRID       16429        0.015   0.255   0.      
GRID       16430        0.0175  0.255   0.      
GRID       16431        0.02    0.255   0.      
GRID       16432        0.0225  0.255   0.      
GRID       16433        0.025   0.255   0.      
GRID       16434        0.0275  0.255   0.      
GRID       16435        0.03    0.255   0.      
GRID       16436        0.0325  0.255   0.      
GRID       16437        0.035   0.255   0.      
GRID       16438        0.0375  0.255   0.      
GRID       16439        0.04    0.255   0.      
GRID       16440        0.0425  0.255   0.      
GRID       16441        0.045   0.255   0.      
GRID       16442        0.0475  0.255   0.      
GRID       16443        0.05    0.255   0.      
GRID       16444        0.0525  0.255   0.      
GRID       16445        0.055   0.255   0.      
GRID       16446        0.0575  0.255   0.      
GRID       16447        0.06    0.255   0.      
GRID       16448        0.0625  0.255   0.      
GRID       16449        0.065   0.255   0.      
GRID       16450        0.0675  0.255   0.      
GRID       16451        0.07    0.255   0.      
GRID       16452        0.0725  0.255   0.      
GRID       16453        0.075   0.255   0.      
GRID       16454        0.0775  0.255   0.      
GRID       16455        0.08    0.255   0.      
GRID       16456        0.0825  0.255   0.      
GRID       16457        0.085   0.255   0.      
GRID       16458        0.0875  0.255   0.      
GRID       16459        0.09    0.255   0.      
GRID       16460        0.0925  0.255   0.      
GRID       16461        0.095   0.255   0.      
GRID       16462        0.0975  0.255   0.      
GRID       16463        0.1     0.255   0.      
GRID       16464        0.1025  0.255   0.      
GRID       16465        0.105   0.255   0.      
GRID       16466        0.1075  0.255   0.      
GRID       16467        0.11    0.255   0.      
GRID       16468        0.1125  0.255   0.      
GRID       16469        0.115   0.255   0.      
GRID       16470        0.1175  0.255   0.      
GRID       16471        0.12    0.255   0.      
GRID       16472        0.1225  0.255   0.      
GRID       16473        0.125   0.255   0.      
GRID       16474        0.1275  0.255   0.      
GRID       16475        0.13    0.255   0.      
GRID       16476        0.1325  0.255   0.      
GRID       16477        0.135   0.255   0.      
GRID       16478        0.1375  0.255   0.      
GRID       16479        0.14    0.255   0.      
GRID       16480        0.1425  0.255   0.      
GRID       16481        0.145   0.255   0.      
GRID       16482        0.1475  0.255   0.      
GRID       16483        0.15    0.255   0.      
GRID       16484        0.1525  0.255   0.      
GRID       16485        0.155   0.255   0.      
GRID       16486        0.1575  0.255   0.      
GRID       16487        0.16    0.255   0.      
GRID       16488        0.1625  0.255   0.      
GRID       16489        0.165   0.255   0.      
GRID       16490        0.1675  0.255   0.      
GRID       16491        0.17    0.255   0.      
GRID       16492        0.1725  0.255   0.      
GRID       16493        0.175   0.255   0.      
GRID       16494        0.1775  0.255   0.      
GRID       16495        0.18    0.255   0.      
GRID       16496        0.1825  0.255   0.      
GRID       16497        0.185   0.255   0.      
GRID       16498        0.1875  0.255   0.      
GRID       16499        0.19    0.255   0.      
GRID       16500        0.1925  0.255   0.      
GRID       16501        0.195   0.255   0.      
GRID       16502        0.1975  0.255   0.      
GRID       16503        0.2     0.255   0.      
GRID       16504        0.2025  0.255   0.      
GRID       16505        0.205   0.255   0.      
GRID       16506        0.2075  0.255   0.      
GRID       16507        0.21    0.255   0.      
GRID       16508        0.2125  0.255   0.      
GRID       16509        0.215   0.255   0.      
GRID       16510        0.2175  0.255   0.      
GRID       16511        0.22    0.255   0.      
GRID       16512        0.2225  0.255   0.      
GRID       16513        0.225   0.255   0.      
GRID       16514        0.2275  0.255   0.      
GRID       16515        0.23    0.255   0.      
GRID       16516        0.2325  0.255   0.      
GRID       16517        0.235   0.255   0.      
GRID       16518        0.2375  0.255   0.      
GRID       16519        0.24    0.255   0.      
GRID       16520        0.2425  0.255   0.      
GRID       16521        0.245   0.255   0.      
GRID       16522        0.2475  0.255   0.      
GRID       16523        0.25    0.255   0.      
GRID       16524        0.2525  0.255   0.      
GRID       16525        0.255   0.255   0.      
GRID       16526        0.2575  0.255   0.      
GRID       16527        0.26    0.255   0.      
GRID       16528        0.2625  0.255   0.      
GRID       16529        0.265   0.255   0.      
GRID       16530        0.2675  0.255   0.      
GRID       16531        0.27    0.255   0.      
GRID       16532        0.2725  0.255   0.      
GRID       16533        0.275   0.255   0.      
GRID       16534        0.2775  0.255   0.      
GRID       16535        0.28    0.255   0.      
GRID       16536        0.2825  0.255   0.      
GRID       16537        0.285   0.255   0.      
GRID       16538        0.2875  0.255   0.      
GRID       16539        0.29    0.255   0.      
GRID       16540        0.2925  0.255   0.      
GRID       16541        0.295   0.255   0.      
GRID       16542        0.2975  0.255   0.      
GRID       16543        0.3     0.255   0.      
GRID       16544        0.3025  0.255   0.      
GRID       16545        0.305   0.255   0.      
GRID       16546        0.3075  0.255   0.      
GRID       16547        0.31    0.255   0.      
GRID       16548        0.3125  0.255   0.      
GRID       16549        0.315   0.255   0.      
GRID       16550        0.3175  0.255   0.      
GRID       16551        0.32    0.255   0.      
GRID       16552        0.3225  0.255   0.      
GRID       16553        0.325   0.255   0.      
GRID       16554        0.3275  0.255   0.      
GRID       16555        0.33    0.255   0.      
GRID       16556        0.3325  0.255   0.      
GRID       16557        0.335   0.255   0.      
GRID       16558        0.3375  0.255   0.      
GRID       16559        0.34    0.255   0.      
GRID       16560        0.3425  0.255   0.      
GRID       16561        0.345   0.255   0.      
GRID       16562        0.3475  0.255   0.      
GRID       16563        0.35    0.255   0.      
GRID       16564        0.3525  0.255   0.      
GRID       16565        0.355   0.255   0.      
GRID       16566        0.3575  0.255   0.      
GRID       16567        0.36    0.255   0.      
GRID       16568        0.3625  0.255   0.      
GRID       16569        0.365   0.255   0.      
GRID       16570        0.3675  0.255   0.      
GRID       16571        0.37    0.255   0.      
GRID       16572        0.3725  0.255   0.      
GRID       16573        0.375   0.255   0.      
GRID       16574        0.3775  0.255   0.      
GRID       16575        0.38    0.255   0.      
GRID       16576        0.3825  0.255   0.      
GRID       16577        0.385   0.255   0.      
GRID       16578        0.3875  0.255   0.      
GRID       16579        0.39    0.255   0.      
GRID       16580        0.3925  0.255   0.      
GRID       16581        0.395   0.255   0.      
GRID       16582        0.3975  0.255   0.      
GRID       16583        0.4     0.255   0.      
GRID       16584        0.      0.2575  0.      
GRID       16585        0.0025  0.2575  0.      
GRID       16586        0.005   0.2575  0.      
GRID       16587        0.0075  0.2575  0.      
GRID       16588        0.01    0.2575  0.      
GRID       16589        0.0125  0.2575  0.      
GRID       16590        0.015   0.2575  0.      
GRID       16591        0.0175  0.2575  0.      
GRID       16592        0.02    0.2575  0.      
GRID       16593        0.0225  0.2575  0.      
GRID       16594        0.025   0.2575  0.      
GRID       16595        0.0275  0.2575  0.      
GRID       16596        0.03    0.2575  0.      
GRID       16597        0.0325  0.2575  0.      
GRID       16598        0.035   0.2575  0.      
GRID       16599        0.0375  0.2575  0.      
GRID       16600        0.04    0.2575  0.      
GRID       16601        0.0425  0.2575  0.      
GRID       16602        0.045   0.2575  0.      
GRID       16603        0.0475  0.2575  0.      
GRID       16604        0.05    0.2575  0.      
GRID       16605        0.0525  0.2575  0.      
GRID       16606        0.055   0.2575  0.      
GRID       16607        0.0575  0.2575  0.      
GRID       16608        0.06    0.2575  0.      
GRID       16609        0.0625  0.2575  0.      
GRID       16610        0.065   0.2575  0.      
GRID       16611        0.0675  0.2575  0.      
GRID       16612        0.07    0.2575  0.      
GRID       16613        0.0725  0.2575  0.      
GRID       16614        0.075   0.2575  0.      
GRID       16615        0.0775  0.2575  0.      
GRID       16616        0.08    0.2575  0.      
GRID       16617        0.0825  0.2575  0.      
GRID       16618        0.085   0.2575  0.      
GRID       16619        0.0875  0.2575  0.      
GRID       16620        0.09    0.2575  0.      
GRID       16621        0.0925  0.2575  0.      
GRID       16622        0.095   0.2575  0.      
GRID       16623        0.0975  0.2575  0.      
GRID       16624        0.1     0.2575  0.      
GRID       16625        0.1025  0.2575  0.      
GRID       16626        0.105   0.2575  0.      
GRID       16627        0.1075  0.2575  0.      
GRID       16628        0.11    0.2575  0.      
GRID       16629        0.1125  0.2575  0.      
GRID       16630        0.115   0.2575  0.      
GRID       16631        0.1175  0.2575  0.      
GRID       16632        0.12    0.2575  0.      
GRID       16633        0.1225  0.2575  0.      
GRID       16634        0.125   0.2575  0.      
GRID       16635        0.1275  0.2575  0.      
GRID       16636        0.13    0.2575  0.      
GRID       16637        0.1325  0.2575  0.      
GRID       16638        0.135   0.2575  0.      
GRID       16639        0.1375  0.2575  0.      
GRID       16640        0.14    0.2575  0.      
GRID       16641        0.1425  0.2575  0.      
GRID       16642        0.145   0.2575  0.      
GRID       16643        0.1475  0.2575  0.      
GRID       16644        0.15    0.2575  0.      
GRID       16645        0.1525  0.2575  0.      
GRID       16646        0.155   0.2575  0.      
GRID       16647        0.1575  0.2575  0.      
GRID       16648        0.16    0.2575  0.      
GRID       16649        0.1625  0.2575  0.      
GRID       16650        0.165   0.2575  0.      
GRID       16651        0.1675  0.2575  0.      
GRID       16652        0.17    0.2575  0.      
GRID       16653        0.1725  0.2575  0.      
GRID       16654        0.175   0.2575  0.      
GRID       16655        0.1775  0.2575  0.      
GRID       16656        0.18    0.2575  0.      
GRID       16657        0.1825  0.2575  0.      
GRID       16658        0.185   0.2575  0.      
GRID       16659        0.1875  0.2575  0.      
GRID       16660        0.19    0.2575  0.      
GRID       16661        0.1925  0.2575  0.      
GRID       16662        0.195   0.2575  0.      
GRID       16663        0.1975  0.2575  0.      
GRID       16664        0.2     0.2575  0.      
GRID       16665        0.2025  0.2575  0.      
GRID       16666        0.205   0.2575  0.      
GRID       16667        0.2075  0.2575  0.      
GRID       16668        0.21    0.2575  0.      
GRID       16669        0.2125  0.2575  0.      
GRID       16670        0.215   0.2575  0.      
GRID       16671        0.2175  0.2575  0.      
GRID       16672        0.22    0.2575  0.      
GRID       16673        0.2225  0.2575  0.      
GRID       16674        0.225   0.2575  0.      
GRID       16675        0.2275  0.2575  0.      
GRID       16676        0.23    0.2575  0.      
GRID       16677        0.2325  0.2575  0.      
GRID       16678        0.235   0.2575  0.      
GRID       16679        0.2375  0.2575  0.      
GRID       16680        0.24    0.2575  0.      
GRID       16681        0.2425  0.2575  0.      
GRID       16682        0.245   0.2575  0.      
GRID       16683        0.2475  0.2575  0.      
GRID       16684        0.25    0.2575  0.      
GRID       16685        0.2525  0.2575  0.      
GRID       16686        0.255   0.2575  0.      
GRID       16687        0.2575  0.2575  0.      
GRID       16688        0.26    0.2575  0.      
GRID       16689        0.2625  0.2575  0.      
GRID       16690        0.265   0.2575  0.      
GRID       16691        0.2675  0.2575  0.      
GRID       16692        0.27    0.2575  0.      
GRID       16693        0.2725  0.2575  0.      
GRID       16694        0.275   0.2575  0.      
GRID       16695        0.2775  0.2575  0.      
GRID       16696        0.28    0.2575  0.      
GRID       16697        0.2825  0.2575  0.      
GRID       16698        0.285   0.2575  0.      
GRID       16699        0.2875  0.2575  0.      
GRID       16700        0.29    0.2575  0.      
GRID       16701        0.2925  0.2575  0.      
GRID       16702        0.295   0.2575  0.      
GRID       16703        0.2975  0.2575  0.      
GRID       16704        0.3     0.2575  0.      
GRID       16705        0.3025  0.2575  0.      
GRID       16706        0.305   0.2575  0.      
GRID       16707        0.3075  0.2575  0.      
GRID       16708        0.31    0.2575  0.      
GRID       16709        0.3125  0.2575  0.      
GRID       16710        0.315   0.2575  0.      
GRID       16711        0.3175  0.2575  0.      
GRID       16712        0.32    0.2575  0.      
GRID       16713        0.3225  0.2575  0.      
GRID       16714        0.325   0.2575  0.      
GRID       16715        0.3275  0.2575  0.      
GRID       16716        0.33    0.2575  0.      
GRID       16717        0.3325  0.2575  0.      
GRID       16718        0.335   0.2575  0.      
GRID       16719        0.3375  0.2575  0.      
GRID       16720        0.34    0.2575  0.      
GRID       16721        0.3425  0.2575  0.      
GRID       16722        0.345   0.2575  0.      
GRID       16723        0.3475  0.2575  0.      
GRID       16724        0.35    0.2575  0.      
GRID       16725        0.3525  0.2575  0.      
GRID       16726        0.355   0.2575  0.      
GRID       16727        0.3575  0.2575  0.      
GRID       16728        0.36    0.2575  0.      
GRID       16729        0.3625  0.2575  0.      
GRID       16730        0.365   0.2575  0.      
GRID       16731        0.3675  0.2575  0.      
GRID       16732        0.37    0.2575  0.      
GRID       16733        0.3725  0.2575  0.      
GRID       16734        0.375   0.2575  0.      
GRID       16735        0.3775  0.2575  0.      
GRID       16736        0.38    0.2575  0.      
GRID       16737        0.3825  0.2575  0.      
GRID       16738        0.385   0.2575  0.      
GRID       16739        0.3875  0.2575  0.      
GRID       16740        0.39    0.2575  0.      
GRID       16741        0.3925  0.2575  0.      
GRID       16742        0.395   0.2575  0.      
GRID       16743        0.3975  0.2575  0.      
GRID       16744        0.4     0.2575  0.      
GRID       16745        0.      0.26    0.      
GRID       16746        0.0025  0.26    0.      
GRID       16747        0.005   0.26    0.      
GRID       16748        0.0075  0.26    0.      
GRID       16749        0.01    0.26    0.      
GRID       16750        0.0125  0.26    0.      
GRID       16751        0.015   0.26    0.      
GRID       16752        0.0175  0.26    0.      
GRID       16753        0.02    0.26    0.      
GRID       16754        0.0225  0.26    0.      
GRID       16755        0.025   0.26    0.      
GRID       16756        0.0275  0.26    0.      
GRID       16757        0.03    0.26    0.      
GRID       16758        0.0325  0.26    0.      
GRID       16759        0.035   0.26    0.      
GRID       16760        0.0375  0.26    0.      
GRID       16761        0.04    0.26    0.      
GRID       16762        0.0425  0.26    0.      
GRID       16763        0.045   0.26    0.      
GRID       16764        0.0475  0.26    0.      
GRID       16765        0.05    0.26    0.      
GRID       16766        0.0525  0.26    0.      
GRID       16767        0.055   0.26    0.      
GRID       16768        0.0575  0.26    0.      
GRID       16769        0.06    0.26    0.      
GRID       16770        0.0625  0.26    0.      
GRID       16771        0.065   0.26    0.      
GRID       16772        0.0675  0.26    0.      
GRID       16773        0.07    0.26    0.      
GRID       16774        0.0725  0.26    0.      
GRID       16775        0.075   0.26    0.      
GRID       16776        0.0775  0.26    0.      
GRID       16777        0.08    0.26    0.      
GRID       16778        0.0825  0.26    0.      
GRID       16779        0.085   0.26    0.      
GRID       16780        0.0875  0.26    0.      
GRID       16781        0.09    0.26    0.      
GRID       16782        0.0925  0.26    0.      
GRID       16783        0.095   0.26    0.      
GRID       16784        0.0975  0.26    0.      
GRID       16785        0.1     0.26    0.      
GRID       16786        0.1025  0.26    0.      
GRID       16787        0.105   0.26    0.      
GRID       16788        0.1075  0.26    0.      
GRID       16789        0.11    0.26    0.      
GRID       16790        0.1125  0.26    0.      
GRID       16791        0.115   0.26    0.      
GRID       16792        0.1175  0.26    0.      
GRID       16793        0.12    0.26    0.      
GRID       16794        0.1225  0.26    0.      
GRID       16795        0.125   0.26    0.      
GRID       16796        0.1275  0.26    0.      
GRID       16797        0.13    0.26    0.      
GRID       16798        0.1325  0.26    0.      
GRID       16799        0.135   0.26    0.      
GRID       16800        0.1375  0.26    0.      
GRID       16801        0.14    0.26    0.      
GRID       16802        0.1425  0.26    0.      
GRID       16803        0.145   0.26    0.      
GRID       16804        0.1475  0.26    0.      
GRID       16805        0.15    0.26    0.      
GRID       16806        0.1525  0.26    0.      
GRID       16807        0.155   0.26    0.      
GRID       16808        0.1575  0.26    0.      
GRID       16809        0.16    0.26    0.      
GRID       16810        0.1625  0.26    0.      
GRID       16811        0.165   0.26    0.      
GRID       16812        0.1675  0.26    0.      
GRID       16813        0.17    0.26    0.      
GRID       16814        0.1725  0.26    0.      
GRID       16815        0.175   0.26    0.      
GRID       16816        0.1775  0.26    0.      
GRID       16817        0.18    0.26    0.      
GRID       16818        0.1825  0.26    0.      
GRID       16819        0.185   0.26    0.      
GRID       16820        0.1875  0.26    0.      
GRID       16821        0.19    0.26    0.      
GRID       16822        0.1925  0.26    0.      
GRID       16823        0.195   0.26    0.      
GRID       16824        0.1975  0.26    0.      
GRID       16825        0.2     0.26    0.      
GRID       16826        0.2025  0.26    0.      
GRID       16827        0.205   0.26    0.      
GRID       16828        0.2075  0.26    0.      
GRID       16829        0.21    0.26    0.      
GRID       16830        0.2125  0.26    0.      
GRID       16831        0.215   0.26    0.      
GRID       16832        0.2175  0.26    0.      
GRID       16833        0.22    0.26    0.      
GRID       16834        0.2225  0.26    0.      
GRID       16835        0.225   0.26    0.      
GRID       16836        0.2275  0.26    0.      
GRID       16837        0.23    0.26    0.      
GRID       16838        0.2325  0.26    0.      
GRID       16839        0.235   0.26    0.      
GRID       16840        0.2375  0.26    0.      
GRID       16841        0.24    0.26    0.      
GRID       16842        0.2425  0.26    0.      
GRID       16843        0.245   0.26    0.      
GRID       16844        0.2475  0.26    0.      
GRID       16845        0.25    0.26    0.      
GRID       16846        0.2525  0.26    0.      
GRID       16847        0.255   0.26    0.      
GRID       16848        0.2575  0.26    0.      
GRID       16849        0.26    0.26    0.      
GRID       16850        0.2625  0.26    0.      
GRID       16851        0.265   0.26    0.      
GRID       16852        0.2675  0.26    0.      
GRID       16853        0.27    0.26    0.      
GRID       16854        0.2725  0.26    0.      
GRID       16855        0.275   0.26    0.      
GRID       16856        0.2775  0.26    0.      
GRID       16857        0.28    0.26    0.      
GRID       16858        0.2825  0.26    0.      
GRID       16859        0.285   0.26    0.      
GRID       16860        0.2875  0.26    0.      
GRID       16861        0.29    0.26    0.      
GRID       16862        0.2925  0.26    0.      
GRID       16863        0.295   0.26    0.      
GRID       16864        0.2975  0.26    0.      
GRID       16865        0.3     0.26    0.      
GRID       16866        0.3025  0.26    0.      
GRID       16867        0.305   0.26    0.      
GRID       16868        0.3075  0.26    0.      
GRID       16869        0.31    0.26    0.      
GRID       16870        0.3125  0.26    0.      
GRID       16871        0.315   0.26    0.      
GRID       16872        0.3175  0.26    0.      
GRID       16873        0.32    0.26    0.      
GRID       16874        0.3225  0.26    0.      
GRID       16875        0.325   0.26    0.      
GRID       16876        0.3275  0.26    0.      
GRID       16877        0.33    0.26    0.      
GRID       16878        0.3325  0.26    0.      
GRID       16879        0.335   0.26    0.      
GRID       16880        0.3375  0.26    0.      
GRID       16881        0.34    0.26    0.      
GRID       16882        0.3425  0.26    0.      
GRID       16883        0.345   0.26    0.      
GRID       16884        0.3475  0.26    0.      
GRID       16885        0.35    0.26    0.      
GRID       16886        0.3525  0.26    0.      
GRID       16887        0.355   0.26    0.      
GRID       16888        0.3575  0.26    0.      
GRID       16889        0.36    0.26    0.      
GRID       16890        0.3625  0.26    0.      
GRID       16891        0.365   0.26    0.      
GRID       16892        0.3675  0.26    0.      
GRID       16893        0.37    0.26    0.      
GRID       16894        0.3725  0.26    0.      
GRID       16895        0.375   0.26    0.      
GRID       16896        0.3775  0.26    0.      
GRID       16897        0.38    0.26    0.      
GRID       16898        0.3825  0.26    0.      
GRID       16899        0.385   0.26    0.      
GRID       16900        0.3875  0.26    0.      
GRID       16901        0.39    0.26    0.      
GRID       16902        0.3925  0.26    0.      
GRID       16903        0.395   0.26    0.      
GRID       16904        0.3975  0.26    0.      
GRID       16905        0.4     0.26    0.      
GRID       16906        0.      0.2625  0.      
GRID       16907        0.0025  0.2625  0.      
GRID       16908        0.005   0.2625  0.      
GRID       16909        0.0075  0.2625  0.      
GRID       16910        0.01    0.2625  0.      
GRID       16911        0.0125  0.2625  0.      
GRID       16912        0.015   0.2625  0.      
GRID       16913        0.0175  0.2625  0.      
GRID       16914        0.02    0.2625  0.      
GRID       16915        0.0225  0.2625  0.      
GRID       16916        0.025   0.2625  0.      
GRID       16917        0.0275  0.2625  0.      
GRID       16918        0.03    0.2625  0.      
GRID       16919        0.0325  0.2625  0.      
GRID       16920        0.035   0.2625  0.      
GRID       16921        0.0375  0.2625  0.      
GRID       16922        0.04    0.2625  0.      
GRID       16923        0.0425  0.2625  0.      
GRID       16924        0.045   0.2625  0.      
GRID       16925        0.0475  0.2625  0.      
GRID       16926        0.05    0.2625  0.      
GRID       16927        0.0525  0.2625  0.      
GRID       16928        0.055   0.2625  0.      
GRID       16929        0.0575  0.2625  0.      
GRID       16930        0.06    0.2625  0.      
GRID       16931        0.0625  0.2625  0.      
GRID       16932        0.065   0.2625  0.      
GRID       16933        0.0675  0.2625  0.      
GRID       16934        0.07    0.2625  0.      
GRID       16935        0.0725  0.2625  0.      
GRID       16936        0.075   0.2625  0.      
GRID       16937        0.0775  0.2625  0.      
GRID       16938        0.08    0.2625  0.      
GRID       16939        0.0825  0.2625  0.      
GRID       16940        0.085   0.2625  0.      
GRID       16941        0.0875  0.2625  0.      
GRID       16942        0.09    0.2625  0.      
GRID       16943        0.0925  0.2625  0.      
GRID       16944        0.095   0.2625  0.      
GRID       16945        0.0975  0.2625  0.      
GRID       16946        0.1     0.2625  0.      
GRID       16947        0.1025  0.2625  0.      
GRID       16948        0.105   0.2625  0.      
GRID       16949        0.1075  0.2625  0.      
GRID       16950        0.11    0.2625  0.      
GRID       16951        0.1125  0.2625  0.      
GRID       16952        0.115   0.2625  0.      
GRID       16953        0.1175  0.2625  0.      
GRID       16954        0.12    0.2625  0.      
GRID       16955        0.1225  0.2625  0.      
GRID       16956        0.125   0.2625  0.      
GRID       16957        0.1275  0.2625  0.      
GRID       16958        0.13    0.2625  0.      
GRID       16959        0.1325  0.2625  0.      
GRID       16960        0.135   0.2625  0.      
GRID       16961        0.1375  0.2625  0.      
GRID       16962        0.14    0.2625  0.      
GRID       16963        0.1425  0.2625  0.      
GRID       16964        0.145   0.2625  0.      
GRID       16965        0.1475  0.2625  0.      
GRID       16966        0.15    0.2625  0.      
GRID       16967        0.1525  0.2625  0.      
GRID       16968        0.155   0.2625  0.      
GRID       16969        0.1575  0.2625  0.      
GRID       16970        0.16    0.2625  0.      
GRID       16971        0.1625  0.2625  0.      
GRID       16972        0.165   0.2625  0.      
GRID       16973        0.1675  0.2625  0.      
GRID       16974        0.17    0.2625  0.      
GRID       16975        0.1725  0.2625  0.      
GRID       16976        0.175   0.2625  0.      
GRID       16977        0.1775  0.2625  0.      
GRID       16978        0.18    0.2625  0.      
GRID       16979        0.1825  0.2625  0.      
GRID       16980        0.185   0.2625  0.      
GRID       16981        0.1875  0.2625  0.      
GRID       16982        0.19    0.2625  0.      
GRID       16983        0.1925  0.2625  0.      
GRID       16984        0.195   0.2625  0.      
GRID       16985        0.1975  0.2625  0.      
GRID       16986        0.2     0.2625  0.      
GRID       16987        0.2025  0.2625  0.      
GRID       16988        0.205   0.2625  0.      
GRID       16989        0.2075  0.2625  0.      
GRID       16990        0.21    0.2625  0.      
GRID       16991        0.2125  0.2625  0.      
GRID       16992        0.215   0.2625  0.      
GRID       16993        0.2175  0.2625  0.      
GRID       16994        0.22    0.2625  0.      
GRID       16995        0.2225  0.2625  0.      
GRID       16996        0.225   0.2625  0.      
GRID       16997        0.2275  0.2625  0.      
GRID       16998        0.23    0.2625  0.      
GRID       16999        0.2325  0.2625  0.      
GRID       17000        0.235   0.2625  0.      
GRID       17001        0.2375  0.2625  0.      
GRID       17002        0.24    0.2625  0.      
GRID       17003        0.2425  0.2625  0.      
GRID       17004        0.245   0.2625  0.      
GRID       17005        0.2475  0.2625  0.      
GRID       17006        0.25    0.2625  0.      
GRID       17007        0.2525  0.2625  0.      
GRID       17008        0.255   0.2625  0.      
GRID       17009        0.2575  0.2625  0.      
GRID       17010        0.26    0.2625  0.      
GRID       17011        0.2625  0.2625  0.      
GRID       17012        0.265   0.2625  0.      
GRID       17013        0.2675  0.2625  0.      
GRID       17014        0.27    0.2625  0.      
GRID       17015        0.2725  0.2625  0.      
GRID       17016        0.275   0.2625  0.      
GRID       17017        0.2775  0.2625  0.      
GRID       17018        0.28    0.2625  0.      
GRID       17019        0.2825  0.2625  0.      
GRID       17020        0.285   0.2625  0.      
GRID       17021        0.2875  0.2625  0.      
GRID       17022        0.29    0.2625  0.      
GRID       17023        0.2925  0.2625  0.      
GRID       17024        0.295   0.2625  0.      
GRID       17025        0.2975  0.2625  0.      
GRID       17026        0.3     0.2625  0.      
GRID       17027        0.3025  0.2625  0.      
GRID       17028        0.305   0.2625  0.      
GRID       17029        0.3075  0.2625  0.      
GRID       17030        0.31    0.2625  0.      
GRID       17031        0.3125  0.2625  0.      
GRID       17032        0.315   0.2625  0.      
GRID       17033        0.3175  0.2625  0.      
GRID       17034        0.32    0.2625  0.      
GRID       17035        0.3225  0.2625  0.      
GRID       17036        0.325   0.2625  0.      
GRID       17037        0.3275  0.2625  0.      
GRID       17038        0.33    0.2625  0.      
GRID       17039        0.3325  0.2625  0.      
GRID       17040        0.335   0.2625  0.      
GRID       17041        0.3375  0.2625  0.      
GRID       17042        0.34    0.2625  0.      
GRID       17043        0.3425  0.2625  0.      
GRID       17044        0.345   0.2625  0.      
GRID       17045        0.3475  0.2625  0.      
GRID       17046        0.35    0.2625  0.      
GRID       17047        0.3525  0.2625  0.      
GRID       17048        0.355   0.2625  0.      
GRID       17049        0.3575  0.2625  0.      
GRID       17050        0.36    0.2625  0.      
GRID       17051        0.3625  0.2625  0.      
GRID       17052        0.365   0.2625  0.      
GRID       17053        0.3675  0.2625  0.      
GRID       17054        0.37    0.2625  0.      
GRID       17055        0.3725  0.2625  0.      
GRID       17056        0.375   0.2625  0.      
GRID       17057        0.3775  0.2625  0.      
GRID       17058        0.38    0.2625  0.      
GRID       17059        0.3825  0.2625  0.      
GRID       17060        0.385   0.2625  0.      
GRID       17061        0.3875  0.2625  0.      
GRID       17062        0.39    0.2625  0.      
GRID       17063        0.3925  0.2625  0.      
GRID       17064        0.395   0.2625  0.      
GRID       17065        0.3975  0.2625  0.      
GRID       17066        0.4     0.2625  0.      
GRID       17067        0.      0.265   0.      
GRID       17068        0.0025  0.265   0.      
GRID       17069        0.005   0.265   0.      
GRID       17070        0.0075  0.265   0.      
GRID       17071        0.01    0.265   0.      
GRID       17072        0.0125  0.265   0.      
GRID       17073        0.015   0.265   0.      
GRID       17074        0.0175  0.265   0.      
GRID       17075        0.02    0.265   0.      
GRID       17076        0.0225  0.265   0.      
GRID       17077        0.025   0.265   0.      
GRID       17078        0.0275  0.265   0.      
GRID       17079        0.03    0.265   0.      
GRID       17080        0.0325  0.265   0.      
GRID       17081        0.035   0.265   0.      
GRID       17082        0.0375  0.265   0.      
GRID       17083        0.04    0.265   0.      
GRID       17084        0.0425  0.265   0.      
GRID       17085        0.045   0.265   0.      
GRID       17086        0.0475  0.265   0.      
GRID       17087        0.05    0.265   0.      
GRID       17088        0.0525  0.265   0.      
GRID       17089        0.055   0.265   0.      
GRID       17090        0.0575  0.265   0.      
GRID       17091        0.06    0.265   0.      
GRID       17092        0.0625  0.265   0.      
GRID       17093        0.065   0.265   0.      
GRID       17094        0.0675  0.265   0.      
GRID       17095        0.07    0.265   0.      
GRID       17096        0.0725  0.265   0.      
GRID       17097        0.075   0.265   0.      
GRID       17098        0.0775  0.265   0.      
GRID       17099        0.08    0.265   0.      
GRID       17100        0.0825  0.265   0.      
GRID       17101        0.085   0.265   0.      
GRID       17102        0.0875  0.265   0.      
GRID       17103        0.09    0.265   0.      
GRID       17104        0.0925  0.265   0.      
GRID       17105        0.095   0.265   0.      
GRID       17106        0.0975  0.265   0.      
GRID       17107        0.1     0.265   0.      
GRID       17108        0.1025  0.265   0.      
GRID       17109        0.105   0.265   0.      
GRID       17110        0.1075  0.265   0.      
GRID       17111        0.11    0.265   0.      
GRID       17112        0.1125  0.265   0.      
GRID       17113        0.115   0.265   0.      
GRID       17114        0.1175  0.265   0.      
GRID       17115        0.12    0.265   0.      
GRID       17116        0.1225  0.265   0.      
GRID       17117        0.125   0.265   0.      
GRID       17118        0.1275  0.265   0.      
GRID       17119        0.13    0.265   0.      
GRID       17120        0.1325  0.265   0.      
GRID       17121        0.135   0.265   0.      
GRID       17122        0.1375  0.265   0.      
GRID       17123        0.14    0.265   0.      
GRID       17124        0.1425  0.265   0.      
GRID       17125        0.145   0.265   0.      
GRID       17126        0.1475  0.265   0.      
GRID       17127        0.15    0.265   0.      
GRID       17128        0.1525  0.265   0.      
GRID       17129        0.155   0.265   0.      
GRID       17130        0.1575  0.265   0.      
GRID       17131        0.16    0.265   0.      
GRID       17132        0.1625  0.265   0.      
GRID       17133        0.165   0.265   0.      
GRID       17134        0.1675  0.265   0.      
GRID       17135        0.17    0.265   0.      
GRID       17136        0.1725  0.265   0.      
GRID       17137        0.175   0.265   0.      
GRID       17138        0.1775  0.265   0.      
GRID       17139        0.18    0.265   0.      
GRID       17140        0.1825  0.265   0.      
GRID       17141        0.185   0.265   0.      
GRID       17142        0.1875  0.265   0.      
GRID       17143        0.19    0.265   0.      
GRID       17144        0.1925  0.265   0.      
GRID       17145        0.195   0.265   0.      
GRID       17146        0.1975  0.265   0.      
GRID       17147        0.2     0.265   0.      
GRID       17148        0.2025  0.265   0.      
GRID       17149        0.205   0.265   0.      
GRID       17150        0.2075  0.265   0.      
GRID       17151        0.21    0.265   0.      
GRID       17152        0.2125  0.265   0.      
GRID       17153        0.215   0.265   0.      
GRID       17154        0.2175  0.265   0.      
GRID       17155        0.22    0.265   0.      
GRID       17156        0.2225  0.265   0.      
GRID       17157        0.225   0.265   0.      
GRID       17158        0.2275  0.265   0.      
GRID       17159        0.23    0.265   0.      
GRID       17160        0.2325  0.265   0.      
GRID       17161        0.235   0.265   0.      
GRID       17162        0.2375  0.265   0.      
GRID       17163        0.24    0.265   0.      
GRID       17164        0.2425  0.265   0.      
GRID       17165        0.245   0.265   0.      
GRID       17166        0.2475  0.265   0.      
GRID       17167        0.25    0.265   0.      
GRID       17168        0.2525  0.265   0.      
GRID       17169        0.255   0.265   0.      
GRID       17170        0.2575  0.265   0.      
GRID       17171        0.26    0.265   0.      
GRID       17172        0.2625  0.265   0.      
GRID       17173        0.265   0.265   0.      
GRID       17174        0.2675  0.265   0.      
GRID       17175        0.27    0.265   0.      
GRID       17176        0.2725  0.265   0.      
GRID       17177        0.275   0.265   0.      
GRID       17178        0.2775  0.265   0.      
GRID       17179        0.28    0.265   0.      
GRID       17180        0.2825  0.265   0.      
GRID       17181        0.285   0.265   0.      
GRID       17182        0.2875  0.265   0.      
GRID       17183        0.29    0.265   0.      
GRID       17184        0.2925  0.265   0.      
GRID       17185        0.295   0.265   0.      
GRID       17186        0.2975  0.265   0.      
GRID       17187        0.3     0.265   0.      
GRID       17188        0.3025  0.265   0.      
GRID       17189        0.305   0.265   0.      
GRID       17190        0.3075  0.265   0.      
GRID       17191        0.31    0.265   0.      
GRID       17192        0.3125  0.265   0.      
GRID       17193        0.315   0.265   0.      
GRID       17194        0.3175  0.265   0.      
GRID       17195        0.32    0.265   0.      
GRID       17196        0.3225  0.265   0.      
GRID       17197        0.325   0.265   0.      
GRID       17198        0.3275  0.265   0.      
GRID       17199        0.33    0.265   0.      
GRID       17200        0.3325  0.265   0.      
GRID       17201        0.335   0.265   0.      
GRID       17202        0.3375  0.265   0.      
GRID       17203        0.34    0.265   0.      
GRID       17204        0.3425  0.265   0.      
GRID       17205        0.345   0.265   0.      
GRID       17206        0.3475  0.265   0.      
GRID       17207        0.35    0.265   0.      
GRID       17208        0.3525  0.265   0.      
GRID       17209        0.355   0.265   0.      
GRID       17210        0.3575  0.265   0.      
GRID       17211        0.36    0.265   0.      
GRID       17212        0.3625  0.265   0.      
GRID       17213        0.365   0.265   0.      
GRID       17214        0.3675  0.265   0.      
GRID       17215        0.37    0.265   0.      
GRID       17216        0.3725  0.265   0.      
GRID       17217        0.375   0.265   0.      
GRID       17218        0.3775  0.265   0.      
GRID       17219        0.38    0.265   0.      
GRID       17220        0.3825  0.265   0.      
GRID       17221        0.385   0.265   0.      
GRID       17222        0.3875  0.265   0.      
GRID       17223        0.39    0.265   0.      
GRID       17224        0.3925  0.265   0.      
GRID       17225        0.395   0.265   0.      
GRID       17226        0.3975  0.265   0.      
GRID       17227        0.4     0.265   0.      
GRID       17228        0.      0.2675  0.      
GRID       17229        0.0025  0.2675  0.      
GRID       17230        0.005   0.2675  0.      
GRID       17231        0.0075  0.2675  0.      
GRID       17232        0.01    0.2675  0.      
GRID       17233        0.0125  0.2675  0.      
GRID       17234        0.015   0.2675  0.      
GRID       17235        0.0175  0.2675  0.      
GRID       17236        0.02    0.2675  0.      
GRID       17237        0.0225  0.2675  0.      
GRID       17238        0.025   0.2675  0.      
GRID       17239        0.0275  0.2675  0.      
GRID       17240        0.03    0.2675  0.      
GRID       17241        0.0325  0.2675  0.      
GRID       17242        0.035   0.2675  0.      
GRID       17243        0.0375  0.2675  0.      
GRID       17244        0.04    0.2675  0.      
GRID       17245        0.0425  0.2675  0.      
GRID       17246        0.045   0.2675  0.      
GRID       17247        0.0475  0.2675  0.      
GRID       17248        0.05    0.2675  0.      
GRID       17249        0.0525  0.2675  0.      
GRID       17250        0.055   0.2675  0.      
GRID       17251        0.0575  0.2675  0.      
GRID       17252        0.06    0.2675  0.      
GRID       17253        0.0625  0.2675  0.      
GRID       17254        0.065   0.2675  0.      
GRID       17255        0.0675  0.2675  0.      
GRID       17256        0.07    0.2675  0.      
GRID       17257        0.0725  0.2675  0.      
GRID       17258        0.075   0.2675  0.      
GRID       17259        0.0775  0.2675  0.      
GRID       17260        0.08    0.2675  0.      
GRID       17261        0.0825  0.2675  0.      
GRID       17262        0.085   0.2675  0.      
GRID       17263        0.0875  0.2675  0.      
GRID       17264        0.09    0.2675  0.      
GRID       17265        0.0925  0.2675  0.      
GRID       17266        0.095   0.2675  0.      
GRID       17267        0.0975  0.2675  0.      
GRID       17268        0.1     0.2675  0.      
GRID       17269        0.1025  0.2675  0.      
GRID       17270        0.105   0.2675  0.      
GRID       17271        0.1075  0.2675  0.      
GRID       17272        0.11    0.2675  0.      
GRID       17273        0.1125  0.2675  0.      
GRID       17274        0.115   0.2675  0.      
GRID       17275        0.1175  0.2675  0.      
GRID       17276        0.12    0.2675  0.      
GRID       17277        0.1225  0.2675  0.      
GRID       17278        0.125   0.2675  0.      
GRID       17279        0.1275  0.2675  0.      
GRID       17280        0.13    0.2675  0.      
GRID       17281        0.1325  0.2675  0.      
GRID       17282        0.135   0.2675  0.      
GRID       17283        0.1375  0.2675  0.      
GRID       17284        0.14    0.2675  0.      
GRID       17285        0.1425  0.2675  0.      
GRID       17286        0.145   0.2675  0.      
GRID       17287        0.1475  0.2675  0.      
GRID       17288        0.15    0.2675  0.      
GRID       17289        0.1525  0.2675  0.      
GRID       17290        0.155   0.2675  0.      
GRID       17291        0.1575  0.2675  0.      
GRID       17292        0.16    0.2675  0.      
GRID       17293        0.1625  0.2675  0.      
GRID       17294        0.165   0.2675  0.      
GRID       17295        0.1675  0.2675  0.      
GRID       17296        0.17    0.2675  0.      
GRID       17297        0.1725  0.2675  0.      
GRID       17298        0.175   0.2675  0.      
GRID       17299        0.1775  0.2675  0.      
GRID       17300        0.18    0.2675  0.      
GRID       17301        0.1825  0.2675  0.      
GRID       17302        0.185   0.2675  0.      
GRID       17303        0.1875  0.2675  0.      
GRID       17304        0.19    0.2675  0.      
GRID       17305        0.1925  0.2675  0.      
GRID       17306        0.195   0.2675  0.      
GRID       17307        0.1975  0.2675  0.      
GRID       17308        0.2     0.2675  0.      
GRID       17309        0.2025  0.2675  0.      
GRID       17310        0.205   0.2675  0.      
GRID       17311        0.2075  0.2675  0.      
GRID       17312        0.21    0.2675  0.      
GRID       17313        0.2125  0.2675  0.      
GRID       17314        0.215   0.2675  0.      
GRID       17315        0.2175  0.2675  0.      
GRID       17316        0.22    0.2675  0.      
GRID       17317        0.2225  0.2675  0.      
GRID       17318        0.225   0.2675  0.      
GRID       17319        0.2275  0.2675  0.      
GRID       17320        0.23    0.2675  0.      
GRID       17321        0.2325  0.2675  0.      
GRID       17322        0.235   0.2675  0.      
GRID       17323        0.2375  0.2675  0.      
GRID       17324        0.24    0.2675  0.      
GRID       17325        0.2425  0.2675  0.      
GRID       17326        0.245   0.2675  0.      
GRID       17327        0.2475  0.2675  0.      
GRID       17328        0.25    0.2675  0.      
GRID       17329        0.2525  0.2675  0.      
GRID       17330        0.255   0.2675  0.      
GRID       17331        0.2575  0.2675  0.      
GRID       17332        0.26    0.2675  0.      
GRID       17333        0.2625  0.2675  0.      
GRID       17334        0.265   0.2675  0.      
GRID       17335        0.2675  0.2675  0.      
GRID       17336        0.27    0.2675  0.      
GRID       17337        0.2725  0.2675  0.      
GRID       17338        0.275   0.2675  0.      
GRID       17339        0.2775  0.2675  0.      
GRID       17340        0.28    0.2675  0.      
GRID       17341        0.2825  0.2675  0.      
GRID       17342        0.285   0.2675  0.      
GRID       17343        0.2875  0.2675  0.      
GRID       17344        0.29    0.2675  0.      
GRID       17345        0.2925  0.2675  0.      
GRID       17346        0.295   0.2675  0.      
GRID       17347        0.2975  0.2675  0.      
GRID       17348        0.3     0.2675  0.      
GRID       17349        0.3025  0.2675  0.      
GRID       17350        0.305   0.2675  0.      
GRID       17351        0.3075  0.2675  0.      
GRID       17352        0.31    0.2675  0.      
GRID       17353        0.3125  0.2675  0.      
GRID       17354        0.315   0.2675  0.      
GRID       17355        0.3175  0.2675  0.      
GRID       17356        0.32    0.2675  0.      
GRID       17357        0.3225  0.2675  0.      
GRID       17358        0.325   0.2675  0.      
GRID       17359        0.3275  0.2675  0.      
GRID       17360        0.33    0.2675  0.      
GRID       17361        0.3325  0.2675  0.      
GRID       17362        0.335   0.2675  0.      
GRID       17363        0.3375  0.2675  0.      
GRID       17364        0.34    0.2675  0.      
GRID       17365        0.3425  0.2675  0.      
GRID       17366        0.345   0.2675  0.      
GRID       17367        0.3475  0.2675  0.      
GRID       17368        0.35    0.2675  0.      
GRID       17369        0.3525  0.2675  0.      
GRID       17370        0.355   0.2675  0.      
GRID       17371        0.3575  0.2675  0.      
GRID       17372        0.36    0.2675  0.      
GRID       17373        0.3625  0.2675  0.      
GRID       17374        0.365   0.2675  0.      
GRID       17375        0.3675  0.2675  0.      
GRID       17376        0.37    0.2675  0.      
GRID       17377        0.3725  0.2675  0.      
GRID       17378        0.375   0.2675  0.      
GRID       17379        0.3775  0.2675  0.      
GRID       17380        0.38    0.2675  0.      
GRID       17381        0.3825  0.2675  0.      
GRID       17382        0.385   0.2675  0.      
GRID       17383        0.3875  0.2675  0.      
GRID       17384        0.39    0.2675  0.      
GRID       17385        0.3925  0.2675  0.      
GRID       17386        0.395   0.2675  0.      
GRID       17387        0.3975  0.2675  0.      
GRID       17388        0.4     0.2675  0.      
GRID       17389        0.      0.27    0.      
GRID       17390        0.0025  0.27    0.      
GRID       17391        0.005   0.27    0.      
GRID       17392        0.0075  0.27    0.      
GRID       17393        0.01    0.27    0.      
GRID       17394        0.0125  0.27    0.      
GRID       17395        0.015   0.27    0.      
GRID       17396        0.0175  0.27    0.      
GRID       17397        0.02    0.27    0.      
GRID       17398        0.0225  0.27    0.      
GRID       17399        0.025   0.27    0.      
GRID       17400        0.0275  0.27    0.      
GRID       17401        0.03    0.27    0.      
GRID       17402        0.0325  0.27    0.      
GRID       17403        0.035   0.27    0.      
GRID       17404        0.0375  0.27    0.      
GRID       17405        0.04    0.27    0.      
GRID       17406        0.0425  0.27    0.      
GRID       17407        0.045   0.27    0.      
GRID       17408        0.0475  0.27    0.      
GRID       17409        0.05    0.27    0.      
GRID       17410        0.0525  0.27    0.      
GRID       17411        0.055   0.27    0.      
GRID       17412        0.0575  0.27    0.      
GRID       17413        0.06    0.27    0.      
GRID       17414        0.0625  0.27    0.      
GRID       17415        0.065   0.27    0.      
GRID       17416        0.0675  0.27    0.      
GRID       17417        0.07    0.27    0.      
GRID       17418        0.0725  0.27    0.      
GRID       17419        0.075   0.27    0.      
GRID       17420        0.0775  0.27    0.      
GRID       17421        0.08    0.27    0.      
GRID       17422        0.0825  0.27    0.      
GRID       17423        0.085   0.27    0.      
GRID       17424        0.0875  0.27    0.      
GRID       17425        0.09    0.27    0.      
GRID       17426        0.0925  0.27    0.      
GRID       17427        0.095   0.27    0.      
GRID       17428        0.0975  0.27    0.      
GRID       17429        0.1     0.27    0.      
GRID       17430        0.1025  0.27    0.      
GRID       17431        0.105   0.27    0.      
GRID       17432        0.1075  0.27    0.      
GRID       17433        0.11    0.27    0.      
GRID       17434        0.1125  0.27    0.      
GRID       17435        0.115   0.27    0.      
GRID       17436        0.1175  0.27    0.      
GRID       17437        0.12    0.27    0.      
GRID       17438        0.1225  0.27    0.      
GRID       17439        0.125   0.27    0.      
GRID       17440        0.1275  0.27    0.      
GRID       17441        0.13    0.27    0.      
GRID       17442        0.1325  0.27    0.      
GRID       17443        0.135   0.27    0.      
GRID       17444        0.1375  0.27    0.      
GRID       17445        0.14    0.27    0.      
GRID       17446        0.1425  0.27    0.      
GRID       17447        0.145   0.27    0.      
GRID       17448        0.1475  0.27    0.      
GRID       17449        0.15    0.27    0.      
GRID       17450        0.1525  0.27    0.      
GRID       17451        0.155   0.27    0.      
GRID       17452        0.1575  0.27    0.      
GRID       17453        0.16    0.27    0.      
GRID       17454        0.1625  0.27    0.      
GRID       17455        0.165   0.27    0.      
GRID       17456        0.1675  0.27    0.      
GRID       17457        0.17    0.27    0.      
GRID       17458        0.1725  0.27    0.      
GRID       17459        0.175   0.27    0.      
GRID       17460        0.1775  0.27    0.      
GRID       17461        0.18    0.27    0.      
GRID       17462        0.1825  0.27    0.      
GRID       17463        0.185   0.27    0.      
GRID       17464        0.1875  0.27    0.      
GRID       17465        0.19    0.27    0.      
GRID       17466        0.1925  0.27    0.      
GRID       17467        0.195   0.27    0.      
GRID       17468        0.1975  0.27    0.      
GRID       17469        0.2     0.27    0.      
GRID       17470        0.2025  0.27    0.      
GRID       17471        0.205   0.27    0.      
GRID       17472        0.2075  0.27    0.      
GRID       17473        0.21    0.27    0.      
GRID       17474        0.2125  0.27    0.      
GRID       17475        0.215   0.27    0.      
GRID       17476        0.2175  0.27    0.      
GRID       17477        0.22    0.27    0.      
GRID       17478        0.2225  0.27    0.      
GRID       17479        0.225   0.27    0.      
GRID       17480        0.2275  0.27    0.      
GRID       17481        0.23    0.27    0.      
GRID       17482        0.2325  0.27    0.      
GRID       17483        0.235   0.27    0.      
GRID       17484        0.2375  0.27    0.      
GRID       17485        0.24    0.27    0.      
GRID       17486        0.2425  0.27    0.      
GRID       17487        0.245   0.27    0.      
GRID       17488        0.2475  0.27    0.      
GRID       17489        0.25    0.27    0.      
GRID       17490        0.2525  0.27    0.      
GRID       17491        0.255   0.27    0.      
GRID       17492        0.2575  0.27    0.      
GRID       17493        0.26    0.27    0.      
GRID       17494        0.2625  0.27    0.      
GRID       17495        0.265   0.27    0.      
GRID       17496        0.2675  0.27    0.      
GRID       17497        0.27    0.27    0.      
GRID       17498        0.2725  0.27    0.      
GRID       17499        0.275   0.27    0.      
GRID       17500        0.2775  0.27    0.      
GRID       17501        0.28    0.27    0.      
GRID       17502        0.2825  0.27    0.      
GRID       17503        0.285   0.27    0.      
GRID       17504        0.2875  0.27    0.      
GRID       17505        0.29    0.27    0.      
GRID       17506        0.2925  0.27    0.      
GRID       17507        0.295   0.27    0.      
GRID       17508        0.2975  0.27    0.      
GRID       17509        0.3     0.27    0.      
GRID       17510        0.3025  0.27    0.      
GRID       17511        0.305   0.27    0.      
GRID       17512        0.3075  0.27    0.      
GRID       17513        0.31    0.27    0.      
GRID       17514        0.3125  0.27    0.      
GRID       17515        0.315   0.27    0.      
GRID       17516        0.3175  0.27    0.      
GRID       17517        0.32    0.27    0.      
GRID       17518        0.3225  0.27    0.      
GRID       17519        0.325   0.27    0.      
GRID       17520        0.3275  0.27    0.      
GRID       17521        0.33    0.27    0.      
GRID       17522        0.3325  0.27    0.      
GRID       17523        0.335   0.27    0.      
GRID       17524        0.3375  0.27    0.      
GRID       17525        0.34    0.27    0.      
GRID       17526        0.3425  0.27    0.      
GRID       17527        0.345   0.27    0.      
GRID       17528        0.3475  0.27    0.      
GRID       17529        0.35    0.27    0.      
GRID       17530        0.3525  0.27    0.      
GRID       17531        0.355   0.27    0.      
GRID       17532        0.3575  0.27    0.      
GRID       17533        0.36    0.27    0.      
GRID       17534        0.3625  0.27    0.      
GRID       17535        0.365   0.27    0.      
GRID       17536        0.3675  0.27    0.      
GRID       17537        0.37    0.27    0.      
GRID       17538        0.3725  0.27    0.      
GRID       17539        0.375   0.27    0.      
GRID       17540        0.3775  0.27    0.      
GRID       17541        0.38    0.27    0.      
GRID       17542        0.3825  0.27    0.      
GRID       17543        0.385   0.27    0.      
GRID       17544        0.3875  0.27    0.      
GRID       17545        0.39    0.27    0.      
GRID       17546        0.3925  0.27    0.      
GRID       17547        0.395   0.27    0.      
GRID       17548        0.3975  0.27    0.      
GRID       17549        0.4     0.27    0.      
GRID       17550        0.      0.2725  0.      
GRID       17551        0.0025  0.2725  0.      
GRID       17552        0.005   0.2725  0.      
GRID       17553        0.0075  0.2725  0.      
GRID       17554        0.01    0.2725  0.      
GRID       17555        0.0125  0.2725  0.      
GRID       17556        0.015   0.2725  0.      
GRID       17557        0.0175  0.2725  0.      
GRID       17558        0.02    0.2725  0.      
GRID       17559        0.0225  0.2725  0.      
GRID       17560        0.025   0.2725  0.      
GRID       17561        0.0275  0.2725  0.      
GRID       17562        0.03    0.2725  0.      
GRID       17563        0.0325  0.2725  0.      
GRID       17564        0.035   0.2725  0.      
GRID       17565        0.0375  0.2725  0.      
GRID       17566        0.04    0.2725  0.      
GRID       17567        0.0425  0.2725  0.      
GRID       17568        0.045   0.2725  0.      
GRID       17569        0.0475  0.2725  0.      
GRID       17570        0.05    0.2725  0.      
GRID       17571        0.0525  0.2725  0.      
GRID       17572        0.055   0.2725  0.      
GRID       17573        0.0575  0.2725  0.      
GRID       17574        0.06    0.2725  0.      
GRID       17575        0.0625  0.2725  0.      
GRID       17576        0.065   0.2725  0.      
GRID       17577        0.0675  0.2725  0.      
GRID       17578        0.07    0.2725  0.      
GRID       17579        0.0725  0.2725  0.      
GRID       17580        0.075   0.2725  0.      
GRID       17581        0.0775  0.2725  0.      
GRID       17582        0.08    0.2725  0.      
GRID       17583        0.0825  0.2725  0.      
GRID       17584        0.085   0.2725  0.      
GRID       17585        0.0875  0.2725  0.      
GRID       17586        0.09    0.2725  0.      
GRID       17587        0.0925  0.2725  0.      
GRID       17588        0.095   0.2725  0.      
GRID       17589        0.0975  0.2725  0.      
GRID       17590        0.1     0.2725  0.      
GRID       17591        0.1025  0.2725  0.      
GRID       17592        0.105   0.2725  0.      
GRID       17593        0.1075  0.2725  0.      
GRID       17594        0.11    0.2725  0.      
GRID       17595        0.1125  0.2725  0.      
GRID       17596        0.115   0.2725  0.      
GRID       17597        0.1175  0.2725  0.      
GRID       17598        0.12    0.2725  0.      
GRID       17599        0.1225  0.2725  0.      
GRID       17600        0.125   0.2725  0.      
GRID       17601        0.1275  0.2725  0.      
GRID       17602        0.13    0.2725  0.      
GRID       17603        0.1325  0.2725  0.      
GRID       17604        0.135   0.2725  0.      
GRID       17605        0.1375  0.2725  0.      
GRID       17606        0.14    0.2725  0.      
GRID       17607        0.1425  0.2725  0.      
GRID       17608        0.145   0.2725  0.      
GRID       17609        0.1475  0.2725  0.      
GRID       17610        0.15    0.2725  0.      
GRID       17611        0.1525  0.2725  0.      
GRID       17612        0.155   0.2725  0.      
GRID       17613        0.1575  0.2725  0.      
GRID       17614        0.16    0.2725  0.      
GRID       17615        0.1625  0.2725  0.      
GRID       17616        0.165   0.2725  0.      
GRID       17617        0.1675  0.2725  0.      
GRID       17618        0.17    0.2725  0.      
GRID       17619        0.1725  0.2725  0.      
GRID       17620        0.175   0.2725  0.      
GRID       17621        0.1775  0.2725  0.      
GRID       17622        0.18    0.2725  0.      
GRID       17623        0.1825  0.2725  0.      
GRID       17624        0.185   0.2725  0.      
GRID       17625        0.1875  0.2725  0.      
GRID       17626        0.19    0.2725  0.      
GRID       17627        0.1925  0.2725  0.      
GRID       17628        0.195   0.2725  0.      
GRID       17629        0.1975  0.2725  0.      
GRID       17630        0.2     0.2725  0.      
GRID       17631        0.2025  0.2725  0.      
GRID       17632        0.205   0.2725  0.      
GRID       17633        0.2075  0.2725  0.      
GRID       17634        0.21    0.2725  0.      
GRID       17635        0.2125  0.2725  0.      
GRID       17636        0.215   0.2725  0.      
GRID       17637        0.2175  0.2725  0.      
GRID       17638        0.22    0.2725  0.      
GRID       17639        0.2225  0.2725  0.      
GRID       17640        0.225   0.2725  0.      
GRID       17641        0.2275  0.2725  0.      
GRID       17642        0.23    0.2725  0.      
GRID       17643        0.2325  0.2725  0.      
GRID       17644        0.235   0.2725  0.      
GRID       17645        0.2375  0.2725  0.      
GRID       17646        0.24    0.2725  0.      
GRID       17647        0.2425  0.2725  0.      
GRID       17648        0.245   0.2725  0.      
GRID       17649        0.2475  0.2725  0.      
GRID       17650        0.25    0.2725  0.      
GRID       17651        0.2525  0.2725  0.      
GRID       17652        0.255   0.2725  0.      
GRID       17653        0.2575  0.2725  0.      
GRID       17654        0.26    0.2725  0.      
GRID       17655        0.2625  0.2725  0.      
GRID       17656        0.265   0.2725  0.      
GRID       17657        0.2675  0.2725  0.      
GRID       17658        0.27    0.2725  0.      
GRID       17659        0.2725  0.2725  0.      
GRID       17660        0.275   0.2725  0.      
GRID       17661        0.2775  0.2725  0.      
GRID       17662        0.28    0.2725  0.      
GRID       17663        0.2825  0.2725  0.      
GRID       17664        0.285   0.2725  0.      
GRID       17665        0.2875  0.2725  0.      
GRID       17666        0.29    0.2725  0.      
GRID       17667        0.2925  0.2725  0.      
GRID       17668        0.295   0.2725  0.      
GRID       17669        0.2975  0.2725  0.      
GRID       17670        0.3     0.2725  0.      
GRID       17671        0.3025  0.2725  0.      
GRID       17672        0.305   0.2725  0.      
GRID       17673        0.3075  0.2725  0.      
GRID       17674        0.31    0.2725  0.      
GRID       17675        0.3125  0.2725  0.      
GRID       17676        0.315   0.2725  0.      
GRID       17677        0.3175  0.2725  0.      
GRID       17678        0.32    0.2725  0.      
GRID       17679        0.3225  0.2725  0.      
GRID       17680        0.325   0.2725  0.      
GRID       17681        0.3275  0.2725  0.      
GRID       17682        0.33    0.2725  0.      
GRID       17683        0.3325  0.2725  0.      
GRID       17684        0.335   0.2725  0.      
GRID       17685        0.3375  0.2725  0.      
GRID       17686        0.34    0.2725  0.      
GRID       17687        0.3425  0.2725  0.      
GRID       17688        0.345   0.2725  0.      
GRID       17689        0.3475  0.2725  0.      
GRID       17690        0.35    0.2725  0.      
GRID       17691        0.3525  0.2725  0.      
GRID       17692        0.355   0.2725  0.      
GRID       17693        0.3575  0.2725  0.      
GRID       17694        0.36    0.2725  0.      
GRID       17695        0.3625  0.2725  0.      
GRID       17696        0.365   0.2725  0.      
GRID       17697        0.3675  0.2725  0.      
GRID       17698        0.37    0.2725  0.      
GRID       17699        0.3725  0.2725  0.      
GRID       17700        0.375   0.2725  0.      
GRID       17701        0.3775  0.2725  0.      
GRID       17702        0.38    0.2725  0.      
GRID       17703        0.3825  0.2725  0.      
GRID       17704        0.385   0.2725  0.      
GRID       17705        0.3875  0.2725  0.      
GRID       17706        0.39    0.2725  0.      
GRID       17707        0.3925  0.2725  0.      
GRID       17708        0.395   0.2725  0.      
GRID       17709        0.3975  0.2725  0.      
GRID       17710        0.4     0.2725  0.      
GRID       17711        0.      0.275   0.      
GRID       17712        0.0025  0.275   0.      
GRID       17713        0.005   0.275   0.      
GRID       17714        0.0075  0.275   0.      
GRID       17715        0.01    0.275   0.      
GRID       17716        0.0125  0.275   0.      
GRID       17717        0.015   0.275   0.      
GRID       17718        0.0175  0.275   0.      
GRID       17719        0.02    0.275   0.      
GRID       17720        0.0225  0.275   0.      
GRID       17721        0.025   0.275   0.      
GRID       17722        0.0275  0.275   0.      
GRID       17723        0.03    0.275   0.      
GRID       17724        0.0325  0.275   0.      
GRID       17725        0.035   0.275   0.      
GRID       17726        0.0375  0.275   0.      
GRID       17727        0.04    0.275   0.      
GRID       17728        0.0425  0.275   0.      
GRID       17729        0.045   0.275   0.      
GRID       17730        0.0475  0.275   0.      
GRID       17731        0.05    0.275   0.      
GRID       17732        0.0525  0.275   0.      
GRID       17733        0.055   0.275   0.      
GRID       17734        0.0575  0.275   0.      
GRID       17735        0.06    0.275   0.      
GRID       17736        0.0625  0.275   0.      
GRID       17737        0.065   0.275   0.      
GRID       17738        0.0675  0.275   0.      
GRID       17739        0.07    0.275   0.      
GRID       17740        0.0725  0.275   0.      
GRID       17741        0.075   0.275   0.      
GRID       17742        0.0775  0.275   0.      
GRID       17743        0.08    0.275   0.      
GRID       17744        0.0825  0.275   0.      
GRID       17745        0.085   0.275   0.      
GRID       17746        0.0875  0.275   0.      
GRID       17747        0.09    0.275   0.      
GRID       17748        0.0925  0.275   0.      
GRID       17749        0.095   0.275   0.      
GRID       17750        0.0975  0.275   0.      
GRID       17751        0.1     0.275   0.      
GRID       17752        0.1025  0.275   0.      
GRID       17753        0.105   0.275   0.      
GRID       17754        0.1075  0.275   0.      
GRID       17755        0.11    0.275   0.      
GRID       17756        0.1125  0.275   0.      
GRID       17757        0.115   0.275   0.      
GRID       17758        0.1175  0.275   0.      
GRID       17759        0.12    0.275   0.      
GRID       17760        0.1225  0.275   0.      
GRID       17761        0.125   0.275   0.      
GRID       17762        0.1275  0.275   0.      
GRID       17763        0.13    0.275   0.      
GRID       17764        0.1325  0.275   0.      
GRID       17765        0.135   0.275   0.      
GRID       17766        0.1375  0.275   0.      
GRID       17767        0.14    0.275   0.      
GRID       17768        0.1425  0.275   0.      
GRID       17769        0.145   0.275   0.      
GRID       17770        0.1475  0.275   0.      
GRID       17771        0.15    0.275   0.      
GRID       17772        0.1525  0.275   0.      
GRID       17773        0.155   0.275   0.      
GRID       17774        0.1575  0.275   0.      
GRID       17775        0.16    0.275   0.      
GRID       17776        0.1625  0.275   0.      
GRID       17777        0.165   0.275   0.      
GRID       17778        0.1675  0.275   0.      
GRID       17779        0.17    0.275   0.      
GRID       17780        0.1725  0.275   0.      
GRID       17781        0.175   0.275   0.      
GRID       17782        0.1775  0.275   0.      
GRID       17783        0.18    0.275   0.      
GRID       17784        0.1825  0.275   0.      
GRID       17785        0.185   0.275   0.      
GRID       17786        0.1875  0.275   0.      
GRID       17787        0.19    0.275   0.      
GRID       17788        0.1925  0.275   0.      
GRID       17789        0.195   0.275   0.      
GRID       17790        0.1975  0.275   0.      
GRID       17791        0.2     0.275   0.      
GRID       17792        0.2025  0.275   0.      
GRID       17793        0.205   0.275   0.      
GRID       17794        0.2075  0.275   0.      
GRID       17795        0.21    0.275   0.      
GRID       17796        0.2125  0.275   0.      
GRID       17797        0.215   0.275   0.      
GRID       17798        0.2175  0.275   0.      
GRID       17799        0.22    0.275   0.      
GRID       17800        0.2225  0.275   0.      
GRID       17801        0.225   0.275   0.      
GRID       17802        0.2275  0.275   0.      
GRID       17803        0.23    0.275   0.      
GRID       17804        0.2325  0.275   0.      
GRID       17805        0.235   0.275   0.      
GRID       17806        0.2375  0.275   0.      
GRID       17807        0.24    0.275   0.      
GRID       17808        0.2425  0.275   0.      
GRID       17809        0.245   0.275   0.      
GRID       17810        0.2475  0.275   0.      
GRID       17811        0.25    0.275   0.      
GRID       17812        0.2525  0.275   0.      
GRID       17813        0.255   0.275   0.      
GRID       17814        0.2575  0.275   0.      
GRID       17815        0.26    0.275   0.      
GRID       17816        0.2625  0.275   0.      
GRID       17817        0.265   0.275   0.      
GRID       17818        0.2675  0.275   0.      
GRID       17819        0.27    0.275   0.      
GRID       17820        0.2725  0.275   0.      
GRID       17821        0.275   0.275   0.      
GRID       17822        0.2775  0.275   0.      
GRID       17823        0.28    0.275   0.      
GRID       17824        0.2825  0.275   0.      
GRID       17825        0.285   0.275   0.      
GRID       17826        0.2875  0.275   0.      
GRID       17827        0.29    0.275   0.      
GRID       17828        0.2925  0.275   0.      
GRID       17829        0.295   0.275   0.      
GRID       17830        0.2975  0.275   0.      
GRID       17831        0.3     0.275   0.      
GRID       17832        0.3025  0.275   0.      
GRID       17833        0.305   0.275   0.      
GRID       17834        0.3075  0.275   0.      
GRID       17835        0.31    0.275   0.      
GRID       17836        0.3125  0.275   0.      
GRID       17837        0.315   0.275   0.      
GRID       17838        0.3175  0.275   0.      
GRID       17839        0.32    0.275   0.      
GRID       17840        0.3225  0.275   0.      
GRID       17841        0.325   0.275   0.      
GRID       17842        0.3275  0.275   0.      
GRID       17843        0.33    0.275   0.      
GRID       17844        0.3325  0.275   0.      
GRID       17845        0.335   0.275   0.      
GRID       17846        0.3375  0.275   0.      
GRID       17847        0.34    0.275   0.      
GRID       17848        0.3425  0.275   0.      
GRID       17849        0.345   0.275   0.      
GRID       17850        0.3475  0.275   0.      
GRID       17851        0.35    0.275   0.      
GRID       17852        0.3525  0.275   0.      
GRID       17853        0.355   0.275   0.      
GRID       17854        0.3575  0.275   0.      
GRID       17855        0.36    0.275   0.      
GRID       17856        0.3625  0.275   0.      
GRID       17857        0.365   0.275   0.      
GRID       17858        0.3675  0.275   0.      
GRID       17859        0.37    0.275   0.      
GRID       17860        0.3725  0.275   0.      
GRID       17861        0.375   0.275   0.      
GRID       17862        0.3775  0.275   0.      
GRID       17863        0.38    0.275   0.      
GRID       17864        0.3825  0.275   0.      
GRID       17865        0.385   0.275   0.      
GRID       17866        0.3875  0.275   0.      
GRID       17867        0.39    0.275   0.      
GRID       17868        0.3925  0.275   0.      
GRID       17869        0.395   0.275   0.      
GRID       17870        0.3975  0.275   0.      
GRID       17871        0.4     0.275   0.      
GRID       17872        0.      0.2775  0.      
GRID       17873        0.0025  0.2775  0.      
GRID       17874        0.005   0.2775  0.      
GRID       17875        0.0075  0.2775  0.      
GRID       17876        0.01    0.2775  0.      
GRID       17877        0.0125  0.2775  0.      
GRID       17878        0.015   0.2775  0.      
GRID       17879        0.0175  0.2775  0.      
GRID       17880        0.02    0.2775  0.      
GRID       17881        0.0225  0.2775  0.      
GRID       17882        0.025   0.2775  0.      
GRID       17883        0.0275  0.2775  0.      
GRID       17884        0.03    0.2775  0.      
GRID       17885        0.0325  0.2775  0.      
GRID       17886        0.035   0.2775  0.      
GRID       17887        0.0375  0.2775  0.      
GRID       17888        0.04    0.2775  0.      
GRID       17889        0.0425  0.2775  0.      
GRID       17890        0.045   0.2775  0.      
GRID       17891        0.0475  0.2775  0.      
GRID       17892        0.05    0.2775  0.      
GRID       17893        0.0525  0.2775  0.      
GRID       17894        0.055   0.2775  0.      
GRID       17895        0.0575  0.2775  0.      
GRID       17896        0.06    0.2775  0.      
GRID       17897        0.0625  0.2775  0.      
GRID       17898        0.065   0.2775  0.      
GRID       17899        0.0675  0.2775  0.      
GRID       17900        0.07    0.2775  0.      
GRID       17901        0.0725  0.2775  0.      
GRID       17902        0.075   0.2775  0.      
GRID       17903        0.0775  0.2775  0.      
GRID       17904        0.08    0.2775  0.      
GRID       17905        0.0825  0.2775  0.      
GRID       17906        0.085   0.2775  0.      
GRID       17907        0.0875  0.2775  0.      
GRID       17908        0.09    0.2775  0.      
GRID       17909        0.0925  0.2775  0.      
GRID       17910        0.095   0.2775  0.      
GRID       17911        0.0975  0.2775  0.      
GRID       17912        0.1     0.2775  0.      
GRID       17913        0.1025  0.2775  0.      
GRID       17914        0.105   0.2775  0.      
GRID       17915        0.1075  0.2775  0.      
GRID       17916        0.11    0.2775  0.      
GRID       17917        0.1125  0.2775  0.      
GRID       17918        0.115   0.2775  0.      
GRID       17919        0.1175  0.2775  0.      
GRID       17920        0.12    0.2775  0.      
GRID       17921        0.1225  0.2775  0.      
GRID       17922        0.125   0.2775  0.      
GRID       17923        0.1275  0.2775  0.      
GRID       17924        0.13    0.2775  0.      
GRID       17925        0.1325  0.2775  0.      
GRID       17926        0.135   0.2775  0.      
GRID       17927        0.1375  0.2775  0.      
GRID       17928        0.14    0.2775  0.      
GRID       17929        0.1425  0.2775  0.      
GRID       17930        0.145   0.2775  0.      
GRID       17931        0.1475  0.2775  0.      
GRID       17932        0.15    0.2775  0.      
GRID       17933        0.1525  0.2775  0.      
GRID       17934        0.155   0.2775  0.      
GRID       17935        0.1575  0.2775  0.      
GRID       17936        0.16    0.2775  0.      
GRID       17937        0.1625  0.2775  0.      
GRID       17938        0.165   0.2775  0.      
GRID       17939        0.1675  0.2775  0.      
GRID       17940        0.17    0.2775  0.      
GRID       17941        0.1725  0.2775  0.      
GRID       17942        0.175   0.2775  0.      
GRID       17943        0.1775  0.2775  0.      
GRID       17944        0.18    0.2775  0.      
GRID       17945        0.1825  0.2775  0.      
GRID       17946        0.185   0.2775  0.      
GRID       17947        0.1875  0.2775  0.      
GRID       17948        0.19    0.2775  0.      
GRID       17949        0.1925  0.2775  0.      
GRID       17950        0.195   0.2775  0.      
GRID       17951        0.1975  0.2775  0.      
GRID       17952        0.2     0.2775  0.      
GRID       17953        0.2025  0.2775  0.      
GRID       17954        0.205   0.2775  0.      
GRID       17955        0.2075  0.2775  0.      
GRID       17956        0.21    0.2775  0.      
GRID       17957        0.2125  0.2775  0.      
GRID       17958        0.215   0.2775  0.      
GRID       17959        0.2175  0.2775  0.      
GRID       17960        0.22    0.2775  0.      
GRID       17961        0.2225  0.2775  0.      
GRID       17962        0.225   0.2775  0.      
GRID       17963        0.2275  0.2775  0.      
GRID       17964        0.23    0.2775  0.      
GRID       17965        0.2325  0.2775  0.      
GRID       17966        0.235   0.2775  0.      
GRID       17967        0.2375  0.2775  0.      
GRID       17968        0.24    0.2775  0.      
GRID       17969        0.2425  0.2775  0.      
GRID       17970        0.245   0.2775  0.      
GRID       17971        0.2475  0.2775  0.      
GRID       17972        0.25    0.2775  0.      
GRID       17973        0.2525  0.2775  0.      
GRID       17974        0.255   0.2775  0.      
GRID       17975        0.2575  0.2775  0.      
GRID       17976        0.26    0.2775  0.      
GRID       17977        0.2625  0.2775  0.      
GRID       17978        0.265   0.2775  0.      
GRID       17979        0.2675  0.2775  0.      
GRID       17980        0.27    0.2775  0.      
GRID       17981        0.2725  0.2775  0.      
GRID       17982        0.275   0.2775  0.      
GRID       17983        0.2775  0.2775  0.      
GRID       17984        0.28    0.2775  0.      
GRID       17985        0.2825  0.2775  0.      
GRID       17986        0.285   0.2775  0.      
GRID       17987        0.2875  0.2775  0.      
GRID       17988        0.29    0.2775  0.      
GRID       17989        0.2925  0.2775  0.      
GRID       17990        0.295   0.2775  0.      
GRID       17991        0.2975  0.2775  0.      
GRID       17992        0.3     0.2775  0.      
GRID       17993        0.3025  0.2775  0.      
GRID       17994        0.305   0.2775  0.      
GRID       17995        0.3075  0.2775  0.      
GRID       17996        0.31    0.2775  0.      
GRID       17997        0.3125  0.2775  0.      
GRID       17998        0.315   0.2775  0.      
GRID       17999        0.3175  0.2775  0.      
GRID       18000        0.32    0.2775  0.      
GRID       18001        0.3225  0.2775  0.      
GRID       18002        0.325   0.2775  0.      
GRID       18003        0.3275  0.2775  0.      
GRID       18004        0.33    0.2775  0.      
GRID       18005        0.3325  0.2775  0.      
GRID       18006        0.335   0.2775  0.      
GRID       18007        0.3375  0.2775  0.      
GRID       18008        0.34    0.2775  0.      
GRID       18009        0.3425  0.2775  0.      
GRID       18010        0.345   0.2775  0.      
GRID       18011        0.3475  0.2775  0.      
GRID       18012        0.35    0.2775  0.      
GRID       18013        0.3525  0.2775  0.      
GRID       18014        0.355   0.2775  0.      
GRID       18015        0.3575  0.2775  0.      
GRID       18016        0.36    0.2775  0.      
GRID       18017        0.3625  0.2775  0.      
GRID       18018        0.365   0.2775  0.      
GRID       18019        0.3675  0.2775  0.      
GRID       18020        0.37    0.2775  0.      
GRID       18021        0.3725  0.2775  0.      
GRID       18022        0.375   0.2775  0.      
GRID       18023        0.3775  0.2775  0.      
GRID       18024        0.38    0.2775  0.      
GRID       18025        0.3825  0.2775  0.      
GRID       18026        0.385   0.2775  0.      
GRID       18027        0.3875  0.2775  0.      
GRID       18028        0.39    0.2775  0.      
GRID       18029        0.3925  0.2775  0.      
GRID       18030        0.395   0.2775  0.      
GRID       18031        0.3975  0.2775  0.      
GRID       18032        0.4     0.2775  0.      
GRID       18033        0.      0.28    0.      
GRID       18034        0.0025  0.28    0.      
GRID       18035        0.005   0.28    0.      
GRID       18036        0.0075  0.28    0.      
GRID       18037        0.01    0.28    0.      
GRID       18038        0.0125  0.28    0.      
GRID       18039        0.015   0.28    0.      
GRID       18040        0.0175  0.28    0.      
GRID       18041        0.02    0.28    0.      
GRID       18042        0.0225  0.28    0.      
GRID       18043        0.025   0.28    0.      
GRID       18044        0.0275  0.28    0.      
GRID       18045        0.03    0.28    0.      
GRID       18046        0.0325  0.28    0.      
GRID       18047        0.035   0.28    0.      
GRID       18048        0.0375  0.28    0.      
GRID       18049        0.04    0.28    0.      
GRID       18050        0.0425  0.28    0.      
GRID       18051        0.045   0.28    0.      
GRID       18052        0.0475  0.28    0.      
GRID       18053        0.05    0.28    0.      
GRID       18054        0.0525  0.28    0.      
GRID       18055        0.055   0.28    0.      
GRID       18056        0.0575  0.28    0.      
GRID       18057        0.06    0.28    0.      
GRID       18058        0.0625  0.28    0.      
GRID       18059        0.065   0.28    0.      
GRID       18060        0.0675  0.28    0.      
GRID       18061        0.07    0.28    0.      
GRID       18062        0.0725  0.28    0.      
GRID       18063        0.075   0.28    0.      
GRID       18064        0.0775  0.28    0.      
GRID       18065        0.08    0.28    0.      
GRID       18066        0.0825  0.28    0.      
GRID       18067        0.085   0.28    0.      
GRID       18068        0.0875  0.28    0.      
GRID       18069        0.09    0.28    0.      
GRID       18070        0.0925  0.28    0.      
GRID       18071        0.095   0.28    0.      
GRID       18072        0.0975  0.28    0.      
GRID       18073        0.1     0.28    0.      
GRID       18074        0.1025  0.28    0.      
GRID       18075        0.105   0.28    0.      
GRID       18076        0.1075  0.28    0.      
GRID       18077        0.11    0.28    0.      
GRID       18078        0.1125  0.28    0.      
GRID       18079        0.115   0.28    0.      
GRID       18080        0.1175  0.28    0.      
GRID       18081        0.12    0.28    0.      
GRID       18082        0.1225  0.28    0.      
GRID       18083        0.125   0.28    0.      
GRID       18084        0.1275  0.28    0.      
GRID       18085        0.13    0.28    0.      
GRID       18086        0.1325  0.28    0.      
GRID       18087        0.135   0.28    0.      
GRID       18088        0.1375  0.28    0.      
GRID       18089        0.14    0.28    0.      
GRID       18090        0.1425  0.28    0.      
GRID       18091        0.145   0.28    0.      
GRID       18092        0.1475  0.28    0.      
GRID       18093        0.15    0.28    0.      
GRID       18094        0.1525  0.28    0.      
GRID       18095        0.155   0.28    0.      
GRID       18096        0.1575  0.28    0.      
GRID       18097        0.16    0.28    0.      
GRID       18098        0.1625  0.28    0.      
GRID       18099        0.165   0.28    0.      
GRID       18100        0.1675  0.28    0.      
GRID       18101        0.17    0.28    0.      
GRID       18102        0.1725  0.28    0.      
GRID       18103        0.175   0.28    0.      
GRID       18104        0.1775  0.28    0.      
GRID       18105        0.18    0.28    0.      
GRID       18106        0.1825  0.28    0.      
GRID       18107        0.185   0.28    0.      
GRID       18108        0.1875  0.28    0.      
GRID       18109        0.19    0.28    0.      
GRID       18110        0.1925  0.28    0.      
GRID       18111        0.195   0.28    0.      
GRID       18112        0.1975  0.28    0.      
GRID       18113        0.2     0.28    0.      
GRID       18114        0.2025  0.28    0.      
GRID       18115        0.205   0.28    0.      
GRID       18116        0.2075  0.28    0.      
GRID       18117        0.21    0.28    0.      
GRID       18118        0.2125  0.28    0.      
GRID       18119        0.215   0.28    0.      
GRID       18120        0.2175  0.28    0.      
GRID       18121        0.22    0.28    0.      
GRID       18122        0.2225  0.28    0.      
GRID       18123        0.225   0.28    0.      
GRID       18124        0.2275  0.28    0.      
GRID       18125        0.23    0.28    0.      
GRID       18126        0.2325  0.28    0.      
GRID       18127        0.235   0.28    0.      
GRID       18128        0.2375  0.28    0.      
GRID       18129        0.24    0.28    0.      
GRID       18130        0.2425  0.28    0.      
GRID       18131        0.245   0.28    0.      
GRID       18132        0.2475  0.28    0.      
GRID       18133        0.25    0.28    0.      
GRID       18134        0.2525  0.28    0.      
GRID       18135        0.255   0.28    0.      
GRID       18136        0.2575  0.28    0.      
GRID       18137        0.26    0.28    0.      
GRID       18138        0.2625  0.28    0.      
GRID       18139        0.265   0.28    0.      
GRID       18140        0.2675  0.28    0.      
GRID       18141        0.27    0.28    0.      
GRID       18142        0.2725  0.28    0.      
GRID       18143        0.275   0.28    0.      
GRID       18144        0.2775  0.28    0.      
GRID       18145        0.28    0.28    0.      
GRID       18146        0.2825  0.28    0.      
GRID       18147        0.285   0.28    0.      
GRID       18148        0.2875  0.28    0.      
GRID       18149        0.29    0.28    0.      
GRID       18150        0.2925  0.28    0.      
GRID       18151        0.295   0.28    0.      
GRID       18152        0.2975  0.28    0.      
GRID       18153        0.3     0.28    0.      
GRID       18154        0.3025  0.28    0.      
GRID       18155        0.305   0.28    0.      
GRID       18156        0.3075  0.28    0.      
GRID       18157        0.31    0.28    0.      
GRID       18158        0.3125  0.28    0.      
GRID       18159        0.315   0.28    0.      
GRID       18160        0.3175  0.28    0.      
GRID       18161        0.32    0.28    0.      
GRID       18162        0.3225  0.28    0.      
GRID       18163        0.325   0.28    0.      
GRID       18164        0.3275  0.28    0.      
GRID       18165        0.33    0.28    0.      
GRID       18166        0.3325  0.28    0.      
GRID       18167        0.335   0.28    0.      
GRID       18168        0.3375  0.28    0.      
GRID       18169        0.34    0.28    0.      
GRID       18170        0.3425  0.28    0.      
GRID       18171        0.345   0.28    0.      
GRID       18172        0.3475  0.28    0.      
GRID       18173        0.35    0.28    0.      
GRID       18174        0.3525  0.28    0.      
GRID       18175        0.355   0.28    0.      
GRID       18176        0.3575  0.28    0.      
GRID       18177        0.36    0.28    0.      
GRID       18178        0.3625  0.28    0.      
GRID       18179        0.365   0.28    0.      
GRID       18180        0.3675  0.28    0.      
GRID       18181        0.37    0.28    0.      
GRID       18182        0.3725  0.28    0.      
GRID       18183        0.375   0.28    0.      
GRID       18184        0.3775  0.28    0.      
GRID       18185        0.38    0.28    0.      
GRID       18186        0.3825  0.28    0.      
GRID       18187        0.385   0.28    0.      
GRID       18188        0.3875  0.28    0.      
GRID       18189        0.39    0.28    0.      
GRID       18190        0.3925  0.28    0.      
GRID       18191        0.395   0.28    0.      
GRID       18192        0.3975  0.28    0.      
GRID       18193        0.4     0.28    0.      
GRID       18194        0.      0.2825  0.      
GRID       18195        0.0025  0.2825  0.      
GRID       18196        0.005   0.2825  0.      
GRID       18197        0.0075  0.2825  0.      
GRID       18198        0.01    0.2825  0.      
GRID       18199        0.0125  0.2825  0.      
GRID       18200        0.015   0.2825  0.      
GRID       18201        0.0175  0.2825  0.      
GRID       18202        0.02    0.2825  0.      
GRID       18203        0.0225  0.2825  0.      
GRID       18204        0.025   0.2825  0.      
GRID       18205        0.0275  0.2825  0.      
GRID       18206        0.03    0.2825  0.      
GRID       18207        0.0325  0.2825  0.      
GRID       18208        0.035   0.2825  0.      
GRID       18209        0.0375  0.2825  0.      
GRID       18210        0.04    0.2825  0.      
GRID       18211        0.0425  0.2825  0.      
GRID       18212        0.045   0.2825  0.      
GRID       18213        0.0475  0.2825  0.      
GRID       18214        0.05    0.2825  0.      
GRID       18215        0.0525  0.2825  0.      
GRID       18216        0.055   0.2825  0.      
GRID       18217        0.0575  0.2825  0.      
GRID       18218        0.06    0.2825  0.      
GRID       18219        0.0625  0.2825  0.      
GRID       18220        0.065   0.2825  0.      
GRID       18221        0.0675  0.2825  0.      
GRID       18222        0.07    0.2825  0.      
GRID       18223        0.0725  0.2825  0.      
GRID       18224        0.075   0.2825  0.      
GRID       18225        0.0775  0.2825  0.      
GRID       18226        0.08    0.2825  0.      
GRID       18227        0.0825  0.2825  0.      
GRID       18228        0.085   0.2825  0.      
GRID       18229        0.0875  0.2825  0.      
GRID       18230        0.09    0.2825  0.      
GRID       18231        0.0925  0.2825  0.      
GRID       18232        0.095   0.2825  0.      
GRID       18233        0.0975  0.2825  0.      
GRID       18234        0.1     0.2825  0.      
GRID       18235        0.1025  0.2825  0.      
GRID       18236        0.105   0.2825  0.      
GRID       18237        0.1075  0.2825  0.      
GRID       18238        0.11    0.2825  0.      
GRID       18239        0.1125  0.2825  0.      
GRID       18240        0.115   0.2825  0.      
GRID       18241        0.1175  0.2825  0.      
GRID       18242        0.12    0.2825  0.      
GRID       18243        0.1225  0.2825  0.      
GRID       18244        0.125   0.2825  0.      
GRID       18245        0.1275  0.2825  0.      
GRID       18246        0.13    0.2825  0.      
GRID       18247        0.1325  0.2825  0.      
GRID       18248        0.135   0.2825  0.      
GRID       18249        0.1375  0.2825  0.      
GRID       18250        0.14    0.2825  0.      
GRID       18251        0.1425  0.2825  0.      
GRID       18252        0.145   0.2825  0.      
GRID       18253        0.1475  0.2825  0.      
GRID       18254        0.15    0.2825  0.      
GRID       18255        0.1525  0.2825  0.      
GRID       18256        0.155   0.2825  0.      
GRID       18257        0.1575  0.2825  0.      
GRID       18258        0.16    0.2825  0.      
GRID       18259        0.1625  0.2825  0.      
GRID       18260        0.165   0.2825  0.      
GRID       18261        0.1675  0.2825  0.      
GRID       18262        0.17    0.2825  0.      
GRID       18263        0.1725  0.2825  0.      
GRID       18264        0.175   0.2825  0.      
GRID       18265        0.1775  0.2825  0.      
GRID       18266        0.18    0.2825  0.      
GRID       18267        0.1825  0.2825  0.      
GRID       18268        0.185   0.2825  0.      
GRID       18269        0.1875  0.2825  0.      
GRID       18270        0.19    0.2825  0.      
GRID       18271        0.1925  0.2825  0.      
GRID       18272        0.195   0.2825  0.      
GRID       18273        0.1975  0.2825  0.      
GRID       18274        0.2     0.2825  0.      
GRID       18275        0.2025  0.2825  0.      
GRID       18276        0.205   0.2825  0.      
GRID       18277        0.2075  0.2825  0.      
GRID       18278        0.21    0.2825  0.      
GRID       18279        0.2125  0.2825  0.      
GRID       18280        0.215   0.2825  0.      
GRID       18281        0.2175  0.2825  0.      
GRID       18282        0.22    0.2825  0.      
GRID       18283        0.2225  0.2825  0.      
GRID       18284        0.225   0.2825  0.      
GRID       18285        0.2275  0.2825  0.      
GRID       18286        0.23    0.2825  0.      
GRID       18287        0.2325  0.2825  0.      
GRID       18288        0.235   0.2825  0.      
GRID       18289        0.2375  0.2825  0.      
GRID       18290        0.24    0.2825  0.      
GRID       18291        0.2425  0.2825  0.      
GRID       18292        0.245   0.2825  0.      
GRID       18293        0.2475  0.2825  0.      
GRID       18294        0.25    0.2825  0.      
GRID       18295        0.2525  0.2825  0.      
GRID       18296        0.255   0.2825  0.      
GRID       18297        0.2575  0.2825  0.      
GRID       18298        0.26    0.2825  0.      
GRID       18299        0.2625  0.2825  0.      
GRID       18300        0.265   0.2825  0.      
GRID       18301        0.2675  0.2825  0.      
GRID       18302        0.27    0.2825  0.      
GRID       18303        0.2725  0.2825  0.      
GRID       18304        0.275   0.2825  0.      
GRID       18305        0.2775  0.2825  0.      
GRID       18306        0.28    0.2825  0.      
GRID       18307        0.2825  0.2825  0.      
GRID       18308        0.285   0.2825  0.      
GRID       18309        0.2875  0.2825  0.      
GRID       18310        0.29    0.2825  0.      
GRID       18311        0.2925  0.2825  0.      
GRID       18312        0.295   0.2825  0.      
GRID       18313        0.2975  0.2825  0.      
GRID       18314        0.3     0.2825  0.      
GRID       18315        0.3025  0.2825  0.      
GRID       18316        0.305   0.2825  0.      
GRID       18317        0.3075  0.2825  0.      
GRID       18318        0.31    0.2825  0.      
GRID       18319        0.3125  0.2825  0.      
GRID       18320        0.315   0.2825  0.      
GRID       18321        0.3175  0.2825  0.      
GRID       18322        0.32    0.2825  0.      
GRID       18323        0.3225  0.2825  0.      
GRID       18324        0.325   0.2825  0.      
GRID       18325        0.3275  0.2825  0.      
GRID       18326        0.33    0.2825  0.      
GRID       18327        0.3325  0.2825  0.      
GRID       18328        0.335   0.2825  0.      
GRID       18329        0.3375  0.2825  0.      
GRID       18330        0.34    0.2825  0.      
GRID       18331        0.3425  0.2825  0.      
GRID       18332        0.345   0.2825  0.      
GRID       18333        0.3475  0.2825  0.      
GRID       18334        0.35    0.2825  0.      
GRID       18335        0.3525  0.2825  0.      
GRID       18336        0.355   0.2825  0.      
GRID       18337        0.3575  0.2825  0.      
GRID       18338        0.36    0.2825  0.      
GRID       18339        0.3625  0.2825  0.      
GRID       18340        0.365   0.2825  0.      
GRID       18341        0.3675  0.2825  0.      
GRID       18342        0.37    0.2825  0.      
GRID       18343        0.3725  0.2825  0.      
GRID       18344        0.375   0.2825  0.      
GRID       18345        0.3775  0.2825  0.      
GRID       18346        0.38    0.2825  0.      
GRID       18347        0.3825  0.2825  0.      
GRID       18348        0.385   0.2825  0.      
GRID       18349        0.3875  0.2825  0.      
GRID       18350        0.39    0.2825  0.      
GRID       18351        0.3925  0.2825  0.      
GRID       18352        0.395   0.2825  0.      
GRID       18353        0.3975  0.2825  0.      
GRID       18354        0.4     0.2825  0.      
GRID       18355        0.      0.285   0.      
GRID       18356        0.0025  0.285   0.      
GRID       18357        0.005   0.285   0.      
GRID       18358        0.0075  0.285   0.      
GRID       18359        0.01    0.285   0.      
GRID       18360        0.0125  0.285   0.      
GRID       18361        0.015   0.285   0.      
GRID       18362        0.0175  0.285   0.      
GRID       18363        0.02    0.285   0.      
GRID       18364        0.0225  0.285   0.      
GRID       18365        0.025   0.285   0.      
GRID       18366        0.0275  0.285   0.      
GRID       18367        0.03    0.285   0.      
GRID       18368        0.0325  0.285   0.      
GRID       18369        0.035   0.285   0.      
GRID       18370        0.0375  0.285   0.      
GRID       18371        0.04    0.285   0.      
GRID       18372        0.0425  0.285   0.      
GRID       18373        0.045   0.285   0.      
GRID       18374        0.0475  0.285   0.      
GRID       18375        0.05    0.285   0.      
GRID       18376        0.0525  0.285   0.      
GRID       18377        0.055   0.285   0.      
GRID       18378        0.0575  0.285   0.      
GRID       18379        0.06    0.285   0.      
GRID       18380        0.0625  0.285   0.      
GRID       18381        0.065   0.285   0.      
GRID       18382        0.0675  0.285   0.      
GRID       18383        0.07    0.285   0.      
GRID       18384        0.0725  0.285   0.      
GRID       18385        0.075   0.285   0.      
GRID       18386        0.0775  0.285   0.      
GRID       18387        0.08    0.285   0.      
GRID       18388        0.0825  0.285   0.      
GRID       18389        0.085   0.285   0.      
GRID       18390        0.0875  0.285   0.      
GRID       18391        0.09    0.285   0.      
GRID       18392        0.0925  0.285   0.      
GRID       18393        0.095   0.285   0.      
GRID       18394        0.0975  0.285   0.      
GRID       18395        0.1     0.285   0.      
GRID       18396        0.1025  0.285   0.      
GRID       18397        0.105   0.285   0.      
GRID       18398        0.1075  0.285   0.      
GRID       18399        0.11    0.285   0.      
GRID       18400        0.1125  0.285   0.      
GRID       18401        0.115   0.285   0.      
GRID       18402        0.1175  0.285   0.      
GRID       18403        0.12    0.285   0.      
GRID       18404        0.1225  0.285   0.      
GRID       18405        0.125   0.285   0.      
GRID       18406        0.1275  0.285   0.      
GRID       18407        0.13    0.285   0.      
GRID       18408        0.1325  0.285   0.      
GRID       18409        0.135   0.285   0.      
GRID       18410        0.1375  0.285   0.      
GRID       18411        0.14    0.285   0.      
GRID       18412        0.1425  0.285   0.      
GRID       18413        0.145   0.285   0.      
GRID       18414        0.1475  0.285   0.      
GRID       18415        0.15    0.285   0.      
GRID       18416        0.1525  0.285   0.      
GRID       18417        0.155   0.285   0.      
GRID       18418        0.1575  0.285   0.      
GRID       18419        0.16    0.285   0.      
GRID       18420        0.1625  0.285   0.      
GRID       18421        0.165   0.285   0.      
GRID       18422        0.1675  0.285   0.      
GRID       18423        0.17    0.285   0.      
GRID       18424        0.1725  0.285   0.      
GRID       18425        0.175   0.285   0.      
GRID       18426        0.1775  0.285   0.      
GRID       18427        0.18    0.285   0.      
GRID       18428        0.1825  0.285   0.      
GRID       18429        0.185   0.285   0.      
GRID       18430        0.1875  0.285   0.      
GRID       18431        0.19    0.285   0.      
GRID       18432        0.1925  0.285   0.      
GRID       18433        0.195   0.285   0.      
GRID       18434        0.1975  0.285   0.      
GRID       18435        0.2     0.285   0.      
GRID       18436        0.2025  0.285   0.      
GRID       18437        0.205   0.285   0.      
GRID       18438        0.2075  0.285   0.      
GRID       18439        0.21    0.285   0.      
GRID       18440        0.2125  0.285   0.      
GRID       18441        0.215   0.285   0.      
GRID       18442        0.2175  0.285   0.      
GRID       18443        0.22    0.285   0.      
GRID       18444        0.2225  0.285   0.      
GRID       18445        0.225   0.285   0.      
GRID       18446        0.2275  0.285   0.      
GRID       18447        0.23    0.285   0.      
GRID       18448        0.2325  0.285   0.      
GRID       18449        0.235   0.285   0.      
GRID       18450        0.2375  0.285   0.      
GRID       18451        0.24    0.285   0.      
GRID       18452        0.2425  0.285   0.      
GRID       18453        0.245   0.285   0.      
GRID       18454        0.2475  0.285   0.      
GRID       18455        0.25    0.285   0.      
GRID       18456        0.2525  0.285   0.      
GRID       18457        0.255   0.285   0.      
GRID       18458        0.2575  0.285   0.      
GRID       18459        0.26    0.285   0.      
GRID       18460        0.2625  0.285   0.      
GRID       18461        0.265   0.285   0.      
GRID       18462        0.2675  0.285   0.      
GRID       18463        0.27    0.285   0.      
GRID       18464        0.2725  0.285   0.      
GRID       18465        0.275   0.285   0.      
GRID       18466        0.2775  0.285   0.      
GRID       18467        0.28    0.285   0.      
GRID       18468        0.2825  0.285   0.      
GRID       18469        0.285   0.285   0.      
GRID       18470        0.2875  0.285   0.      
GRID       18471        0.29    0.285   0.      
GRID       18472        0.2925  0.285   0.      
GRID       18473        0.295   0.285   0.      
GRID       18474        0.2975  0.285   0.      
GRID       18475        0.3     0.285   0.      
GRID       18476        0.3025  0.285   0.      
GRID       18477        0.305   0.285   0.      
GRID       18478        0.3075  0.285   0.      
GRID       18479        0.31    0.285   0.      
GRID       18480        0.3125  0.285   0.      
GRID       18481        0.315   0.285   0.      
GRID       18482        0.3175  0.285   0.      
GRID       18483        0.32    0.285   0.      
GRID       18484        0.3225  0.285   0.      
GRID       18485        0.325   0.285   0.      
GRID       18486        0.3275  0.285   0.      
GRID       18487        0.33    0.285   0.      
GRID       18488        0.3325  0.285   0.      
GRID       18489        0.335   0.285   0.      
GRID       18490        0.3375  0.285   0.      
GRID       18491        0.34    0.285   0.      
GRID       18492        0.3425  0.285   0.      
GRID       18493        0.345   0.285   0.      
GRID       18494        0.3475  0.285   0.      
GRID       18495        0.35    0.285   0.      
GRID       18496        0.3525  0.285   0.      
GRID       18497        0.355   0.285   0.      
GRID       18498        0.3575  0.285   0.      
GRID       18499        0.36    0.285   0.      
GRID       18500        0.3625  0.285   0.      
GRID       18501        0.365   0.285   0.      
GRID       18502        0.3675  0.285   0.      
GRID       18503        0.37    0.285   0.      
GRID       18504        0.3725  0.285   0.      
GRID       18505        0.375   0.285   0.      
GRID       18506        0.3775  0.285   0.      
GRID       18507        0.38    0.285   0.      
GRID       18508        0.3825  0.285   0.      
GRID       18509        0.385   0.285   0.      
GRID       18510        0.3875  0.285   0.      
GRID       18511        0.39    0.285   0.      
GRID       18512        0.3925  0.285   0.      
GRID       18513        0.395   0.285   0.      
GRID       18514        0.3975  0.285   0.      
GRID       18515        0.4     0.285   0.      
GRID       18516        0.      0.2875  0.      
GRID       18517        0.0025  0.2875  0.      
GRID       18518        0.005   0.2875  0.      
GRID       18519        0.0075  0.2875  0.      
GRID       18520        0.01    0.2875  0.      
GRID       18521        0.0125  0.2875  0.      
GRID       18522        0.015   0.2875  0.      
GRID       18523        0.0175  0.2875  0.      
GRID       18524        0.02    0.2875  0.      
GRID       18525        0.0225  0.2875  0.      
GRID       18526        0.025   0.2875  0.      
GRID       18527        0.0275  0.2875  0.      
GRID       18528        0.03    0.2875  0.      
GRID       18529        0.0325  0.2875  0.      
GRID       18530        0.035   0.2875  0.      
GRID       18531        0.0375  0.2875  0.      
GRID       18532        0.04    0.2875  0.      
GRID       18533        0.0425  0.2875  0.      
GRID       18534        0.045   0.2875  0.      
GRID       18535        0.0475  0.2875  0.      
GRID       18536        0.05    0.2875  0.      
GRID       18537        0.0525  0.2875  0.      
GRID       18538        0.055   0.2875  0.      
GRID       18539        0.0575  0.2875  0.      
GRID       18540        0.06    0.2875  0.      
GRID       18541        0.0625  0.2875  0.      
GRID       18542        0.065   0.2875  0.      
GRID       18543        0.0675  0.2875  0.      
GRID       18544        0.07    0.2875  0.      
GRID       18545        0.0725  0.2875  0.      
GRID       18546        0.075   0.2875  0.      
GRID       18547        0.0775  0.2875  0.      
GRID       18548        0.08    0.2875  0.      
GRID       18549        0.0825  0.2875  0.      
GRID       18550        0.085   0.2875  0.      
GRID       18551        0.0875  0.2875  0.      
GRID       18552        0.09    0.2875  0.      
GRID       18553        0.0925  0.2875  0.      
GRID       18554        0.095   0.2875  0.      
GRID       18555        0.0975  0.2875  0.      
GRID       18556        0.1     0.2875  0.      
GRID       18557        0.1025  0.2875  0.      
GRID       18558        0.105   0.2875  0.      
GRID       18559        0.1075  0.2875  0.      
GRID       18560        0.11    0.2875  0.      
GRID       18561        0.1125  0.2875  0.      
GRID       18562        0.115   0.2875  0.      
GRID       18563        0.1175  0.2875  0.      
GRID       18564        0.12    0.2875  0.      
GRID       18565        0.1225  0.2875  0.      
GRID       18566        0.125   0.2875  0.      
GRID       18567        0.1275  0.2875  0.      
GRID       18568        0.13    0.2875  0.      
GRID       18569        0.1325  0.2875  0.      
GRID       18570        0.135   0.2875  0.      
GRID       18571        0.1375  0.2875  0.      
GRID       18572        0.14    0.2875  0.      
GRID       18573        0.1425  0.2875  0.      
GRID       18574        0.145   0.2875  0.      
GRID       18575        0.1475  0.2875  0.      
GRID       18576        0.15    0.2875  0.      
GRID       18577        0.1525  0.2875  0.      
GRID       18578        0.155   0.2875  0.      
GRID       18579        0.1575  0.2875  0.      
GRID       18580        0.16    0.2875  0.      
GRID       18581        0.1625  0.2875  0.      
GRID       18582        0.165   0.2875  0.      
GRID       18583        0.1675  0.2875  0.      
GRID       18584        0.17    0.2875  0.      
GRID       18585        0.1725  0.2875  0.      
GRID       18586        0.175   0.2875  0.      
GRID       18587        0.1775  0.2875  0.      
GRID       18588        0.18    0.2875  0.      
GRID       18589        0.1825  0.2875  0.      
GRID       18590        0.185   0.2875  0.      
GRID       18591        0.1875  0.2875  0.      
GRID       18592        0.19    0.2875  0.      
GRID       18593        0.1925  0.2875  0.      
GRID       18594        0.195   0.2875  0.      
GRID       18595        0.1975  0.2875  0.      
GRID       18596        0.2     0.2875  0.      
GRID       18597        0.2025  0.2875  0.      
GRID       18598        0.205   0.2875  0.      
GRID       18599        0.2075  0.2875  0.      
GRID       18600        0.21    0.2875  0.      
GRID       18601        0.2125  0.2875  0.      
GRID       18602        0.215   0.2875  0.      
GRID       18603        0.2175  0.2875  0.      
GRID       18604        0.22    0.2875  0.      
GRID       18605        0.2225  0.2875  0.      
GRID       18606        0.225   0.2875  0.      
GRID       18607        0.2275  0.2875  0.      
GRID       18608        0.23    0.2875  0.      
GRID       18609        0.2325  0.2875  0.      
GRID       18610        0.235   0.2875  0.      
GRID       18611        0.2375  0.2875  0.      
GRID       18612        0.24    0.2875  0.      
GRID       18613        0.2425  0.2875  0.      
GRID       18614        0.245   0.2875  0.      
GRID       18615        0.2475  0.2875  0.      
GRID       18616        0.25    0.2875  0.      
GRID       18617        0.2525  0.2875  0.      
GRID       18618        0.255   0.2875  0.      
GRID       18619        0.2575  0.2875  0.      
GRID       18620        0.26    0.2875  0.      
GRID       18621        0.2625  0.2875  0.      
GRID       18622        0.265   0.2875  0.      
GRID       18623        0.2675  0.2875  0.      
GRID       18624        0.27    0.2875  0.      
GRID       18625        0.2725  0.2875  0.      
GRID       18626        0.275   0.2875  0.      
GRID       18627        0.2775  0.2875  0.      
GRID       18628        0.28    0.2875  0.      
GRID       18629        0.2825  0.2875  0.      
GRID       18630        0.285   0.2875  0.      
GRID       18631        0.2875  0.2875  0.      
GRID       18632        0.29    0.2875  0.      
GRID       18633        0.2925  0.2875  0.      
GRID       18634        0.295   0.2875  0.      
GRID       18635        0.2975  0.2875  0.      
GRID       18636        0.3     0.2875  0.      
GRID       18637        0.3025  0.2875  0.      
GRID       18638        0.305   0.2875  0.      
GRID       18639        0.3075  0.2875  0.      
GRID       18640        0.31    0.2875  0.      
GRID       18641        0.3125  0.2875  0.      
GRID       18642        0.315   0.2875  0.      
GRID       18643        0.3175  0.2875  0.      
GRID       18644        0.32    0.2875  0.      
GRID       18645        0.3225  0.2875  0.      
GRID       18646        0.325   0.2875  0.      
GRID       18647        0.3275  0.2875  0.      
GRID       18648        0.33    0.2875  0.      
GRID       18649        0.3325  0.2875  0.      
GRID       18650        0.335   0.2875  0.      
GRID       18651        0.3375  0.2875  0.      
GRID       18652        0.34    0.2875  0.      
GRID       18653        0.3425  0.2875  0.      
GRID       18654        0.345   0.2875  0.      
GRID       18655        0.3475  0.2875  0.      
GRID       18656        0.35    0.2875  0.      
GRID       18657        0.3525  0.2875  0.      
GRID       18658        0.355   0.2875  0.      
GRID       18659        0.3575  0.2875  0.      
GRID       18660        0.36    0.2875  0.      
GRID       18661        0.3625  0.2875  0.      
GRID       18662        0.365   0.2875  0.      
GRID       18663        0.3675  0.2875  0.      
GRID       18664        0.37    0.2875  0.      
GRID       18665        0.3725  0.2875  0.      
GRID       18666        0.375   0.2875  0.      
GRID       18667        0.3775  0.2875  0.      
GRID       18668        0.38    0.2875  0.      
GRID       18669        0.3825  0.2875  0.      
GRID       18670        0.385   0.2875  0.      
GRID       18671        0.3875  0.2875  0.      
GRID       18672        0.39    0.2875  0.      
GRID       18673        0.3925  0.2875  0.      
GRID       18674        0.395   0.2875  0.      
GRID       18675        0.3975  0.2875  0.      
GRID       18676        0.4     0.2875  0.      
GRID       18677        0.      0.29    0.      
GRID       18678        0.0025  0.29    0.      
GRID       18679        0.005   0.29    0.      
GRID       18680        0.0075  0.29    0.      
GRID       18681        0.01    0.29    0.      
GRID       18682        0.0125  0.29    0.      
GRID       18683        0.015   0.29    0.      
GRID       18684        0.0175  0.29    0.      
GRID       18685        0.02    0.29    0.      
GRID       18686        0.0225  0.29    0.      
GRID       18687        0.025   0.29    0.      
GRID       18688        0.0275  0.29    0.      
GRID       18689        0.03    0.29    0.      
GRID       18690        0.0325  0.29    0.      
GRID       18691        0.035   0.29    0.      
GRID       18692        0.0375  0.29    0.      
GRID       18693        0.04    0.29    0.      
GRID       18694        0.0425  0.29    0.      
GRID       18695        0.045   0.29    0.      
GRID       18696        0.0475  0.29    0.      
GRID       18697        0.05    0.29    0.      
GRID       18698        0.0525  0.29    0.      
GRID       18699        0.055   0.29    0.      
GRID       18700        0.0575  0.29    0.      
GRID       18701        0.06    0.29    0.      
GRID       18702        0.0625  0.29    0.      
GRID       18703        0.065   0.29    0.      
GRID       18704        0.0675  0.29    0.      
GRID       18705        0.07    0.29    0.      
GRID       18706        0.0725  0.29    0.      
GRID       18707        0.075   0.29    0.      
GRID       18708        0.0775  0.29    0.      
GRID       18709        0.08    0.29    0.      
GRID       18710        0.0825  0.29    0.      
GRID       18711        0.085   0.29    0.      
GRID       18712        0.0875  0.29    0.      
GRID       18713        0.09    0.29    0.      
GRID       18714        0.0925  0.29    0.      
GRID       18715        0.095   0.29    0.      
GRID       18716        0.0975  0.29    0.      
GRID       18717        0.1     0.29    0.      
GRID       18718        0.1025  0.29    0.      
GRID       18719        0.105   0.29    0.      
GRID       18720        0.1075  0.29    0.      
GRID       18721        0.11    0.29    0.      
GRID       18722        0.1125  0.29    0.      
GRID       18723        0.115   0.29    0.      
GRID       18724        0.1175  0.29    0.      
GRID       18725        0.12    0.29    0.      
GRID       18726        0.1225  0.29    0.      
GRID       18727        0.125   0.29    0.      
GRID       18728        0.1275  0.29    0.      
GRID       18729        0.13    0.29    0.      
GRID       18730        0.1325  0.29    0.      
GRID       18731        0.135   0.29    0.      
GRID       18732        0.1375  0.29    0.      
GRID       18733        0.14    0.29    0.      
GRID       18734        0.1425  0.29    0.      
GRID       18735        0.145   0.29    0.      
GRID       18736        0.1475  0.29    0.      
GRID       18737        0.15    0.29    0.      
GRID       18738        0.1525  0.29    0.      
GRID       18739        0.155   0.29    0.      
GRID       18740        0.1575  0.29    0.      
GRID       18741        0.16    0.29    0.      
GRID       18742        0.1625  0.29    0.      
GRID       18743        0.165   0.29    0.      
GRID       18744        0.1675  0.29    0.      
GRID       18745        0.17    0.29    0.      
GRID       18746        0.1725  0.29    0.      
GRID       18747        0.175   0.29    0.      
GRID       18748        0.1775  0.29    0.      
GRID       18749        0.18    0.29    0.      
GRID       18750        0.1825  0.29    0.      
GRID       18751        0.185   0.29    0.      
GRID       18752        0.1875  0.29    0.      
GRID       18753        0.19    0.29    0.      
GRID       18754        0.1925  0.29    0.      
GRID       18755        0.195   0.29    0.      
GRID       18756        0.1975  0.29    0.      
GRID       18757        0.2     0.29    0.      
GRID       18758        0.2025  0.29    0.      
GRID       18759        0.205   0.29    0.      
GRID       18760        0.2075  0.29    0.      
GRID       18761        0.21    0.29    0.      
GRID       18762        0.2125  0.29    0.      
GRID       18763        0.215   0.29    0.      
GRID       18764        0.2175  0.29    0.      
GRID       18765        0.22    0.29    0.      
GRID       18766        0.2225  0.29    0.      
GRID       18767        0.225   0.29    0.      
GRID       18768        0.2275  0.29    0.      
GRID       18769        0.23    0.29    0.      
GRID       18770        0.2325  0.29    0.      
GRID       18771        0.235   0.29    0.      
GRID       18772        0.2375  0.29    0.      
GRID       18773        0.24    0.29    0.      
GRID       18774        0.2425  0.29    0.      
GRID       18775        0.245   0.29    0.      
GRID       18776        0.2475  0.29    0.      
GRID       18777        0.25    0.29    0.      
GRID       18778        0.2525  0.29    0.      
GRID       18779        0.255   0.29    0.      
GRID       18780        0.2575  0.29    0.      
GRID       18781        0.26    0.29    0.      
GRID       18782        0.2625  0.29    0.      
GRID       18783        0.265   0.29    0.      
GRID       18784        0.2675  0.29    0.      
GRID       18785        0.27    0.29    0.      
GRID       18786        0.2725  0.29    0.      
GRID       18787        0.275   0.29    0.      
GRID       18788        0.2775  0.29    0.      
GRID       18789        0.28    0.29    0.      
GRID       18790        0.2825  0.29    0.      
GRID       18791        0.285   0.29    0.      
GRID       18792        0.2875  0.29    0.      
GRID       18793        0.29    0.29    0.      
GRID       18794        0.2925  0.29    0.      
GRID       18795        0.295   0.29    0.      
GRID       18796        0.2975  0.29    0.      
GRID       18797        0.3     0.29    0.      
GRID       18798        0.3025  0.29    0.      
GRID       18799        0.305   0.29    0.      
GRID       18800        0.3075  0.29    0.      
GRID       18801        0.31    0.29    0.      
GRID       18802        0.3125  0.29    0.      
GRID       18803        0.315   0.29    0.      
GRID       18804        0.3175  0.29    0.      
GRID       18805        0.32    0.29    0.      
GRID       18806        0.3225  0.29    0.      
GRID       18807        0.325   0.29    0.      
GRID       18808        0.3275  0.29    0.      
GRID       18809        0.33    0.29    0.      
GRID       18810        0.3325  0.29    0.      
GRID       18811        0.335   0.29    0.      
GRID       18812        0.3375  0.29    0.      
GRID       18813        0.34    0.29    0.      
GRID       18814        0.3425  0.29    0.      
GRID       18815        0.345   0.29    0.      
GRID       18816        0.3475  0.29    0.      
GRID       18817        0.35    0.29    0.      
GRID       18818        0.3525  0.29    0.      
GRID       18819        0.355   0.29    0.      
GRID       18820        0.3575  0.29    0.      
GRID       18821        0.36    0.29    0.      
GRID       18822        0.3625  0.29    0.      
GRID       18823        0.365   0.29    0.      
GRID       18824        0.3675  0.29    0.      
GRID       18825        0.37    0.29    0.      
GRID       18826        0.3725  0.29    0.      
GRID       18827        0.375   0.29    0.      
GRID       18828        0.3775  0.29    0.      
GRID       18829        0.38    0.29    0.      
GRID       18830        0.3825  0.29    0.      
GRID       18831        0.385   0.29    0.      
GRID       18832        0.3875  0.29    0.      
GRID       18833        0.39    0.29    0.      
GRID       18834        0.3925  0.29    0.      
GRID       18835        0.395   0.29    0.      
GRID       18836        0.3975  0.29    0.      
GRID       18837        0.4     0.29    0.      
GRID       18838        0.      0.2925  0.      
GRID       18839        0.0025  0.2925  0.      
GRID       18840        0.005   0.2925  0.      
GRID       18841        0.0075  0.2925  0.      
GRID       18842        0.01    0.2925  0.      
GRID       18843        0.0125  0.2925  0.      
GRID       18844        0.015   0.2925  0.      
GRID       18845        0.0175  0.2925  0.      
GRID       18846        0.02    0.2925  0.      
GRID       18847        0.0225  0.2925  0.      
GRID       18848        0.025   0.2925  0.      
GRID       18849        0.0275  0.2925  0.      
GRID       18850        0.03    0.2925  0.      
GRID       18851        0.0325  0.2925  0.      
GRID       18852        0.035   0.2925  0.      
GRID       18853        0.0375  0.2925  0.      
GRID       18854        0.04    0.2925  0.      
GRID       18855        0.0425  0.2925  0.      
GRID       18856        0.045   0.2925  0.      
GRID       18857        0.0475  0.2925  0.      
GRID       18858        0.05    0.2925  0.      
GRID       18859        0.0525  0.2925  0.      
GRID       18860        0.055   0.2925  0.      
GRID       18861        0.0575  0.2925  0.      
GRID       18862        0.06    0.2925  0.      
GRID       18863        0.0625  0.2925  0.      
GRID       18864        0.065   0.2925  0.      
GRID       18865        0.0675  0.2925  0.      
GRID       18866        0.07    0.2925  0.      
GRID       18867        0.0725  0.2925  0.      
GRID       18868        0.075   0.2925  0.      
GRID       18869        0.0775  0.2925  0.      
GRID       18870        0.08    0.2925  0.      
GRID       18871        0.0825  0.2925  0.      
GRID       18872        0.085   0.2925  0.      
GRID       18873        0.0875  0.2925  0.      
GRID       18874        0.09    0.2925  0.      
GRID       18875        0.0925  0.2925  0.      
GRID       18876        0.095   0.2925  0.      
GRID       18877        0.0975  0.2925  0.      
GRID       18878        0.1     0.2925  0.      
GRID       18879        0.1025  0.2925  0.      
GRID       18880        0.105   0.2925  0.      
GRID       18881        0.1075  0.2925  0.      
GRID       18882        0.11    0.2925  0.      
GRID       18883        0.1125  0.2925  0.      
GRID       18884        0.115   0.2925  0.      
GRID       18885        0.1175  0.2925  0.      
GRID       18886        0.12    0.2925  0.      
GRID       18887        0.1225  0.2925  0.      
GRID       18888        0.125   0.2925  0.      
GRID       18889        0.1275  0.2925  0.      
GRID       18890        0.13    0.2925  0.      
GRID       18891        0.1325  0.2925  0.      
GRID       18892        0.135   0.2925  0.      
GRID       18893        0.1375  0.2925  0.      
GRID       18894        0.14    0.2925  0.      
GRID       18895        0.1425  0.2925  0.      
GRID       18896        0.145   0.2925  0.      
GRID       18897        0.1475  0.2925  0.      
GRID       18898        0.15    0.2925  0.      
GRID       18899        0.1525  0.2925  0.      
GRID       18900        0.155   0.2925  0.      
GRID       18901        0.1575  0.2925  0.      
GRID       18902        0.16    0.2925  0.      
GRID       18903        0.1625  0.2925  0.      
GRID       18904        0.165   0.2925  0.      
GRID       18905        0.1675  0.2925  0.      
GRID       18906        0.17    0.2925  0.      
GRID       18907        0.1725  0.2925  0.      
GRID       18908        0.175   0.2925  0.      
GRID       18909        0.1775  0.2925  0.      
GRID       18910        0.18    0.2925  0.      
GRID       18911        0.1825  0.2925  0.      
GRID       18912        0.185   0.2925  0.      
GRID       18913        0.1875  0.2925  0.      
GRID       18914        0.19    0.2925  0.      
GRID       18915        0.1925  0.2925  0.      
GRID       18916        0.195   0.2925  0.      
GRID       18917        0.1975  0.2925  0.      
GRID       18918        0.2     0.2925  0.      
GRID       18919        0.2025  0.2925  0.      
GRID       18920        0.205   0.2925  0.      
GRID       18921        0.2075  0.2925  0.      
GRID       18922        0.21    0.2925  0.      
GRID       18923        0.2125  0.2925  0.      
GRID       18924        0.215   0.2925  0.      
GRID       18925        0.2175  0.2925  0.      
GRID       18926        0.22    0.2925  0.      
GRID       18927        0.2225  0.2925  0.      
GRID       18928        0.225   0.2925  0.      
GRID       18929        0.2275  0.2925  0.      
GRID       18930        0.23    0.2925  0.      
GRID       18931        0.2325  0.2925  0.      
GRID       18932        0.235   0.2925  0.      
GRID       18933        0.2375  0.2925  0.      
GRID       18934        0.24    0.2925  0.      
GRID       18935        0.2425  0.2925  0.      
GRID       18936        0.245   0.2925  0.      
GRID       18937        0.2475  0.2925  0.      
GRID       18938        0.25    0.2925  0.      
GRID       18939        0.2525  0.2925  0.      
GRID       18940        0.255   0.2925  0.      
GRID       18941        0.2575  0.2925  0.      
GRID       18942        0.26    0.2925  0.      
GRID       18943        0.2625  0.2925  0.      
GRID       18944        0.265   0.2925  0.      
GRID       18945        0.2675  0.2925  0.      
GRID       18946        0.27    0.2925  0.      
GRID       18947        0.2725  0.2925  0.      
GRID       18948        0.275   0.2925  0.      
GRID       18949        0.2775  0.2925  0.      
GRID       18950        0.28    0.2925  0.      
GRID       18951        0.2825  0.2925  0.      
GRID       18952        0.285   0.2925  0.      
GRID       18953        0.2875  0.2925  0.      
GRID       18954        0.29    0.2925  0.      
GRID       18955        0.2925  0.2925  0.      
GRID       18956        0.295   0.2925  0.      
GRID       18957        0.2975  0.2925  0.      
GRID       18958        0.3     0.2925  0.      
GRID       18959        0.3025  0.2925  0.      
GRID       18960        0.305   0.2925  0.      
GRID       18961        0.3075  0.2925  0.      
GRID       18962        0.31    0.2925  0.      
GRID       18963        0.3125  0.2925  0.      
GRID       18964        0.315   0.2925  0.      
GRID       18965        0.3175  0.2925  0.      
GRID       18966        0.32    0.2925  0.      
GRID       18967        0.3225  0.2925  0.      
GRID       18968        0.325   0.2925  0.      
GRID       18969        0.3275  0.2925  0.      
GRID       18970        0.33    0.2925  0.      
GRID       18971        0.3325  0.2925  0.      
GRID       18972        0.335   0.2925  0.      
GRID       18973        0.3375  0.2925  0.      
GRID       18974        0.34    0.2925  0.      
GRID       18975        0.3425  0.2925  0.      
GRID       18976        0.345   0.2925  0.      
GRID       18977        0.3475  0.2925  0.      
GRID       18978        0.35    0.2925  0.      
GRID       18979        0.3525  0.2925  0.      
GRID       18980        0.355   0.2925  0.      
GRID       18981        0.3575  0.2925  0.      
GRID       18982        0.36    0.2925  0.      
GRID       18983        0.3625  0.2925  0.      
GRID       18984        0.365   0.2925  0.      
GRID       18985        0.3675  0.2925  0.      
GRID       18986        0.37    0.2925  0.      
GRID       18987        0.3725  0.2925  0.      
GRID       18988        0.375   0.2925  0.      
GRID       18989        0.3775  0.2925  0.      
GRID       18990        0.38    0.2925  0.      
GRID       18991        0.3825  0.2925  0.      
GRID       18992        0.385   0.2925  0.      
GRID       18993        0.3875  0.2925  0.      
GRID       18994        0.39    0.2925  0.      
GRID       18995        0.3925  0.2925  0.      
GRID       18996        0.395   0.2925  0.      
GRID       18997        0.3975  0.2925  0.      
GRID       18998        0.4     0.2925  0.      
GRID       18999        0.      0.295   0.      
GRID       19000        0.0025  0.295   0.      
GRID       19001        0.005   0.295   0.      
GRID       19002        0.0075  0.295   0.      
GRID       19003        0.01    0.295   0.      
GRID       19004        0.0125  0.295   0.      
GRID       19005        0.015   0.295   0.      
GRID       19006        0.0175  0.295   0.      
GRID       19007        0.02    0.295   0.      
GRID       19008        0.0225  0.295   0.      
GRID       19009        0.025   0.295   0.      
GRID       19010        0.0275  0.295   0.      
GRID       19011        0.03    0.295   0.      
GRID       19012        0.0325  0.295   0.      
GRID       19013        0.035   0.295   0.      
GRID       19014        0.0375  0.295   0.      
GRID       19015        0.04    0.295   0.      
GRID       19016        0.0425  0.295   0.      
GRID       19017        0.045   0.295   0.      
GRID       19018        0.0475  0.295   0.      
GRID       19019        0.05    0.295   0.      
GRID       19020        0.0525  0.295   0.      
GRID       19021        0.055   0.295   0.      
GRID       19022        0.0575  0.295   0.      
GRID       19023        0.06    0.295   0.      
GRID       19024        0.0625  0.295   0.      
GRID       19025        0.065   0.295   0.      
GRID       19026        0.0675  0.295   0.      
GRID       19027        0.07    0.295   0.      
GRID       19028        0.0725  0.295   0.      
GRID       19029        0.075   0.295   0.      
GRID       19030        0.0775  0.295   0.      
GRID       19031        0.08    0.295   0.      
GRID       19032        0.0825  0.295   0.      
GRID       19033        0.085   0.295   0.      
GRID       19034        0.0875  0.295   0.      
GRID       19035        0.09    0.295   0.      
GRID       19036        0.0925  0.295   0.      
GRID       19037        0.095   0.295   0.      
GRID       19038        0.0975  0.295   0.      
GRID       19039        0.1     0.295   0.      
GRID       19040        0.1025  0.295   0.      
GRID       19041        0.105   0.295   0.      
GRID       19042        0.1075  0.295   0.      
GRID       19043        0.11    0.295   0.      
GRID       19044        0.1125  0.295   0.      
GRID       19045        0.115   0.295   0.      
GRID       19046        0.1175  0.295   0.      
GRID       19047        0.12    0.295   0.      
GRID       19048        0.1225  0.295   0.      
GRID       19049        0.125   0.295   0.      
GRID       19050        0.1275  0.295   0.      
GRID       19051        0.13    0.295   0.      
GRID       19052        0.1325  0.295   0.      
GRID       19053        0.135   0.295   0.      
GRID       19054        0.1375  0.295   0.      
GRID       19055        0.14    0.295   0.      
GRID       19056        0.1425  0.295   0.      
GRID       19057        0.145   0.295   0.      
GRID       19058        0.1475  0.295   0.      
GRID       19059        0.15    0.295   0.      
GRID       19060        0.1525  0.295   0.      
GRID       19061        0.155   0.295   0.      
GRID       19062        0.1575  0.295   0.      
GRID       19063        0.16    0.295   0.      
GRID       19064        0.1625  0.295   0.      
GRID       19065        0.165   0.295   0.      
GRID       19066        0.1675  0.295   0.      
GRID       19067        0.17    0.295   0.      
GRID       19068        0.1725  0.295   0.      
GRID       19069        0.175   0.295   0.      
GRID       19070        0.1775  0.295   0.      
GRID       19071        0.18    0.295   0.      
GRID       19072        0.1825  0.295   0.      
GRID       19073        0.185   0.295   0.      
GRID       19074        0.1875  0.295   0.      
GRID       19075        0.19    0.295   0.      
GRID       19076        0.1925  0.295   0.      
GRID       19077        0.195   0.295   0.      
GRID       19078        0.1975  0.295   0.      
GRID       19079        0.2     0.295   0.      
GRID       19080        0.2025  0.295   0.      
GRID       19081        0.205   0.295   0.      
GRID       19082        0.2075  0.295   0.      
GRID       19083        0.21    0.295   0.      
GRID       19084        0.2125  0.295   0.      
GRID       19085        0.215   0.295   0.      
GRID       19086        0.2175  0.295   0.      
GRID       19087        0.22    0.295   0.      
GRID       19088        0.2225  0.295   0.      
GRID       19089        0.225   0.295   0.      
GRID       19090        0.2275  0.295   0.      
GRID       19091        0.23    0.295   0.      
GRID       19092        0.2325  0.295   0.      
GRID       19093        0.235   0.295   0.      
GRID       19094        0.2375  0.295   0.      
GRID       19095        0.24    0.295   0.      
GRID       19096        0.2425  0.295   0.      
GRID       19097        0.245   0.295   0.      
GRID       19098        0.2475  0.295   0.      
GRID       19099        0.25    0.295   0.      
GRID       19100        0.2525  0.295   0.      
GRID       19101        0.255   0.295   0.      
GRID       19102        0.2575  0.295   0.      
GRID       19103        0.26    0.295   0.      
GRID       19104        0.2625  0.295   0.      
GRID       19105        0.265   0.295   0.      
GRID       19106        0.2675  0.295   0.      
GRID       19107        0.27    0.295   0.      
GRID       19108        0.2725  0.295   0.      
GRID       19109        0.275   0.295   0.      
GRID       19110        0.2775  0.295   0.      
GRID       19111        0.28    0.295   0.      
GRID       19112        0.2825  0.295   0.      
GRID       19113        0.285   0.295   0.      
GRID       19114        0.2875  0.295   0.      
GRID       19115        0.29    0.295   0.      
GRID       19116        0.2925  0.295   0.      
GRID       19117        0.295   0.295   0.      
GRID       19118        0.2975  0.295   0.      
GRID       19119        0.3     0.295   0.      
GRID       19120        0.3025  0.295   0.      
GRID       19121        0.305   0.295   0.      
GRID       19122        0.3075  0.295   0.      
GRID       19123        0.31    0.295   0.      
GRID       19124        0.3125  0.295   0.      
GRID       19125        0.315   0.295   0.      
GRID       19126        0.3175  0.295   0.      
GRID       19127        0.32    0.295   0.      
GRID       19128        0.3225  0.295   0.      
GRID       19129        0.325   0.295   0.      
GRID       19130        0.3275  0.295   0.      
GRID       19131        0.33    0.295   0.      
GRID       19132        0.3325  0.295   0.      
GRID       19133        0.335   0.295   0.      
GRID       19134        0.3375  0.295   0.      
GRID       19135        0.34    0.295   0.      
GRID       19136        0.3425  0.295   0.      
GRID       19137        0.345   0.295   0.      
GRID       19138        0.3475  0.295   0.      
GRID       19139        0.35    0.295   0.      
GRID       19140        0.3525  0.295   0.      
GRID       19141        0.355   0.295   0.      
GRID       19142        0.3575  0.295   0.      
GRID       19143        0.36    0.295   0.      
GRID       19144        0.3625  0.295   0.      
GRID       19145        0.365   0.295   0.      
GRID       19146        0.3675  0.295   0.      
GRID       19147        0.37    0.295   0.      
GRID       19148        0.3725  0.295   0.      
GRID       19149        0.375   0.295   0.      
GRID       19150        0.3775  0.295   0.      
GRID       19151        0.38    0.295   0.      
GRID       19152        0.3825  0.295   0.      
GRID       19153        0.385   0.295   0.      
GRID       19154        0.3875  0.295   0.      
GRID       19155        0.39    0.295   0.      
GRID       19156        0.3925  0.295   0.      
GRID       19157        0.395   0.295   0.      
GRID       19158        0.3975  0.295   0.      
GRID       19159        0.4     0.295   0.      
GRID       19160        0.      0.2975  0.      
GRID       19161        0.0025  0.2975  0.      
GRID       19162        0.005   0.2975  0.      
GRID       19163        0.0075  0.2975  0.      
GRID       19164        0.01    0.2975  0.      
GRID       19165        0.0125  0.2975  0.      
GRID       19166        0.015   0.2975  0.      
GRID       19167        0.0175  0.2975  0.      
GRID       19168        0.02    0.2975  0.      
GRID       19169        0.0225  0.2975  0.      
GRID       19170        0.025   0.2975  0.      
GRID       19171        0.0275  0.2975  0.      
GRID       19172        0.03    0.2975  0.      
GRID       19173        0.0325  0.2975  0.      
GRID       19174        0.035   0.2975  0.      
GRID       19175        0.0375  0.2975  0.      
GRID       19176        0.04    0.2975  0.      
GRID       19177        0.0425  0.2975  0.      
GRID       19178        0.045   0.2975  0.      
GRID       19179        0.0475  0.2975  0.      
GRID       19180        0.05    0.2975  0.      
GRID       19181        0.0525  0.2975  0.      
GRID       19182        0.055   0.2975  0.      
GRID       19183        0.0575  0.2975  0.      
GRID       19184        0.06    0.2975  0.      
GRID       19185        0.0625  0.2975  0.      
GRID       19186        0.065   0.2975  0.      
GRID       19187        0.0675  0.2975  0.      
GRID       19188        0.07    0.2975  0.      
GRID       19189        0.0725  0.2975  0.      
GRID       19190        0.075   0.2975  0.      
GRID       19191        0.0775  0.2975  0.      
GRID       19192        0.08    0.2975  0.      
GRID       19193        0.0825  0.2975  0.      
GRID       19194        0.085   0.2975  0.      
GRID       19195        0.0875  0.2975  0.      
GRID       19196        0.09    0.2975  0.      
GRID       19197        0.0925  0.2975  0.      
GRID       19198        0.095   0.2975  0.      
GRID       19199        0.0975  0.2975  0.      
GRID       19200        0.1     0.2975  0.      
GRID       19201        0.1025  0.2975  0.      
GRID       19202        0.105   0.2975  0.      
GRID       19203        0.1075  0.2975  0.      
GRID       19204        0.11    0.2975  0.      
GRID       19205        0.1125  0.2975  0.      
GRID       19206        0.115   0.2975  0.      
GRID       19207        0.1175  0.2975  0.      
GRID       19208        0.12    0.2975  0.      
GRID       19209        0.1225  0.2975  0.      
GRID       19210        0.125   0.2975  0.      
GRID       19211        0.1275  0.2975  0.      
GRID       19212        0.13    0.2975  0.      
GRID       19213        0.1325  0.2975  0.      
GRID       19214        0.135   0.2975  0.      
GRID       19215        0.1375  0.2975  0.      
GRID       19216        0.14    0.2975  0.      
GRID       19217        0.1425  0.2975  0.      
GRID       19218        0.145   0.2975  0.      
GRID       19219        0.1475  0.2975  0.      
GRID       19220        0.15    0.2975  0.      
GRID       19221        0.1525  0.2975  0.      
GRID       19222        0.155   0.2975  0.      
GRID       19223        0.1575  0.2975  0.      
GRID       19224        0.16    0.2975  0.      
GRID       19225        0.1625  0.2975  0.      
GRID       19226        0.165   0.2975  0.      
GRID       19227        0.1675  0.2975  0.      
GRID       19228        0.17    0.2975  0.      
GRID       19229        0.1725  0.2975  0.      
GRID       19230        0.175   0.2975  0.      
GRID       19231        0.1775  0.2975  0.      
GRID       19232        0.18    0.2975  0.      
GRID       19233        0.1825  0.2975  0.      
GRID       19234        0.185   0.2975  0.      
GRID       19235        0.1875  0.2975  0.      
GRID       19236        0.19    0.2975  0.      
GRID       19237        0.1925  0.2975  0.      
GRID       19238        0.195   0.2975  0.      
GRID       19239        0.1975  0.2975  0.      
GRID       19240        0.2     0.2975  0.      
GRID       19241        0.2025  0.2975  0.      
GRID       19242        0.205   0.2975  0.      
GRID       19243        0.2075  0.2975  0.      
GRID       19244        0.21    0.2975  0.      
GRID       19245        0.2125  0.2975  0.      
GRID       19246        0.215   0.2975  0.      
GRID       19247        0.2175  0.2975  0.      
GRID       19248        0.22    0.2975  0.      
GRID       19249        0.2225  0.2975  0.      
GRID       19250        0.225   0.2975  0.      
GRID       19251        0.2275  0.2975  0.      
GRID       19252        0.23    0.2975  0.      
GRID       19253        0.2325  0.2975  0.      
GRID       19254        0.235   0.2975  0.      
GRID       19255        0.2375  0.2975  0.      
GRID       19256        0.24    0.2975  0.      
GRID       19257        0.2425  0.2975  0.      
GRID       19258        0.245   0.2975  0.      
GRID       19259        0.2475  0.2975  0.      
GRID       19260        0.25    0.2975  0.      
GRID       19261        0.2525  0.2975  0.      
GRID       19262        0.255   0.2975  0.      
GRID       19263        0.2575  0.2975  0.      
GRID       19264        0.26    0.2975  0.      
GRID       19265        0.2625  0.2975  0.      
GRID       19266        0.265   0.2975  0.      
GRID       19267        0.2675  0.2975  0.      
GRID       19268        0.27    0.2975  0.      
GRID       19269        0.2725  0.2975  0.      
GRID       19270        0.275   0.2975  0.      
GRID       19271        0.2775  0.2975  0.      
GRID       19272        0.28    0.2975  0.      
GRID       19273        0.2825  0.2975  0.      
GRID       19274        0.285   0.2975  0.      
GRID       19275        0.2875  0.2975  0.      
GRID       19276        0.29    0.2975  0.      
GRID       19277        0.2925  0.2975  0.      
GRID       19278        0.295   0.2975  0.      
GRID       19279        0.2975  0.2975  0.      
GRID       19280        0.3     0.2975  0.      
GRID       19281        0.3025  0.2975  0.      
GRID       19282        0.305   0.2975  0.      
GRID       19283        0.3075  0.2975  0.      
GRID       19284        0.31    0.2975  0.      
GRID       19285        0.3125  0.2975  0.      
GRID       19286        0.315   0.2975  0.      
GRID       19287        0.3175  0.2975  0.      
GRID       19288        0.32    0.2975  0.      
GRID       19289        0.3225  0.2975  0.      
GRID       19290        0.325   0.2975  0.      
GRID       19291        0.3275  0.2975  0.      
GRID       19292        0.33    0.2975  0.      
GRID       19293        0.3325  0.2975  0.      
GRID       19294        0.335   0.2975  0.      
GRID       19295        0.3375  0.2975  0.      
GRID       19296        0.34    0.2975  0.      
GRID       19297        0.3425  0.2975  0.      
GRID       19298        0.345   0.2975  0.      
GRID       19299        0.3475  0.2975  0.      
GRID       19300        0.35    0.2975  0.      
GRID       19301        0.3525  0.2975  0.      
GRID       19302        0.355   0.2975  0.      
GRID       19303        0.3575  0.2975  0.      
GRID       19304        0.36    0.2975  0.      
GRID       19305        0.3625  0.2975  0.      
GRID       19306        0.365   0.2975  0.      
GRID       19307        0.3675  0.2975  0.      
GRID       19308        0.37    0.2975  0.      
GRID       19309        0.3725  0.2975  0.      
GRID       19310        0.375   0.2975  0.      
GRID       19311        0.3775  0.2975  0.      
GRID       19312        0.38    0.2975  0.      
GRID       19313        0.3825  0.2975  0.      
GRID       19314        0.385   0.2975  0.      
GRID       19315        0.3875  0.2975  0.      
GRID       19316        0.39    0.2975  0.      
GRID       19317        0.3925  0.2975  0.      
GRID       19318        0.395   0.2975  0.      
GRID       19319        0.3975  0.2975  0.      
GRID       19320        0.4     0.2975  0.      
GRID       19321        0.      0.3     0.      
GRID       19322        0.0025  0.3     0.      
GRID       19323        0.005   0.3     0.      
GRID       19324        0.0075  0.3     0.      
GRID       19325        0.01    0.3     0.      
GRID       19326        0.0125  0.3     0.      
GRID       19327        0.015   0.3     0.      
GRID       19328        0.0175  0.3     0.      
GRID       19329        0.02    0.3     0.      
GRID       19330        0.0225  0.3     0.      
GRID       19331        0.025   0.3     0.      
GRID       19332        0.0275  0.3     0.      
GRID       19333        0.03    0.3     0.      
GRID       19334        0.0325  0.3     0.      
GRID       19335        0.035   0.3     0.      
GRID       19336        0.0375  0.3     0.      
GRID       19337        0.04    0.3     0.      
GRID       19338        0.0425  0.3     0.      
GRID       19339        0.045   0.3     0.      
GRID       19340        0.0475  0.3     0.      
GRID       19341        0.05    0.3     0.      
GRID       19342        0.0525  0.3     0.      
GRID       19343        0.055   0.3     0.      
GRID       19344        0.0575  0.3     0.      
GRID       19345        0.06    0.3     0.      
GRID       19346        0.0625  0.3     0.      
GRID       19347        0.065   0.3     0.      
GRID       19348        0.0675  0.3     0.      
GRID       19349        0.07    0.3     0.      
GRID       19350        0.0725  0.3     0.      
GRID       19351        0.075   0.3     0.      
GRID       19352        0.0775  0.3     0.      
GRID       19353        0.08    0.3     0.      
GRID       19354        0.0825  0.3     0.      
GRID       19355        0.085   0.3     0.      
GRID       19356        0.0875  0.3     0.      
GRID       19357        0.09    0.3     0.      
GRID       19358        0.0925  0.3     0.      
GRID       19359        0.095   0.3     0.      
GRID       19360        0.0975  0.3     0.      
GRID       19361        0.1     0.3     0.      
GRID       19362        0.1025  0.3     0.      
GRID       19363        0.105   0.3     0.      
GRID       19364        0.1075  0.3     0.      
GRID       19365        0.11    0.3     0.      
GRID       19366        0.1125  0.3     0.      
GRID       19367        0.115   0.3     0.      
GRID       19368        0.1175  0.3     0.      
GRID       19369        0.12    0.3     0.      
GRID       19370        0.1225  0.3     0.      
GRID       19371        0.125   0.3     0.      
GRID       19372        0.1275  0.3     0.      
GRID       19373        0.13    0.3     0.      
GRID       19374        0.1325  0.3     0.      
GRID       19375        0.135   0.3     0.      
GRID       19376        0.1375  0.3     0.      
GRID       19377        0.14    0.3     0.      
GRID       19378        0.1425  0.3     0.      
GRID       19379        0.145   0.3     0.      
GRID       19380        0.1475  0.3     0.      
GRID       19381        0.15    0.3     0.      
GRID       19382        0.1525  0.3     0.      
GRID       19383        0.155   0.3     0.      
GRID       19384        0.1575  0.3     0.      
GRID       19385        0.16    0.3     0.      
GRID       19386        0.1625  0.3     0.      
GRID       19387        0.165   0.3     0.      
GRID       19388        0.1675  0.3     0.      
GRID       19389        0.17    0.3     0.      
GRID       19390        0.1725  0.3     0.      
GRID       19391        0.175   0.3     0.      
GRID       19392        0.1775  0.3     0.      
GRID       19393        0.18    0.3     0.      
GRID       19394        0.1825  0.3     0.      
GRID       19395        0.185   0.3     0.      
GRID       19396        0.1875  0.3     0.      
GRID       19397        0.19    0.3     0.      
GRID       19398        0.1925  0.3     0.      
GRID       19399        0.195   0.3     0.      
GRID       19400        0.1975  0.3     0.      
GRID       19401        0.2     0.3     0.      
GRID       19402        0.2025  0.3     0.      
GRID       19403        0.205   0.3     0.      
GRID       19404        0.2075  0.3     0.      
GRID       19405        0.21    0.3     0.      
GRID       19406        0.2125  0.3     0.      
GRID       19407        0.215   0.3     0.      
GRID       19408        0.2175  0.3     0.      
GRID       19409        0.22    0.3     0.      
GRID       19410        0.2225  0.3     0.      
GRID       19411        0.225   0.3     0.      
GRID       19412        0.2275  0.3     0.      
GRID       19413        0.23    0.3     0.      
GRID       19414        0.2325  0.3     0.      
GRID       19415        0.235   0.3     0.      
GRID       19416        0.2375  0.3     0.      
GRID       19417        0.24    0.3     0.      
GRID       19418        0.2425  0.3     0.      
GRID       19419        0.245   0.3     0.      
GRID       19420        0.2475  0.3     0.      
GRID       19421        0.25    0.3     0.      
GRID       19422        0.2525  0.3     0.      
GRID       19423        0.255   0.3     0.      
GRID       19424        0.2575  0.3     0.      
GRID       19425        0.26    0.3     0.      
GRID       19426        0.2625  0.3     0.      
GRID       19427        0.265   0.3     0.      
GRID       19428        0.2675  0.3     0.      
GRID       19429        0.27    0.3     0.      
GRID       19430        0.2725  0.3     0.      
GRID       19431        0.275   0.3     0.      
GRID       19432        0.2775  0.3     0.      
GRID       19433        0.28    0.3     0.      
GRID       19434        0.2825  0.3     0.      
GRID       19435        0.285   0.3     0.      
GRID       19436        0.2875  0.3     0.      
GRID       19437        0.29    0.3     0.      
GRID       19438        0.2925  0.3     0.      
GRID       19439        0.295   0.3     0.      
GRID       19440        0.2975  0.3     0.      
GRID       19441        0.3     0.3     0.      
GRID       19442        0.3025  0.3     0.      
GRID       19443        0.305   0.3     0.      
GRID       19444        0.3075  0.3     0.      
GRID       19445        0.31    0.3     0.      
GRID       19446        0.3125  0.3     0.      
GRID       19447        0.315   0.3     0.      
GRID       19448        0.3175  0.3     0.      
GRID       19449        0.32    0.3     0.      
GRID       19450        0.3225  0.3     0.      
GRID       19451        0.325   0.3     0.      
GRID       19452        0.3275  0.3     0.      
GRID       19453        0.33    0.3     0.      
GRID       19454        0.3325  0.3     0.      
GRID       19455        0.335   0.3     0.      
GRID       19456        0.3375  0.3     0.      
GRID       19457        0.34    0.3     0.      
GRID       19458        0.3425  0.3     0.      
GRID       19459        0.345   0.3     0.      
GRID       19460        0.3475  0.3     0.      
GRID       19461        0.35    0.3     0.      
GRID       19462        0.3525  0.3     0.      
GRID       19463        0.355   0.3     0.      
GRID       19464        0.3575  0.3     0.      
GRID       19465        0.36    0.3     0.      
GRID       19466        0.3625  0.3     0.      
GRID       19467        0.365   0.3     0.      
GRID       19468        0.3675  0.3     0.      
GRID       19469        0.37    0.3     0.      
GRID       19470        0.3725  0.3     0.      
GRID       19471        0.375   0.3     0.      
GRID       19472        0.3775  0.3     0.      
GRID       19473        0.38    0.3     0.      
GRID       19474        0.3825  0.3     0.      
GRID       19475        0.385   0.3     0.      
GRID       19476        0.3875  0.3     0.      
GRID       19477        0.39    0.3     0.      
GRID       19478        0.3925  0.3     0.      
GRID       19479        0.395   0.3     0.      
GRID       19480        0.3975  0.3     0.      
GRID       19481        0.4     0.3     0.      
